CDR3,count,relative.frequency
CAFDSRSLTYLFIQQF,3,0.00958466453674
CAFDSWSLTYLFIQQF,2,0.00638977635783
CAFISQCSKFLFMEQF,2,0.00638977635783
CAFKSRSLTFLFIEQF,2,0.00638977635783
CAFNSQGLTFLFIDEF,2,0.00638977635783
CAFNSQNCIILLIEQF,2,0.00638977635783
CAFNSQSFTYLFVQQF,5,0.0159744408946
CAFNSQSITFLLMENF,2,0.00638977635783
CAFNSQSLNFLFIEQF,3,0.00958466453674
CAFNSQSLTFISIEQF,2,0.00638977635783
CAFNSQSLTFLFIDEF,80,0.255591054313
CAFNSQSLTFLFIEQF,2,0.00638977635783
CAFNSQSLTFLFIQQF,6,0.0191693290735
CAFNSQSSTCLMMEQF,7,0.0223642172524
CAFNSQSSTFLFIDEF,3,0.00958466453674
CAFNSRSLNFLFIEQF,2,0.00638977635783
CAFNSWSSTFLLIQQF,5,0.0159744408946
CAFSSQSFTFLFIEQF,3,0.00958466453674
CAFSSQSSTSLLIEHF,2,0.00638977635783
CAGALAACPGCLALRF,5,0.0159744408946
CALISQRRNFLLIEQF,2,0.00638977635783
CALNSQCLTLLFIEHF,92,0.29392971246
CALNSQCLTLLFIEHFGNSQF,5,0.0159744408946
CALNSQCLTLLLIEHF,3,0.00958466453674
CALNSQSGTLRFTEQF,2,0.00638977635783
CASGGSYIPTF,2,0.00638977635783
CAVCPQFTELNLWIQHF,2,0.00638977635783
CAYSGAGSYQLTF,2,0.00638977635783
CDAAIRVCVVRIYPLFLTF,2,0.00638977635783
CDNNNDMRF,4,0.0127795527157
CESILYDSIPFKSITF,2,0.00638977635783
CGCENSGGSNYKLTF,2,0.00638977635783
CGSPHLLLPITSSSEIGGF,4,0.0127795527157
CIPFHSIPFHSVAFHSITF,2,0.00638977635783
CIPFHSIQFHSVPFHSITF,3,0.00958466453674
CIPSHSIPFQSVAFHSITF,2,0.00638977635783
CISFHSIQFHSVPFHSITF,2,0.00638977635783
CLHSVIGTEYRRLTMEF,2,0.00638977635783
CLILRPGLLLQMGGSGGF,2,0.00638977635783
CLLHAPHVQDGVLGLVRGAF,2,0.00638977635783
CLVTFIFYVQYIIHIF,6,0.0191693290735
CLVTFMFYVQYIIHIF,2,0.00638977635783
CQTGANNLFF,14,0.0447284345048
CSAMCAFNSQSLTFLFIQQF,3,0.00958466453674
CTVYYKCLVTFIFYVQYIIHIF,3,0.00958466453674
CVFNSRSLTFLLMEQF,4,0.0127795527157
CYSSLDSCPTILDDLMLLF,2,0.00638977635783
