VJ,count,relative.frequency
IGKV1-IGKJ3,2,0.0689655172414
IGKV3-IGKJ2,2,0.0689655172414
IGKV3-IGKJ4,25,0.862068965517
