CDR3,count,relative.frequency
CAISVGGDEQYF,2,0.153846153846
CAKSKGYTF,5,0.384615384615
CASIKNTGELFF,2,0.153846153846
CASSFWGLETEAFF,2,0.153846153846
CASSLGQGREQYF,2,0.153846153846
