VJ,count,relative.frequency
TRDV1-TRDJ4,14,0.608695652174
TRDV2-TRDJ4,3,0.130434782609
TRDV3-TRDJ4,6,0.260869565217
