CDR3,count,relative.frequency
CARDRIF,2,0.0246913580247
CAREVRITIF,2,0.0246913580247
CARGRMRIF,14,0.172839506173
CCSYADSRTVIF,19,0.234567901235
CCSYAGFSTLIF,2,0.0246913580247
CCSYAGSVGLIF,2,0.0246913580247
CEQSYNSPFIF,6,0.0740740740741
CGSYTINSAPVIF,3,0.037037037037
CQQFHTRPLTF,3,0.037037037037
CQQRSDSRALIF,2,0.0246913580247
CQQSYGPPLIF,2,0.0246913580247
CQQSYSTPLIF,2,0.0246913580247
CQQTLTAPLTF,2,0.0246913580247
CQSSDNIRPLF,2,0.0246913580247
CSSFTSTNTLIF,5,0.0617283950617
CSSYSAGSSLIF,6,0.0740740740741
CSSYTIRTNLIF,2,0.0246913580247
CSSYTSRLNLIF,3,0.037037037037
CYQSYSTPLIF,2,0.0246913580247
