CDR3,count,relative.frequency
CANYGYTF,5,0.111111111111
CASGQGADTQYF,3,0.0666666666667
CASSDRVREEAFF,2,0.0444444444444
CSNQPQHF,19,0.422222222222
CSYNSPLHF,16,0.355555555556
