CDR3,count,relative.frequency
CALPISGTYKYIF,2,0.0454545454545
CANQAGTALIF,2,0.0454545454545
CASGGSYIPTF,7,0.159090909091
CDNNNDMRF,2,0.0454545454545
CGMDSSYKLIF,2,0.0454545454545
CQTGANNLFF,29,0.659090909091
