CDR3,count,relative.frequency
CANYGYTF,13,0.224137931034
CASRRDRVSNQPQHF,2,0.0344827586207
CSNQPQHF,15,0.258620689655
CSYNEQFF,4,0.0689655172414
CSYNSPLHF,24,0.413793103448
