VJ,count,relative.frequency
TRAV12-TRAJ35,2,0.0645161290323
TRAV26-TRAJ48,4,0.129032258065
TRAV36/DV7-TRAJ36,25,0.806451612903
