CDR3,count,relative.frequency
CANYGYTF,17,0.314814814815
CSNQPQHF,22,0.407407407407
CSYNSPLHF,15,0.277777777778
