VJ,count,relative.frequency
TRAV26-TRAJ35,2,0.333333333333
TRAV34-TRAJ35,2,0.333333333333
TRAV36/DV7-TRAJ36,2,0.333333333333
