CDR3,count,relative.frequency
CANYGYTF,7,0.269230769231
CSNQPQHF,8,0.307692307692
CSYNSPLHF,11,0.423076923077
