CDR3,count,relative.frequency
CAKEYSATALDVW,2,0.0833333333333
CARGGVPTYYFNIW,2,0.0833333333333
CARHALWRFDYW,6,0.25
CARLNSFFDYW,5,0.208333333333
CARRSGSHIFDFW,2,0.0833333333333
CSRDDYW,5,0.208333333333
CTADLGFYYW,2,0.0833333333333
