CDR3,count,relative.frequency
CAAWDDSLNGWVF,2,0.0112359550562
CAAWDDSLNGYVF,2,0.0112359550562
CAAWDDSLNVAVF,7,0.0393258426966
CAAWDDSLSGLVF,7,0.0393258426966
CGTWDSSLSAVVF,2,0.0112359550562
CGTWDSSLSVVVF,3,0.0168539325843
CGTWDTSLSAGVF,2,0.0112359550562
CGTWDTSLSAWVF,4,0.0224719101124
CLLSDSGGRVF,3,0.0168539325843
CLLYYGSAQLVF,3,0.0168539325843
CNSRDSSGYLLVF,2,0.0112359550562
CQAWDGSTVVF,2,0.0112359550562
CQAWDSRTHVVF,4,0.0224719101124
CQAWDSSTEVF,5,0.0280898876404
CQAWDSSTVVF,9,0.0505617977528
CQAWDSTTLYVF,2,0.0112359550562
CQSADNSATLLVF,2,0.0112359550562
CQSADSGGTYPVF,5,0.0280898876404
CQSADSGGTYVVF,2,0.0112359550562
CQSADSTNWVF,2,0.0112359550562
CQSADTSGTYRVF,8,0.0449438202247
CQSWDSSTFVF,2,0.0112359550562
CQSYDSSLDAYVF,21,0.11797752809
CQSYDSYNVVF,2,0.0112359550562
CQSYNSSHVVF,2,0.0112359550562
CQTWDSSTAIF,2,0.0112359550562
CQTWGTGMVF,4,0.0224719101124
CQVWDSNSDHYVF,41,0.230337078652
CQVWDSPSDHVVF,2,0.0112359550562
CQVWDSTSDPVVF,2,0.0112359550562
CQVWDTSSDHPLF,2,0.0112359550562
CQVWESSGDHPVF,2,0.0112359550562
CSSYAGSNNMVF,2,0.0112359550562
CSSYAGSNNRNWVF,2,0.0112359550562
CSSYRSSSTWVF,2,0.0112359550562
CSSYTSSSTLVF,3,0.0168539325843
CSSYTSSSTRVF,2,0.0112359550562
CVLYLGSGISVF,7,0.0393258426966
