CDR3,count,relative.frequency
CAAWDDSLKAFVF,2,0.0238095238095
CARVRGGGF,2,0.0238095238095
CATGHPQGF,4,0.047619047619
CAVSETGNQFYF,3,0.0357142857143
CGKDSSGF,2,0.0238095238095
CGSPEAF,6,0.0714285714286
CGTIIYGCVF,2,0.0238095238095
CISFLFFSFF,2,0.0238095238095
CLLLYILCCSTF,2,0.0238095238095
CLLRSQPKQSF,2,0.0238095238095
CLLYLGSGIVLF,5,0.0595238095238
CLQYNAYLYTF,3,0.0357142857143
CMHATHWPMYTF,2,0.0238095238095
CMQSLDTPPYTF,5,0.0595238095238
CQHYHSDPWTF,2,0.0238095238095
CQHYNHWDMYTF,2,0.0238095238095
CQLYGTGDWVF,2,0.0238095238095
CQQANTFPHTF,4,0.047619047619
CQQFDLFPWTF,2,0.0238095238095
CQQGDVLFTF,6,0.0714285714286
CQQHYDTLTF,2,0.0238095238095
CQQSFSSPRTF,4,0.047619047619
CQQYDTPVGF,2,0.0238095238095
CQQYDTSVGF,2,0.0238095238095
CQQYYRRPPTF,2,0.0238095238095
CQVWDTNTEVF,2,0.0238095238095
CSDVIIARYGF,2,0.0238095238095
CSSDAYNTACGF,2,0.0238095238095
CVLYMGSGIVLF,4,0.047619047619
CVRDHWF,2,0.0238095238095
