CDR3,count,relative.frequency
CANYGYTF,12,0.413793103448
CSNQPQHF,10,0.344827586207
CSYNSPLHF,7,0.241379310345
