VJ,count,relative.frequency
TRAV34-TRAJ35,4,0.285714285714
TRAV36/DV7-TRAJ36,10,0.714285714286
