CDR3,count,relative.frequency
CANYGYTF,10,0.12987012987
CSNQPQHF,38,0.493506493506
CSYNEQFF,2,0.025974025974
CSYNSPLHF,27,0.350649350649
