CDR3,count,relative.frequency
CANQAGTALIF,5,0.102040816327
CASGGSYIPTF,3,0.0612244897959
CDNNNDMRF,2,0.0408163265306
CGMDSSYKLIF,3,0.0612244897959
CGSPHLLLPITSSSEIGGF,5,0.102040816327
CQTGANNLFF,29,0.591836734694
CSASFHCANQAGTALIF,2,0.0408163265306
