CDR3,count,relative.frequency
CANYGYTF,32,0.438356164384
CSNQPQHF,25,0.342465753425
CSYNSPLHF,16,0.219178082192
