CDR3,count,relative.frequency
CAFNSQCLPFLFIEQF,3,0.010752688172
CAFNSQCLTLLFIDHF,2,0.00716845878136
CAFNSQGLTFLFIDEF,3,0.010752688172
CAFNSQSFTYLFVQQF,3,0.010752688172
CAFNSQSLIFLFIQQF,3,0.010752688172
CAFNSQSLTFLFIDEF,75,0.268817204301
CAFNSQSLTFLFIEQF,2,0.00716845878136
CAFNSQSLTFLFIQQF,4,0.0143369175627
CAFNSQSSTCLMMEQF,2,0.00716845878136
CAFNSRSLTFLFIEQF,2,0.00716845878136
CAFNSWSSTFLLIQQF,4,0.0143369175627
CAFSSQSLTFLFIDEF,2,0.00716845878136
CAGALAACPGCLALRF,5,0.0179211469534
CALNSQCLTLLFIEHF,106,0.379928315412
CALNSQCLTLLFLEHF,2,0.00716845878136
CANQAGTALIF,2,0.00716845878136
CASGGSYIPTF,5,0.0179211469534
CAVCEILARAPCDGPFETF,2,0.00716845878136
CAVCPQLTELNHWIQHF,5,0.0179211469534
CAVSDTGRRALTF,2,0.00716845878136
CGMDSSYKLIF,2,0.00716845878136
CIPFHSIQFHSVPFHSITF,3,0.010752688172
CIPSHSIPFQSVAFHSITF,4,0.0143369175627
CIQLTEFKLPLIEQF,2,0.00716845878136
CLVTFIFYVQYIIHIF,5,0.0179211469534
CLVTFIIYVQYIIHIF,2,0.00716845878136
CNTYFGYFDILCTVYNTYF,3,0.010752688172
CQTGANNLFF,10,0.0358422939068
CSAMCAFNSQSLIFLFIQQF,3,0.010752688172
CSAMCAFSSQSLTFLFIQQF,2,0.00716845878136
CSILPAFVPVPVAARAHPCPGF,2,0.00716845878136
CTVYYKCLVTFIFYVQYIIHIF,2,0.00716845878136
CVFSSQSLTFLLMEQF,3,0.010752688172
CVHLTEFNLSLIEQF,2,0.00716845878136
