VJ,count,relative.frequency
TRAV1-TRAJ6,5,0.178571428571
TRAV10-TRAJ35,3,0.107142857143
TRAV23/DV6-TRAJ12,2,0.0714285714286
TRAV26-TRAJ48,2,0.0714285714286
TRAV35-TRAJ48,4,0.142857142857
TRAV36/DV7-TRAJ36,10,0.357142857143
TRAV8-TRAJ35,2,0.0714285714286
