CDR3,count,relative.frequency
CANYGYTF,4,0.137931034483
CSGNTIYF,2,0.0689655172414
CSNQPQHF,11,0.379310344828
CSYNEQFF,2,0.0689655172414
CSYNSPLHF,10,0.344827586207
