CDR3,count,relative.frequency
CAFNSQSFFLFIQQFGNTLF,3,0.0277777777778
CAFNSQSLTFLFIEEF,2,0.0185185185185
CAFNSQSLTFLFIEQF,2,0.0185185185185
CALNSQCLTLLFIEHFGNSQF,4,0.037037037037
CALPIFLVLIKVIQIMVGLMHIGF,2,0.0185185185185
CALSVGF,2,0.0185185185185
CANQAGTALIF,2,0.0185185185185
CASGGSYIPTF,2,0.0185185185185
CAVDITDNNDMRF,2,0.0185185185185
CDASIKLTEFKLPLIEQF,2,0.0185185185185
CDVRVQLTEFNLSLIEQF,2,0.0185185185185
CGCENSGGSNYKLTF,2,0.0185185185185
CGSPHLLLPITSSSEIGGF,3,0.0277777777778
CILFHSIQFHSVPFHSITF,2,0.0185185185185
CIPFHSIQFHSVPFHSITF,4,0.037037037037
CLQVARKRSNWWCPREGNF,2,0.0185185185185
CLVGDGKGSARQLTF,3,0.0277777777778
CLVTFIFYVQYIIHIF,4,0.037037037037
CNTYFGYFDILCTVYNTYF,3,0.0277777777778
CQELGAGGNGSYRLIDRKFQF,2,0.0185185185185
CQTGANNLFF,15,0.138888888889
CRVYYKCLVTFIFYVQYIIHIF,5,0.0462962962963
CSAMCAFSSQSLTFLFIQQF,2,0.0185185185185
CSAMCPFNSQSLTFLFIQQF,3,0.0277777777778
CSSTFPHTAFGTGEADIF,2,0.0185185185185
CTCVFNSQCSTFPFIEQF,2,0.0185185185185
CTVYYKCLFTFIFYVQYIIHIF,2,0.0185185185185
CTVYYKCLVTFIFYVQYIIHIF,13,0.12037037037
CTVYYKCLVTFIIYVQYIIHIF,4,0.037037037037
CVCVCACVPACAPMCVCVF,2,0.0185185185185
CVVCIHLTDCNLFWIQQF,2,0.0185185185185
CVVCIQLTELNDSLHRADLRHTF,2,0.0185185185185
CVVNMVNAGNMLTF,4,0.037037037037
