CDR3,count,relative.frequency
CAELPAALLRPGGELFF,2,0.0119760479042
CASGQGPDYGYTF,2,0.0119760479042
CASRKEGTNSDTQYF,31,0.185628742515
CASSFEGEHTEAFF,2,0.0119760479042
CASSFGTGEGQILKTQYF,7,0.0419161676647
CASSGTTGGFQPQHF,5,0.0299401197605
CASSLGQATMNTEAFF,14,0.0838323353293
CASSLGSLTDTQYF,2,0.0119760479042
CASSLTSGPHNEQFF,10,0.059880239521
CASSLTSGPYNEQFF,7,0.0419161676647
CASSPGLADPYEQYF,3,0.0179640718563
CASSPGQGDTDTQYF,20,0.119760479042
CASSPPGQGYEQYF,2,0.0119760479042
CASSQDPWGRSTEAFF,2,0.0119760479042
CASSRLQSLYEQYF,11,0.0658682634731
CASSSGGPYGEQYF,2,0.0119760479042
CASSSRSSYEQYF,2,0.0119760479042
CASSTRDSYTEAFF,2,0.0119760479042
CASSWTSGRNNEQFF,4,0.0239520958084
CASSYSSGEIYNEQFF,7,0.0419161676647
CASYRSYSYRTNVLVF,9,0.0538922155689
CATKRGSEVNADDVLNTESCF,2,0.0119760479042
CKSKLPRFRELIFTAQETDGF,2,0.0119760479042
CLEFFFFFFFFCFGNYIYVF,2,0.0119760479042
CLNVSYPEAFF,3,0.0179640718563
CPGASVKISCKTSGYTF,2,0.0119760479042
CSAPGLAGGDNEQFF,3,0.0179640718563
CSEGTGADTQYF,2,0.0119760479042
CSSDLTHLKFENRLAINTEDGF,5,0.0299401197605
