VJ,count,relative.frequency
TRBV23/OR9-TRBJ1,4,0.363636363636
TRBV23/OR9-TRBJ2,2,0.181818181818
TRBV6-TRBJ1,5,0.454545454545
