CDR3,count,relative.frequency
CACLWQIGRGSCRGRGEIF,2,0.020202020202
CACLWQIGRGSCRGRGGIF,1,0.010101010101
CACLWQIGRGSCRGRGWIF,1,0.010101010101
CACQIGRASRRERGEIF,1,0.010101010101
CACQIGRASRRERGKIF,2,0.020202020202
CACVRRVHVGHCEFHLIF,4,0.040404040404
CALPISRQWWLDVVAHTCNPSIF,2,0.020202020202
CASYRSHSTLIF,14,0.141414141414
CCSRDNNANRLIF,6,0.0606060606061
CCSSGGSDSLHLIF,3,0.030303030303
CCSYAGGSTLIF,4,0.040404040404
CCSYASSGTLIF,8,0.0808080808081
CCSYSTHGTLIF,3,0.030303030303
CMIWHNNGWGRSQGRPLF,1,0.010101010101
CNSFTNTNTLIF,4,0.040404040404
CPAPSNSYLGQGMVAHTCNPSIF,2,0.020202020202
CQQYDNLLRALIF,4,0.040404040404
CQSAGSTSSYPVIF,13,0.131313131313
CSSYATSSTPVIF,11,0.111111111111
CSSYTIGGTPVIF,2,0.020202020202
CVRVAGVFFFPRPLPF,3,0.030303030303
CWLGEVCACGAPFSVDLCYPLVF,2,0.020202020202
CYSFTTSDTLIF,6,0.0606060606061
