VJ,count,relative.frequency
TRDV1-TRDJ4,4,0.0888888888889
TRDV2-TRDJ4,13,0.288888888889
TRDV3-TRDJ4,28,0.622222222222
