VJ,count,relative.frequency
TRAV34-TRAJ35,5,0.217391304348
TRAV36/DV7-TRAJ36,14,0.608695652174
TRAV40-TRAJ48,2,0.0869565217391
TRAV9-TRAJ59,2,0.0869565217391
