CDR3,count,relative.frequency
CANYGYTF,17,0.485714285714
CSNQPQHF,9,0.257142857143
CSYNSPLHF,9,0.257142857143
