CDR3,count,relative.frequency
CANYGYTF,10,0.30303030303
CSNQPQHF,12,0.363636363636
CSYNSPLHF,11,0.333333333333
