CDR3,count,relative.frequency
CANYGYTF,79,0.396984924623
CASSRGSTDTQYF,4,0.0201005025126
CSGNTIYF,2,0.0100502512563
CSNQPQHF,64,0.321608040201
CSYEQYF,2,0.0100502512563
CSYNSPLHF,48,0.241206030151
