CDR3,count,relative.frequency
CANYGYTF,14,0.388888888889
CSNQPQHF,12,0.333333333333
CSYNSPLHF,10,0.277777777778
