CDR3,count,relative.frequency
CANYGYTF,12,0.333333333333
CSNQPQHF,10,0.277777777778
CSYNSPLHF,14,0.388888888889
