CDR3,count,relative.frequency
CHQYDSSPLTF,3,0.0112359550562
CHQYGNSPHTF,2,0.00749063670412
CKVHTGPTWTF,2,0.00749063670412
CLQHNGYPLTF,19,0.0711610486891
CLQHSAYPLTF,2,0.00749063670412
CLQHSGYPLTF,5,0.0187265917603
CLQHTGYPLTF,2,0.00749063670412
CLQHVTYPLTF,3,0.0112359550562
CLQLKSYPLTF,4,0.0149812734082
CLQYKSYPHTF,2,0.00749063670412
CLQYNSDPGTF,2,0.00749063670412
CMQALQPPWTF,2,0.00749063670412
CMQALQSPFTF,3,0.0112359550562
CMQALQTPKTF,2,0.00749063670412
CMQALQTPLTF,6,0.0224719101124
CMQALQTPPTF,9,0.0337078651685
CMQARQTPWTF,4,0.0149812734082
CMQATQFPITF,2,0.00749063670412
CMQGTHGFSF,2,0.00749063670412
CMQSIQLPLTF,2,0.00749063670412
CMQSIQLPYTF,2,0.00749063670412
CQHYGSSPTF,2,0.00749063670412
CQHYGTSPTF,4,0.0149812734082
CQHYNSYPYTF,5,0.0187265917603
CQHYYNYPFTF,2,0.00749063670412
CQHYYTTPITF,2,0.00749063670412
CQKYDSAPRTF,2,0.00749063670412
CQKYNSAPRSF,2,0.00749063670412
CQKYNSASRPF,2,0.00749063670412
CQLYNDWPPYTF,2,0.00749063670412
CQQANSFPYTF,2,0.00749063670412
CQQFGSSPTWTF,2,0.00749063670412
CQQFHSFPLTF,3,0.0112359550562
CQQGYGTPTF,2,0.00749063670412
CQQLNSDLLTF,9,0.0337078651685
CQQRSDWPLTF,3,0.0112359550562
CQQRSNGPWTF,2,0.00749063670412
CQQRSNRPLTF,4,0.0149812734082
CQQRSNWPLTF,3,0.0112359550562
CQQSFMTPATF,2,0.00749063670412
CQQSFYTPHTF,2,0.00749063670412
CQQSNSFPPTF,3,0.0112359550562
CQQSSSTFRTF,2,0.00749063670412
CQQSYGTSFTF,2,0.00749063670412
CQQSYIKPWTF,2,0.00749063670412
CQQSYSRPQF,3,0.0112359550562
CQQSYSTLFTF,6,0.0224719101124
CQQSYSVPYTF,2,0.00749063670412
CQQSYTTPRTF,3,0.0112359550562
CQQTDSIPLTF,4,0.0149812734082
CQQTYSVPFTF,2,0.00749063670412
CQQYDDLPATF,2,0.00749063670412
CQQYDNLPPAF,2,0.00749063670412
CQQYDNLPRTF,2,0.00749063670412
CQQYDNLPSITF,2,0.00749063670412
CQQYDNLSYTF,5,0.0187265917603
CQQYDSFPYTF,2,0.00749063670412
CQQYDSYPYTF,3,0.0112359550562
CQQYDTYPYTF,2,0.00749063670412
CQQYGSSPLTF,5,0.0187265917603
CQQYGSSPRTF,4,0.0149812734082
CQQYGYSPQTF,3,0.0112359550562
CQQYHASPDTF,4,0.0149812734082
CQQYLNSPQTF,4,0.0149812734082
CQQYNNWPPGTF,11,0.0411985018727
CQQYNNWPPYTF,3,0.0112359550562
CQQYNSFPQTF,4,0.0149812734082
CQQYNSNSPWTF,5,0.0187265917603
CQQYNSSPFTF,3,0.0112359550562
CQQYNYWPPWTF,4,0.0149812734082
CQQYRNWPPVTF,3,0.0112359550562
CQQYTYWPWTF,2,0.00749063670412
CQQYVTSPWTF,2,0.00749063670412
CQQYYHLPVTF,8,0.0299625468165
CQQYYHTPMTF,7,0.0262172284644
CQQYYSTPPTF,3,0.0112359550562
CQQYYTTPITF,4,0.0149812734082
CQQYYTTPYTF,2,0.00749063670412
