CDR3,count,relative.frequency
CAAWDDSLNAQVF,3,0.030303030303
CAAWDDSLNGKVF,2,0.020202020202
CAAWDDSLNGVVF,5,0.0505050505051
CAAWDDSLNGWVF,6,0.0606060606061
CAAWDDSLSGRVF,5,0.0505050505051
CAAWDDTLNGYVF,3,0.030303030303
CAAWDDTLSGHVF,2,0.020202020202
CATWDDSLSGVVF,2,0.020202020202
CLLSYRGVRVF,2,0.020202020202
CLLSYSGSRVF,2,0.020202020202
CLLSYSGTRVF,5,0.0505050505051
CMIWHSSAWVF,2,0.020202020202
CQAGDSNTAVF,2,0.020202020202
CQAWDSNSAVF,4,0.040404040404
CQAWDSNTAVF,27,0.272727272727
CQAWDSSTGVVF,2,0.020202020202
CQAWDSSTVVF,5,0.0505050505051
CQSADSSGTYQVF,2,0.020202020202
CQSSDSSGTYRVF,2,0.020202020202
CQSYDRDNQVF,8,0.0808080808081
CQSYDYSNVVF,2,0.020202020202
CQTWGRGITAF,2,0.020202020202
CSSYTSSRTWVF,2,0.020202020202
CSSYTSSSTPWVF,2,0.020202020202
