CDR3,count,relative.frequency
CCSYAGSGTFVF,2,0.0333333333333
CESASYPEGNF,13,0.216666666667
CHHFGYSPETF,3,0.05
CHQTYSIPQTF,3,0.05
CISFLFFSFF,8,0.133333333333
CLHHKNYPLTF,3,0.05
CLYHKNYPLTF,2,0.0333333333333
CMQALESLWTF,2,0.0333333333333
CNSYAGSNYVF,3,0.05
CQKYDTSPWTF,4,0.0666666666667
CQNSEMTPWTF,3,0.05
CQQFGDLPLTF,2,0.0333333333333
CQQFRKVPYTF,2,0.0333333333333
CQQSARTF,2,0.0333333333333
CQQYNDWKTF,2,0.0333333333333
CSILQEENGF,2,0.0333333333333
CSLKMITLVKF,2,0.0333333333333
CSSDLEDLGF,2,0.0333333333333
