VJ,count,relative.frequency
TRAV34-TRAJ35,2,0.153846153846
TRAV36/DV7-TRAJ36,11,0.846153846154
