CDR3,count,relative.frequency
CANQAGTALIF,2,0.0212765957447
CASGGSYIPTF,9,0.0957446808511
CAYSGAGSYQLTF,2,0.0212765957447
CDNNNDMRF,2,0.0212765957447
CGCENSGGSNYKLTF,15,0.159574468085
CGMDSSYKLIF,3,0.031914893617
CGSPHLLLPITSSSEIGGF,8,0.0851063829787
CLLLCPPNTPPGASGPPRVTF,2,0.0212765957447
CPKPRLKTKEANGQGKNQGF,2,0.0212765957447
CQTGANNLFF,43,0.457446808511
CSASFHCANQAGTALIF,2,0.0212765957447
CTQVSGWMARLVGVRQSHRASF,2,0.0212765957447
CVFSGGYNKLIF,2,0.0212765957447
