CDR3,count,relative.frequency
CANYGYTF,32,0.264462809917
CSNQPQHF,49,0.404958677686
CSYNSPLHF,40,0.330578512397
