VJ,count,relative.frequency
TRAV34-TRAJ35,7,0.411764705882
TRAV36/DV7-TRAJ36,10,0.588235294118
