CDR3,count,relative.frequency
CMQGTYWPPTF,2,0.117647058824
CQESYSTSWTF,5,0.294117647059
CQKYNSAPRTF,3,0.176470588235
CQQSYSSPVTF,2,0.117647058824
CQQYNTYPLTF,2,0.117647058824
CQRYGRSPRTF,3,0.176470588235
