CDR3,count,relative.frequency
CDSAHCGSKIF,8,0.205128205128
CESASYPEGNF,9,0.230769230769
CGSPEAF,5,0.128205128205
CILYLGPRYGF,2,0.0512820512821
CISFLFFSFF,6,0.153846153846
CQQTYSNSEWTF,3,0.0769230769231
CSSFTTSTTYVF,4,0.102564102564
CVVLGRVLATDTF,2,0.0512820512821
