VJ,count,relative.frequency
TRAV26-TRAJ48,4,0.444444444444
TRAV34-TRAJ35,5,0.555555555556
