CDR3,count,relative.frequency
CAFKSRSLTFLFIEQF,2,0.010752688172
CAFNSKSLTFLFIDEF,2,0.010752688172
CAFNSQSLTFLFIDEF,25,0.134408602151
CAFNSQSLTFLFIEPF,2,0.010752688172
CAFNSQSLTFLFIEQF,4,0.0215053763441
CAFNSQSLTFLFIQQF,5,0.0268817204301
CAFNSQSLTFLFIQRF,2,0.010752688172
CAFNSQSLTFLLIEQF,2,0.010752688172
CAFNSQSLTFLSILQF,2,0.010752688172
CAFNSQSSTCLMMEQF,15,0.0806451612903
CAFNSRRLSFLFIEYF,2,0.010752688172
CAFNSRSLSFLFIEYF,2,0.010752688172
CAFNSRSLTFLLMEQF,2,0.010752688172
CAFNSRSLTYLFIQQF,4,0.0215053763441
CAFNSWSSTFLLIQQF,6,0.0322580645161
CAFNTRSCSFLLIEHF,2,0.010752688172
CAFVSQNLTVLLIELF,3,0.0161290322581
CALISQTRNFLLIQQF,3,0.0161290322581
CALNSQCLTLLFIEHF,39,0.209677419355
CANQAGTALIF,2,0.010752688172
CASGGSYIPTF,3,0.0161290322581
CAVYNTYFGYFDILRTVYNTNF,2,0.010752688172
CAYSGAGSYQLTF,2,0.010752688172
CGSILYDSIPFKSITF,2,0.010752688172
CGSPHLLLPITSSSEIGGF,4,0.0215053763441
CHSIPFRSLPFILFHSITF,2,0.010752688172
CIHLTELKLLLIEQF,2,0.010752688172
CIHLTELNFTLIEQF,2,0.010752688172
CIPFHSIQFHSVPFHSITF,2,0.010752688172
CIPSHSIPFQSVAFHSITF,2,0.010752688172
CKGSDLRWNGTRLLTLF,2,0.010752688172
CLILRPGLLLQMGGSVGF,2,0.010752688172
CLLVCGCSLLRLVIVFFFFFLFF,2,0.010752688172
CLVTFIFYVQYIIHIF,2,0.010752688172
CLVTFIFYVQYITHIF,2,0.010752688172
CNTYFGFFDILCTVYNTYF,2,0.010752688172
CPSLLFEGAGKSRPGF,2,0.010752688172
CQTGANNLFF,14,0.0752688172043
CRPHPRASRGSVLYEGF,2,0.010752688172
CSAMCAFNSQSLTFLFIQQF,2,0.010752688172
CTLTKAALNYRVITISYCNF,2,0.010752688172
CVFSSQSLTFLLMEQF,3,0.0161290322581
