CDR3,count,relative.frequency
CANYGYTF,16,0.432432432432
CSNQPQHF,10,0.27027027027
CSYNSPLHF,11,0.297297297297
