CDR3,count,relative.frequency
CASCTSTLSLIF,9,0.125
CASYTHKRTLIF,2,0.0277777777778
CHHRWIRPLTF,2,0.0277777777778
CHLFGSSPNIF,2,0.0277777777778
CHQSYRYPYIF,2,0.0277777777778
CHVWDSRAVIF,26,0.361111111111
CHVWESRPVIF,2,0.0277777777778
CQAFSLIF,2,0.0277777777778
CQQYDRYSPEIF,4,0.0555555555556
CQQYNTYPLIF,2,0.0277777777778
CQTWDNRRAIF,2,0.0277777777778
CRLFGSSPNIF,2,0.0277777777778
CSSFTSATTPLIF,4,0.0555555555556
CSSYAGTDHVIF,4,0.0555555555556
CSSYVLNKTLIF,2,0.0277777777778
CSSYVLTKTLIF,5,0.0694444444444
