CDR3,count,relative.frequency
CANYGYTF,16,0.238805970149
CSNQPQHF,28,0.417910447761
CSYNEQFF,2,0.0298507462687
CSYNSPLHF,21,0.313432835821
