CDR3,count,relative.frequency
CANQAGTALIF,2,0.0377358490566
CASGGSYIPTF,2,0.0377358490566
CGCENSGGSNYKLTF,3,0.0566037735849
CGMDSSYKLIF,8,0.150943396226
CGSPHLLLPITSSSEIGGF,4,0.0754716981132
CGVFGSARQLTF,4,0.0754716981132
CQTGANNLFF,30,0.566037735849
