CDR3,count,relative.frequency
CANYGYTF,12,0.2
CSNQPQHF,26,0.433333333333
CSYNEQFF,2,0.0333333333333
CSYNSPLHF,20,0.333333333333
