CDR3,count,relative.frequency
CASSHTSVETQYF,2,0.0666666666667
CASSLAYEQYF,10,0.333333333333
CASSLGQETQYF,2,0.0666666666667
CASSLRTLYEQYF,14,0.466666666667
CSAADNIQVF,2,0.0666666666667
