CDR3,count,relative.frequency
CARLIF,4,0.0408163265306
CARRITIF,5,0.0510204081633
CARRMTIF,2,0.0204081632653
CASNTMNSPGIF,2,0.0204081632653
CASYGGRNNPFIF,3,0.030612244898
CASYSSTSPGIF,2,0.0204081632653
CQHYDVPPYIF,3,0.030612244898
CQQSFSTPKIF,2,0.0204081632653
CQQYVDPLITF,2,0.0204081632653
CQVWDRPLVF,6,0.0612244897959
CQYGNLPLFIF,7,0.0714285714286
CQYYGRSRALIF,2,0.0204081632653
CSAYTSSGLIF,4,0.0408163265306
CSSYRTTIPLIF,37,0.377551020408
CTREAIF,3,0.030612244898
CVRGAIF,12,0.122448979592
CVRGQIF,2,0.0204081632653
