CDR3,count,relative.frequency
CAHRHPQMIFDIW,5,0.0438596491228
CAHSGTWGIFDSW,2,0.0175438596491
CAKDRGAFDPW,11,0.0964912280702
CAKTFRFVSYFDSW,2,0.0175438596491
CARATWYFDLW,2,0.0175438596491
CARDGIDYW,3,0.0263157894737
CARDRGDYW,2,0.0175438596491
CARDSWWNDPW,3,0.0263157894737
CAREGSGLDYW,5,0.0438596491228
CAREKEYYFDLW,2,0.0175438596491
CARGENYFDSW,13,0.114035087719
CARKPTGMASDVW,6,0.0526315789474
CAVITMLAEDYW,7,0.0614035087719
CDSW,5,0.0438596491228
CSSTSCYYNFDYW,2,0.0175438596491
CSVTSCYAFDHW,2,0.0175438596491
CTGDSCNWFDPW,4,0.0350877192982
CVRDKGFDPW,6,0.0526315789474
CVRGGGLGLFDYW,4,0.0350877192982
CVRVRGLGLFDYW,16,0.140350877193
CVVYGLDYW,12,0.105263157895
