CDR3,count,relative.frequency
CAASGFTFGNF,9,0.0309278350515
CAASGFTLSGF,4,0.0137457044674
CAETLIQGAQKLVF,36,0.123711340206
CAEVGGSYIPTF,3,0.0103092783505
CALPIFRRYVGEGF,2,0.00687285223368
CALPILGAGF,2,0.00687285223368
CARAGITF,4,0.0137457044674
CARDAAYNF,8,0.0274914089347
CAREKPLNF,4,0.0137457044674
CARGAGF,2,0.00687285223368
CARHNTGLTIF,3,0.0103092783505
CARLPWLWSGF,5,0.0171821305842
CARVAGF,16,0.0549828178694
CARVLSVTF,7,0.0240549828179
CASYAGSGPRMF,5,0.0171821305842
CATWEDSLNGVGF,4,0.0137457044674
CAVLTGGFKTIF,4,0.0137457044674
CEQYFSLLTF,2,0.00687285223368
CESASYPEGNF,6,0.020618556701
CFQSGRAPRGF,2,0.00687285223368
CGSPEAF,16,0.0549828178694
CHHYGSSRQTF,8,0.0274914089347
CHQYNDWPQTF,5,0.0171821305842
CLCAGSGVVF,2,0.00687285223368
CLLLCKRFHGF,5,0.0171821305842
CLQSYNVFYTF,2,0.00687285223368
CLQSYNVLYTF,18,0.0618556701031
CLQTIALPRTF,5,0.0171821305842
CLQYHASPSTF,2,0.00687285223368
CMQAFERWTF,13,0.0446735395189
CMQFRRGVTF,9,0.0309278350515
CMQTLENFTF,8,0.0274914089347
CQHYASSLWTF,2,0.00687285223368
CQHYSSWPWTF,8,0.0274914089347
CQNSNSVPFTF,4,0.0137457044674
CQNYNRALGTF,10,0.0343642611684
CQQGFITF,3,0.0103092783505
CQQSFNKPYTF,6,0.020618556701
CQQSYNSKTF,2,0.00687285223368
CQQYAGSPQTF,4,0.0137457044674
CQQYATSLWTF,2,0.00687285223368
CQQYDTSWTF,2,0.00687285223368
CQQYKSLLTF,2,0.00687285223368
CQQYYSWPPGF,8,0.0274914089347
CQTWLSGTVLF,2,0.00687285223368
CQVWDDSSDFVF,3,0.0103092783505
CSSFTGTYNLLF,2,0.00687285223368
CTRGNTF,2,0.00687285223368
CVLCPKGGF,2,0.00687285223368
CVREKPLNF,2,0.00687285223368
CVREMPLNF,4,0.0137457044674
