CDR3,count,relative.frequency
CHQYNSYPLTF,59,0.867647058824
CHQYYSIPLTF,4,0.0588235294118
CQQANGYPSF,3,0.0441176470588
CQQYDDLPFSF,2,0.0294117647059
