CDR3,count,relative.frequency
CAARVAFSEALVF,13,0.00581655480984
CALRGQGGGNF,4,0.00178970917226
CASIVPHLLQGF,4,0.00178970917226
CDSASYPEGNF,3,0.00134228187919
CESASHPEGNF,2,0.00089485458613
CESASYLEGNF,2,0.00089485458613
CESASYPAGNF,2,0.00089485458613
CESASYPEENF,2,0.00089485458613
CESASYPEGNF,2163,0.967785234899
CESASYPGGNF,2,0.00089485458613
CFTKPGPRPSNIGF,2,0.00089485458613
CGCRLAGSGAF,2,0.00089485458613
CGKDSSGF,4,0.00178970917226
CGMISDAGAGF,3,0.00134228187919
CGSASYPEGNF,2,0.00089485458613
CISFLFFSFF,6,0.00268456375839
CKESVCCACF,2,0.00089485458613
CLVPEKGSVTSGF,2,0.00089485458613
CRHLTSQNPGDTF,2,0.00089485458613
CRPLFSCNF,2,0.00089485458613
CSLQPLPPGF,2,0.00089485458613
CSSDAYNTACGF,7,0.00313199105145
CVKGSLKAGFF,2,0.00089485458613
