CDR3,count,relative.frequency
CAKDLHPAPAIF,6,0.260869565217
CALWDHNLIF,2,0.0869565217391
CARVPPRTGIF,2,0.0869565217391
CCSYAGRFNLIF,4,0.173913043478
CCSYARSRTMIF,2,0.0869565217391
CMHRLDFPYIF,5,0.217391304348
CSSYVFGNNLIF,2,0.0869565217391
