CDR3,count,relative.frequency
CAHHYYGSGSFDYW,2,0.00337837837838
CAKASSSWPYYFNYW,2,0.00337837837838
CAKEGSGSYSDYW,7,0.0118243243243
CAKRGDSGGFDPW,3,0.00506756756757
CAKTMAAAFFDYW,2,0.00337837837838
CAKYDFWSSYLDYW,6,0.0101351351351
CALTRDGPFDYW,2,0.00337837837838
CAPSPGEDFDHW,4,0.00675675675676
CAQDLGGDYEDYW,2,0.00337837837838
CARAGVGDGMDVW,3,0.00506756756757
CARALYFDFW,2,0.00337837837838
CARANYVHFAYW,6,0.0101351351351
CARANYVHFDYW,12,0.0202702702703
CARAQYANYFDDW,12,0.0202702702703
CARATVTNPWFDPW,2,0.00337837837838
CARDGYNFDYW,2,0.00337837837838
CARDLIVGNWFDPW,2,0.00337837837838
CARDNSGYGNFLYW,2,0.00337837837838
CARDRGKFFDYW,42,0.0709459459459
CARDYW,2,0.00337837837838
CAREKLRYFDHW,8,0.0135135135135
CAREVQVAAFDYW,28,0.0472972972973
CARGDSSGWFDPW,2,0.00337837837838
CARGERYYIGYW,3,0.00506756756757
CARGGAFDVW,5,0.00844594594595
CARGSDSGEYYDFW,2,0.00337837837838
CARGYLYLDGW,14,0.0236486486486
CARGYSFYYFDNW,2,0.00337837837838
CARHGETIYYFDYW,5,0.00844594594595
CARLSGAFDYW,2,0.00337837837838
CARMLVGEYWFDPW,12,0.0202702702703
CARMTDTPFDPW,29,0.0489864864865
CARRFRDYDALDYW,4,0.00675675675676
CARRMADFDYW,8,0.0135135135135
CARRRDYGDFFDSW,2,0.00337837837838
CARRRIGETFDIW,17,0.0287162162162
CARRRIGETFDLW,6,0.0101351351351
CARRVDYFDFW,17,0.0287162162162
CARRVDYFDYW,2,0.00337837837838
CARSGYQDWFDPW,2,0.00337837837838
CARSYGDKNDYW,5,0.00844594594595
CARTRTGELDYW,9,0.0152027027027
CARVDQRLNWIDPW,2,0.00337837837838
CARVGGGRPFDNW,6,0.0101351351351
CARVGGGYVDYW,2,0.00337837837838
CARVGGIKSVDYW,9,0.0152027027027
CARVGHDYIFDNW,2,0.00337837837838
CARVLYFDFW,4,0.00675675675676
CARVSAAHYFDYW,39,0.0658783783784
CARVSAVAGTDFDYW,16,0.027027027027
CARVTSSSAFHIW,2,0.00337837837838
CASAVTTSFDHW,44,0.0743243243243
CATFVWHAFDVW,2,0.00337837837838
CATGPRFGQFCDYW,4,0.00675675675676
CATLMTTVTPFDYW,6,0.0101351351351
CFDPW,32,0.0540540540541
CSGGNCYLPYW,15,0.0253378378378
CSGGSCYSLFDYW,16,0.027027027027
CSGSSVWDAFDMW,2,0.00337837837838
CSRLNWLGPW,2,0.00337837837838
CSRVQYGGDGMDVW,8,0.0135135135135
CSSTSPTDYW,35,0.0591216216216
CSSYSCGEFDSW,2,0.00337837837838
CTGRFHTHFDYW,4,0.00675675675676
CTRALYFDFW,2,0.00337837837838
CTREKTVAPDFDYW,2,0.00337837837838
CVDYW,4,0.00675675675676
CVLGSGNYHDFW,2,0.00337837837838
CVLGSGSYHDFW,5,0.00844594594595
CVLGYYFDYW,4,0.00675675675676
CVRALYFDFW,18,0.0304054054054
