CDR3,count,relative.frequency
CALSMNYGGSQGNLIF,6,0.136363636364
CDNNNDMRF,2,0.0454545454545
CGMDSSYKLIF,3,0.0681818181818
CGSPHLLLPITSSSEIGGF,5,0.113636363636
CQTGANNLFF,28,0.636363636364
