CDR3,count,relative.frequency
CANYGYTF,18,0.268656716418
CSNQPQHF,31,0.462686567164
CSYNSPLHF,18,0.268656716418
