CDR3,count,relative.frequency
CASGGSYIPTF,2,0.117647058824
CDNNNDMRF,3,0.176470588235
CGMDSSYKLIF,2,0.117647058824
CGSPHLLLPITSSSEIGGF,2,0.117647058824
CQTGANNLFF,8,0.470588235294
