CDR3,count,relative.frequency
CANYGYTF,13,0.382352941176
CSNQPQHF,12,0.352941176471
CSYNEQFF,2,0.0588235294118
CSYNSPLHF,7,0.205882352941
