CDR3,count,relative.frequency
CAGDCSDWYFDLW,4,0.00231884057971
CAMDVW,2,0.00115942028986
CARAINGDYWFDPW,2,0.00115942028986
CARDAGDAFDIW,2,0.00115942028986
CARDINGDYWFDPW,43,0.0249275362319
CARRWFDPW,7,0.00405797101449
CSLFDVW,2,0.00115942028986
CSLFDYW,5,0.00289855072464
CSNSSCSLFDYW,23,0.0133333333333
CSSPSCYSWFDPW,2,0.00115942028986
CSSTCCYSWFDPW,2,0.00115942028986
CSSTRCYSWFDPW,93,0.0539130434783
CSSTSCHSWFDPW,2,0.00115942028986
CSSTSCYSWFAPW,2,0.00115942028986
CSSTSCYSWFDPW,1498,0.868405797101
CSSTSFYSWFDPW,2,0.00115942028986
CTNTSCSLFDSW,2,0.00115942028986
CTRLSLDAFDIW,17,0.00985507246377
CTRLSLGAFDIW,2,0.00115942028986
CTRYSWFDPW,2,0.00115942028986
CTSTRCYSWFDPW,5,0.00289855072464
CVRDINGDYWFDPW,2,0.00115942028986
CYCWFDPW,2,0.00115942028986
CYYYGMDVW,2,0.00115942028986
