CDR3,count,relative.frequency
CAAWDDGLNGVVF,28,0.00486533449175
CAAWDDSLNCVVF,3,0.000521285838401
CAAWDDSLNGVVF,8,0.00139009556907
CCSYAGSSTWVF,27,0.00469157254561
CETWDSNTHVVF,2,0.000347523892268
CFLYLGSGIWVF,2,0.000347523892268
CGTWDSSLSALF,2,0.000347523892268
CHSYDSTNSWVF,17,0.00295395308427
CHVWDTSSDHVVF,2,0.000347523892268
CISRDSSGNHRYVF,2,0.000347523892268
CLSADSSGTWVF,15,0.00260642919201
CLSADSXGTWVF,2,0.000347523892268
CNSRDSRGNHRYVF,2,0.000347523892268
CNSRDSSGKHHYVF,50,0.00868809730669
CNSRDSSGKHRYVF,5,0.000868809730669
CNSRDSSGNHHYVF,2,0.000347523892268
CNSRDSSGNHRYVF,1320,0.229365768897
CNSRDSSGQHRYVF,12,0.00208514335361
CNSRDSSGSHRYVF,66,0.0114682884448
CNSRGSSGNHRYVF,2,0.000347523892268
CQAWDKSTVVF,4,0.000695047784535
CQAYDSSLRVYVF,2,0.000347523892268
CQPYDSSLSVYVF,2,0.000347523892268
CQSYDISLNVYVF,3,0.000521285838401
CQSYDISLRVYVF,17,0.00295395308427
CQSYDISLSAYVF,2,0.000347523892268
CQSYDISLSDYVF,4,0.000695047784535
CQSYDISLSFYVF,2,0.000347523892268
CQSYDISLSGYVF,4,0.000695047784535
CQSYDISLSVFVF,2,0.000347523892268
CQSYDISLSVYVF,2345,0.407471763684
CQSYDISLXVYVF,2,0.000347523892268
CQSYDISSSVYVF,2,0.000347523892268
CQSYDNSLSGRGVF,10,0.00173761946134
CQSYDSSEGCVF,22,0.00382276281494
CQSYDSSLRGRGVF,2,0.000347523892268
CQSYDTSPWVF,16,0.00278019113814
CQTADSSFTVF,2,0.000347523892268
CQTWDTGTVVF,2,0.000347523892268
CQTWGPGIQVF,2,0.000347523892268
CQTWGTGIREVF,13,0.00225890529974
CQTWGTGIRVF,2,0.000347523892268
CQVWDGSSDHVVF,9,0.0015638575152
CQVWDSSSDHLVF,2,0.000347523892268
CQVWDSSSDHVVF,4,0.000695047784535
CQVWDSSSDLGVF,2,0.000347523892268
CSLYTSSSTRVF,4,0.000695047784535
CSSYAGSNILVF,4,0.000695047784535
CSSYAGSNTLVF,104,0.0180712423979
CSSYAGSSTWVF,7,0.00121633362294
CSSYTSRSTRGF,2,0.000347523892268
CSSYTSSCTRVF,2,0.000347523892268
CSSYTSSSARVF,5,0.000868809730669
CSSYTSSSPRVF,8,0.00139009556907
CSSYTSSSTRAF,2,0.000347523892268
CSSYTSSSTRGF,10,0.00173761946134
CSSYTSSSTRVF,1505,0.261511728931
CSSYTSSSTSHVVF,14,0.00243266724587
CSSYTTSSTFVF,4,0.000695047784535
CSSYTTSSTLRVF,9,0.0015638575152
CSYAGSNTLVF,2,0.000347523892268
CSYAGSSTWVF,15,0.00260642919201
CYSAADNGGVF,2,0.000347523892268
CYSAADNSGVF,8,0.00139009556907
