CDR3,count,relative.frequency
CAALIGF,3,0.000116740602382
CAFPHRFPLNHDF,2,7.78270682543e-05
CAHSLGGF,5,0.000194567670636
CALLGMDGF,2,7.78270682543e-05
CALPIFALFGGF,2,7.78270682543e-05
CASASYPEGNF,8,0.000311308273017
CAVGGNYGQNFVF,3,0.000116740602382
CAVNRYGNKLVF,2,7.78270682543e-05
CDSASYPEGNF,9,0.000350221807145
CESAIYPEGNF,8,0.000311308273017
CESASCPEGNF,3,0.000116740602382
CESASDPEGNF,5,0.000194567670636
CESASFPEGNF,6,0.000233481204763
CESASNPEGNF,2,7.78270682543e-05
CESASSPEGNF,7,0.00027239473889
CESASYAEGNF,2,7.78270682543e-05
CESASYHEGNF,12,0.000466962409526
CESASYPAGNF,12,0.000466962409526
CESASYPDGNF,5,0.000194567670636
CESASYPEANF,2,7.78270682543e-05
CESASYPEENF,21,0.000817184216671
CESASYPEGNF,25216,0.981243676551
CESASYPEGTF,9,0.000350221807145
CESASYPERNF,14,0.00054478947778
CESASYPEVNF,2,7.78270682543e-05
CESASYPGGNF,33,0.0012841466262
CESASYPKGNF,8,0.000311308273017
CESASYPVCNF,2,7.78270682543e-05
CESASYPVGNF,5,0.000194567670636
CESASYPXGNF,5,0.000194567670636
CESASYSEGNF,8,0.000311308273017
CESASYTEGNF,9,0.000350221807145
CESDSYPEGNF,10,0.000389135341272
CETASYPEGNF,4,0.000155654136509
CGSASYPEGNF,8,0.000311308273017
CGSKTAF,5,0.000194567670636
CGSPEAF,11,0.000428048875399
CHHYGSSQDTF,6,0.000233481204763
CISFLFFSFF,2,7.78270682543e-05
CKSASYPEGNF,6,0.000233481204763
CMQGLRLYTF,2,7.78270682543e-05
CMQLLKTSWTF,4,0.000155654136509
CPPHAPRPAAGRGF,2,7.78270682543e-05
CQAWDSGTILF,22,0.000856097750798
CQQHYGPPFTF,12,0.000466962409526
CQQLSDHPLTF,2,7.78270682543e-05
CQQSLTTPISTF,2,7.78270682543e-05
CQQSYMTSTF,23,0.000895011284925
CQQSYTTPRTF,2,7.78270682543e-05
CQQYHTFSTF,116,0.00451396995875
CQSASYPEGNF,5,0.000194567670636
CSLQPLPPGF,2,7.78270682543e-05
CSVRDEPQVQTF,2,7.78270682543e-05
CSVREEPQVQTF,11,0.000428048875399
CTPHAPRPAAGRGF,3,0.000116740602382
CVSASYPEGNF,4,0.000155654136509
