CDR3,count,relative.frequency
CHQHYSLPLTF,2,0.0444444444444
CMQALQTPLTF,2,0.0444444444444
CMQELQTPYTF,2,0.0444444444444
CMQGIRLPLAF,2,0.0444444444444
CMQGTNWQTF,2,0.0444444444444
CMQPLQTPRTF,2,0.0444444444444
CQHYGNSPPGTF,2,0.0444444444444
CQQFSSYPLTF,2,0.0444444444444
CQQHYSSPVTF,2,0.0444444444444
CQQSLSAPTF,2,0.0444444444444
CQQSYSTLPYTF,2,0.0444444444444
CQQYGNSPYTF,2,0.0444444444444
CQQYGSSPKTF,2,0.0444444444444
CQQYHNLPLTF,3,0.0666666666667
CQQYHNWPKTF,3,0.0666666666667
CQQYHSYPWTF,4,0.0888888888889
CQQYHVWPGTF,3,0.0666666666667
CQQYSSDSWTF,2,0.0444444444444
CQQYYSIPTF,2,0.0444444444444
CQQYYSSPCTF,2,0.0444444444444
