CDR3,count,relative.frequency
CASSKTPAWYTF,2,0.0588235294118
CATRGNSGYNF,3,0.0882352941176
CAVPHNDMRF,2,0.0588235294118
CESASYPEGNF,8,0.235294117647
CGAGGGGGGGGF,2,0.0588235294118
CHIFLLCSGNF,2,0.0588235294118
CISFLFFSFF,9,0.264705882353
CMQGTYLVYTF,2,0.0588235294118
CQQRSSWPYTF,2,0.0588235294118
CSPSDPMVFSSF,2,0.0588235294118
