VJ,count,relative.frequency
IGKJ2-IGKJ2,2,0.0740740740741
IGKJ3-IGKJ3,25,0.925925925926
