CDR3,count,relative.frequency
CAAWDDSLNGPVF,13,0.00111215672855
CAAWDDSLNGRVF,2,0.000171101035161
CAAWDDSLTVVIF,6,0.000513303105484
CCSYAGSSTFLVF,11,0.000941055693387
CCSYAGSYAFVF,92,0.00787064761742
CCSYAGSYIFVF,4,0.000342202070323
CCSYAGSYTFVF,12,0.00102660621097
CETWDTNTWVF,4,0.000342202070323
CGTWDSSLSAGGPYVF,2,0.000171101035161
CGTWDSSLSAGVF,66,0.00564633416032
CHVWDSSSDHVLF,6,0.000513303105484
CKALVGRGGGAVPRRGLGQRLF,3,0.000256651552742
CNSRDSSGNHNYVF,5,0.000427752587903
CNSRDSSGNHSNWVF,7,0.000598853623064
CNSRDSSGNHVVF,2,0.000171101035161
CNSRDSSGYRLLF,14,0.00119770724613
CQACDSSTAVF,2,0.000171101035161
CQAWDISTVVF,27,0.00230986397468
CQAWDSSFNVVF,6,0.000513303105484
CQAWDSSTIIF,56,0.00479082898452
CQAWDSSTVVF,50,0.00427752587903
CQGWDSSTGVF,16,0.00136880828129
CQSADSSASYVVF,2,0.000171101035161
CQSYDSSLSESVF,15,0.00128325776371
CQSYDSSLSGSVF,11,0.000941055693387
CQSYDSSLSGVVF,2,0.000171101035161
CQSYDTSLSGSVF,493,0.0421764051673
CQVWDISTGVF,32,0.00273761656258
CQVWDSRTGVF,2,0.000171101035161
CQVWDSSDDRVVF,35,0.00299426811532
CQVWDSSSDHVVF,28,0.00239541449226
CQVWDSSSYHPVF,10,0.000855505175806
CQVWDSSTGGF,4,0.000342202070323
CQVWDSSTGVF,2323,0.19873385234
CQVWDSVSDDVVF,5,0.000427752587903
CQVWDTTTIVF,2,0.000171101035161
CSLYTSSSTFVVF,5,0.000427752587903
CSSRDSIGNHVVF,367,0.0313970399521
CSSYAGSYSFVF,90,0.00769954658226
CSSYRRSSTPVVF,1767,0.151167764565
CSSYTRSSTFVIF,6,0.000513303105484
CSSYTSSSAFVIF,3,0.000256651552742
CSSYTSSSILVF,2,0.000171101035161
CSSYTSSSNLDVVF,3,0.000256651552742
CSSYTSSSPLDVVF,2,0.000171101035161
CSSYTSSSTFVIF,4294,0.367353922491
CSSYTSSSTLDVVF,1285,0.109932415091
CSSYTSSSTLVF,406,0.0347335101377
CSSYTSSTTVVF,2,0.000171101035161
CSSYTSTSTLGVIF,54,0.00461972794935
CSYAGSYAFVF,6,0.000513303105484
CSYAGSYTFVF,3,0.000256651552742
CVLYMGNGIWVF,5,0.000427752587903
CYSTDSSGKHWAF,3,0.000256651552742
CYSTDSSGKHWVF,9,0.000769954658226
CYSTDSSGNHWVF,4,0.000342202070323
CYSVDDSGLHRGVF,3,0.000256651552742
