CDR3,count,relative.frequency
CARHAIF,7,0.0135922330097
CCLAPPCPCCPATAFLPVPSIF,2,0.00388349514563
CDLKIFLFFFFFFFFFLIF,1,0.00194174757282
CDLRGPGDHEGVF,5,0.00970873786408
CDLRGPGDHEGVLGF,498,0.966990291262
CQQYSNWPLIF,2,0.00388349514563
