VJ,count,relative.frequency
TRDV2-TRDJ4,3,0.00582524271845
TRDV2-TRDV2,503,0.976699029126
TRDV3-TRDJ4,9,0.0174757281553
