CDR3,count,relative.frequency
CANYGYTF,14,0.241379310345
CSNQPQHF,25,0.431034482759
CSYNSPLHF,19,0.327586206897
