VJ,count,relative.frequency
TRAV23/DV6-TRAJ12,2,0.0571428571429
TRAV34-TRAJ35,6,0.171428571429
TRAV36/DV7-TRAJ36,27,0.771428571429
