CDR3,count,relative.frequency
CAKDLSSSWYEYYFDYW,5,0.037037037037
CAKEGGRYYDTFDFDYW,3,0.0222222222222
CAKETKNWGVRYFDLW,21,0.155555555556
CARDLVLGLNFLDSW,11,0.0814814814815
CARDQGSSSDAFDIW,3,0.0222222222222
CARDYPGGPNAADYW,2,0.0148148148148
CARGFGSSWEYFDYW,2,0.0148148148148
CARGFGSSWYYFDYW,9,0.0666666666667
CARLGKGGYFPHYHYYFYMDVW,3,0.0222222222222
CARLGKGGYFPHYHYYYYMDVW,8,0.0592592592593
CARLYDENNWLDPW,6,0.0444444444444
CARNQFGMDVW,2,0.0148148148148
CARSLGANYYDSSGYAVFDIW,7,0.0518518518519
CARSRITLKIKDAFDVW,5,0.037037037037
CARVNYGDFWYFDLW,6,0.0444444444444
CATEGRDSESYFDYW,7,0.0518518518519
CMCVPPRPAHFCIF,2,0.0148148148148
CPGTAACTSRAAF,2,0.0148148148148
CRCAAPRLANFFIF,3,0.0222222222222
CSRDKTIDTAMASYYFDYW,2,0.0148148148148
CSSYTSTDTPHAIF,4,0.0296296296296
CTTEIYTLSLHDALPIW,22,0.162962962963
