VJ,count,relative.frequency
IGKJ2-IGKJ2,5,0.0381679389313
IGKJ3-IGKJ3,124,0.946564885496
IGKV2-IGKJ4,2,0.0152671755725
