CDR3,count,relative.frequency
CFFFFFFFFFFFFF,4,0.00803212851406
CGSTPRPPAYRPGTVEPTHGVYTF,2,0.00401606425703
CIPLLITVTLCSF,5,0.0100401606426
CLQHNKYPHTF,2,0.00401606425703
CLQHNSYPFTF,2,0.00401606425703
CLQHNTYPRTF,8,0.0160642570281
CLQTNNWPRTF,2,0.00401606425703
CLVIWCTLIPVTF,2,0.00401606425703
CMQALQIAQVFNLHTF,4,0.00803212851406
CMQALQTPLSF,3,0.00602409638554
CMQALQTPNTF,2,0.00401606425703
CMQALQTPPTF,3,0.00602409638554
CMQALQTPYTF,4,0.00803212851406
CMQGLQTPYTF,2,0.00401606425703
CMQGTHWPRTF,3,0.00602409638554
CMQTLQTPPSTF,7,0.0140562248996
CQERSNWPLGLTF,2,0.00401606425703
CQHRSNSPPYTF,4,0.00803212851406
CQHYGSSPLYTF,5,0.0100401606426
CQHYNNWPLTWTF,2,0.00401606425703
CQKYNAYSTF,7,0.0140562248996
CQQANSFPHTF,29,0.0582329317269
CQQGLQGVAGLGVAGWGAF,1,0.00200803212851
CQQGLQGVAGLGVALIAF,1,0.00200803212851
CQQGLQGVAGLGVAPISF,2,0.00401606425703
CQQGNSSPFTF,7,0.0140562248996
CQQHDNLPQISF,2,0.00401606425703
CQQLNSYPFTF,2,0.00401606425703
CQQLNSYTF,6,0.0120481927711
CQQLNTNPFIF,5,0.0100401606426
CQQRSNWPRLTF,2,0.00401606425703
CQQRTNWLSF,3,0.00602409638554
CQQSDTTPWTF,2,0.00401606425703
CQQSFSPPPTF,3,0.00602409638554
CQQSFSTPKTF,4,0.00803212851406
CQQSNTTPYTF,2,0.00401606425703
CQQSYNTPVTF,2,0.00401606425703
CQQSYSIIKGLTF,3,0.00602409638554
CQQSYSTPRTF,19,0.0381526104418
CQQSYSTPYTF,3,0.00602409638554
CQQSYTTPISF,2,0.00401606425703
CQQYDNLPFTF,11,0.0220883534137
CQQYDNLPLTF,6,0.0120481927711
CQQYDNWPLTF,5,0.0100401606426
CQQYDTSPPLTF,6,0.0120481927711
CQQYGNSRTF,2,0.00401606425703
CQQYGSSPFTF,20,0.0401606425703
CQQYGSSPPYTF,5,0.0100401606426
CQQYGSSPTTF,11,0.0220883534137
CQQYGSSPVTF,22,0.0441767068273
CQQYGTSFTFGGLNQARF,3,0.00602409638554
CQQYGTSPPLTF,14,0.0281124497992
CQQYHHLPLTF,2,0.00401606425703
CQQYHNWPRTF,2,0.00401606425703
CQQYKSYPLTF,2,0.00401606425703
CQQYNNWPPFTF,2,0.00401606425703
CQQYNNWPPVTF,2,0.00401606425703
CQQYNNWPPYTF,10,0.0200803212851
CQQYNSWLYTF,2,0.00401606425703
CQQYNSYPYTF,2,0.00401606425703
CQQYNSYSPWTF,39,0.078313253012
CQQYNSYSRTF,2,0.00401606425703
CQQYRNSRTF,7,0.0140562248996
CQQYSNYPYTF,2,0.00401606425703
CQQYSTSPTF,6,0.0120481927711
CQQYYSSPWTF,12,0.0240963855422
CQQYYTTPWTF,2,0.00401606425703
CVFKHVQQKFSTLF,124,0.248995983936
