CDR3,count,relative.frequency
CAAWDDSLNGPVF,12,0.011417697431
CAAWDDSLNGVVF,146,0.138915318744
CAAWDDSLNGWVF,13,0.0123691722169
CAAWDDSLSGHVVF,4,0.00380589914367
CAAWDDSMSVPHVVF,2,0.00190294957184
CASWDDSLNGVVF,5,0.00475737392959
CATWDDSLSGLVF,22,0.0209324452902
CCSYAGSNTFVF,2,0.00190294957184
CEMPSSSSFSSFF,3,0.00285442435775
CFMQRYHDVISSF,685,0.651760228354
CGTWDSSLSTGLF,4,0.00380589914367
CHVNRDACNKTAGESGLMQEF,2,0.00190294957184
CNSRDSSGNHIGVVF,3,0.00285442435775
CPKLFFFFFFPVNVKKKF,2,0.00190294957184
CQAWDSSTGVVF,7,0.00666032350143
CQAWDSSTYVF,23,0.0218839200761
CQAWDSYTGVF,2,0.00190294957184
CQAWDTSTAVVF,5,0.00475737392959
CQAYDSSNPGVF,19,0.0180780209324
CQSADISGTYPNWVF,11,0.0104662226451
CQSADSSGFIVF,17,0.0161750713606
CQSADSSGIYNVIF,2,0.00190294957184
CQSADSSGRWVF,2,0.00190294957184
CQSADSSGSLVVF,2,0.00190294957184
CQSADSSGTFYVF,2,0.00190294957184
CQSADSSGTPVVF,2,0.00190294957184
CQSADSSGTSWVF,9,0.00856327307326
CQSADSSGTYGVF,2,0.00190294957184
CQSLVKPDIVFF,2,0.00190294957184
CQSYDSSLIVVVF,5,0.00475737392959
CQSYDSSLSGSVVF,3,0.00285442435775
CQTWGKDIHVVF,3,0.00285442435775
CQTWGTGIVF,3,0.00285442435775
CQTWGTGSF,2,0.00190294957184
CQVWDGRSDHVVF,6,0.00570884871551
CQVWDRDSDHAVVF,2,0.00190294957184
CQVWDSNSDQLVIF,2,0.00190294957184
CQVWDSSSDHPFVF,3,0.00285442435775
CQVWDSSSDHYVF,1,0.000951474785918
CSSYTSSSTRGVVF,2,0.00190294957184
CSYAGSYTWVF,2,0.00190294957184
CYSAADYNLRVF,5,0.00475737392959
