VJ,count,relative.frequency
TRBV15-TRBJ2,3,0.428571428571
TRBV23/OR9-TRBJ2,2,0.285714285714
TRBV7-TRBV7,2,0.285714285714
