CDR3,count,relative.frequency
CAPPRLANFCIF,2,0.105263157895
CASMGSSYEQYF,2,0.105263157895
CASSPGTNGYTF,2,0.105263157895
CASSRDRDLNEQFF,4,0.210526315789
CASSVIGTGELFF,4,0.210526315789
CATGIGRNEQFF,3,0.157894736842
CMLAIMFRPLLELLLQETADF,2,0.105263157895
