CDR3,count,relative.frequency
CAASALPGNAGNMLTF,2,0.0408163265306
CAGSSGGSNYKLTF,2,0.0408163265306
CANQAGTALIF,2,0.0408163265306
CASFTGSARQLTF,2,0.0408163265306
CASGGSYIPTF,6,0.122448979592
CCEKGF,2,0.0408163265306
CGMDSSYKLIF,3,0.0612244897959
CGSPHLLLPITSSSEIGGF,3,0.0612244897959
CNGVTYGMNTGGTIDKLTF,2,0.0408163265306
CQTGANNLFF,25,0.510204081633
