CDR3,count,relative.frequency
CANYGYTF,21,0.323076923077
CSNQPQHF,27,0.415384615385
CSYNEQFF,2,0.0307692307692
CSYNSPLHF,13,0.2
CSYNSPLRF,2,0.0307692307692
