CDR3,count,relative.frequency
CAAENMGSLDYW,2,0.0645161290323
CARQFDYW,21,0.677419354839
CEALGYFDYW,4,0.129032258065
CSGAGCFGYW,2,0.0645161290323
CTNYDYW,2,0.0645161290323
