CDR3,count,relative.frequency
CAAWDDSLNGHVVF,4,0.0454545454545
CASWDDSLSGPVF,3,0.0340909090909
CASWDDSLSGPVVF,2,0.0227272727273
CASYAGNNNFVF,2,0.0227272727273
CATWDDSLSGPVF,2,0.0227272727273
CCSYAGSYTFVF,3,0.0340909090909
CDSRDSSVNHLVF,2,0.0227272727273
CETWDSYIVVF,2,0.0227272727273
CNSRDSRGNHYVF,2,0.0227272727273
CNSRDSSNHLVF,2,0.0227272727273
CQSADNSGIYVVF,3,0.0340909090909
CQSADSSGSYEVF,6,0.0681818181818
CQSYDSSLGLVVF,2,0.0227272727273
CQSYDSSLRSWVF,2,0.0227272727273
CQSYDSSLSRVVF,2,0.0227272727273
CQSYDSSLSVVF,2,0.0227272727273
CQSYGSSNRVF,2,0.0227272727273
CQTWGTGLWVF,2,0.0227272727273
CQTYDSSLNNWVF,2,0.0227272727273
CQVWDSNTAVF,2,0.0227272727273
CQVWDTSSDHWVF,2,0.0227272727273
CSSYSRSSTLVF,4,0.0454545454545
CSSYSSSSTLAF,9,0.102272727273
CSSYTSSSTWVF,5,0.0568181818182
CSSYTTLSTLVF,2,0.0227272727273
CSSYTTSSTAVF,3,0.0340909090909
CTAWDDTLNGPVF,6,0.0681818181818
CYAAADDNVIF,2,0.0227272727273
CYSTDSSGNHRVF,2,0.0227272727273
CYSTDSSGNYRVF,2,0.0227272727273
CYSTDSSGTHRVF,2,0.0227272727273
