CDR3,count,relative.frequency
CESASYPEGNF,4,0.034188034188
CHQYYDSPRTF,54,0.461538461538
CHQYYESPRTF,2,0.017094017094
CHQYYVSPRTF,2,0.017094017094
CISFLFFSFF,5,0.042735042735
CQAWDGTTVIF,3,0.025641025641
CQEYTPHSRTF,2,0.017094017094
CQEYTTHSRTF,2,0.017094017094
CQNYDSALLTF,3,0.025641025641
CQQDDKLPLTF,2,0.017094017094
CQQHYTSWTF,19,0.162393162393
CQQLNNF,2,0.017094017094
CQQRTNWQYTF,2,0.017094017094
CQQSYTSPPTF,2,0.017094017094
CQQSYTYPWTF,2,0.017094017094
CQQYLTSSRTF,2,0.017094017094
CQQYNKKYTF,9,0.0769230769231
