CDR3,count,relative.frequency
CANGAMDVW,3,0.00345224395857
CARDGGDEFDLW,15,0.0172612197929
CARDPAAWDYW,4,0.00460299194476
CARDPHGYGTFDYW,2,0.00230149597238
CARDRAVGQFDYW,459,0.528193325662
CARDRGDEFDYW,127,0.146144994246
CARDRMGRFDYW,21,0.02416570771
CARDRRLNWFDPW,6,0.00690448791715
CAREPNRYHAFDIW,2,0.00230149597238
CARERRVAVAGFDYW,9,0.0103567318757
CARGGMDHAYDYW,2,0.00230149597238
CARMTSFDYW,2,0.00230149597238
CARRGAYFDSW,3,0.00345224395857
CARSGYDSIFDFW,2,0.00230149597238
CARTIGWGWFDPW,2,0.00230149597238
CARVKGGVYYFDYW,2,0.00230149597238
CASELWGFDYW,3,0.00345224395857
CASGEAFDYW,64,0.0736478711162
CASGVVPTSFHYW,30,0.0345224395857
CAWVSLLLYYFDYW,2,0.00230149597238
CCDDTFDLW,4,0.00460299194476
CLYYFDFW,2,0.00230149597238
CPQRAFDFW,6,0.00690448791715
CPRDLRGRDDYW,2,0.00230149597238
CRTAAPDYFDYW,2,0.00230149597238
CRVRWDAFDIW,73,0.0840046029919
CSTDYYYYYNMDVW,4,0.00460299194476
CTGFGFGWFDPW,4,0.00460299194476
CTRLFAGDAFDVW,4,0.00460299194476
CYLDYW,8,0.00920598388953
