VJ,count,relative.frequency
IGHV2/OR16-IGHJ4,2,0.181818181818
IGHV3-IGHJ4,5,0.454545454545
IGHV3-IGHJ6,4,0.363636363636
