CDR3,count,relative.frequency
CAAWDDSLSGPGF,2,0.000617474529176
CAAWHGGLSGTVF,2,0.000617474529176
CAISERDYYGYTF,3,0.000926211793764
CALEWMGGIIPIF,3,0.000926211793764
CALSNLSQRQRGF,2,0.000617474529176
CARDF,240,0.0740969435011
CARDLSGF,2,0.000617474529176
CARDRAITF,38,0.0117320160543
CARNF,4,0.00123494905835
CAVIVNSGYALNF,6,0.00185242358753
CAVRGCGGF,2,0.000617474529176
CAVRTYNFNKFYF,4,0.00123494905835
CAVTHDYKLSF,5,0.00154368632294
CCLLNVKLRNF,2,0.000617474529176
CCPYTGTWAF,2,0.000617474529176
CCSHTGTWAF,2,0.000617474529176
CCSYGGNKNVF,2,0.000617474529176
CCSYGGTGTLGF,4,0.00123494905835
CCSYGGTGTLVF,6,0.00185242358753
CCSYTGTWAF,2095,0.646804569312
CCSYTGTWVF,4,0.00123494905835
CCSYTTSTTLEF,2,0.000617474529176
CESASYPEGNF,3,0.000926211793764
CGASRQILTGF,2,0.000617474529176
CGGIIPIF,3,0.000926211793764
CGSPEAF,6,0.00185242358753
CHHIHRTPYTF,2,0.000617474529176
CHHIHSTPYTF,2,0.000617474529176
CHQSFRTPPTF,43,0.0132757023773
CHQYDTSPRTF,2,0.000617474529176
CHQYETAPQTF,186,0.0574251312133
CHQYETSPQTF,3,0.000926211793764
CISFLFFSFF,3,0.000926211793764
CLHRGNWLYNF,2,0.000617474529176
CLHRGNWLYTF,2,0.000617474529176
CLLGFSGLPFGF,2,0.000617474529176
CLPRGNWLYTF,2,0.000617474529176
CLQTLETLTF,2,0.000617474529176
CLQTLHTLTF,2,0.000617474529176
CLQTLQTLTF,327,0.10095708552
CLQTPQTLTF,2,0.000617474529176
CMHGLEPPHTF,2,0.000617474529176
CMHGLEPPYTF,29,0.00895338067305
CMQGLKVPPTF,7,0.00216116085211
CMQGQQIPYTF,2,0.000617474529176
CMQSVHTWTF,2,0.000617474529176
CPILNSNPSQPSGGF,2,0.000617474529176
CPSEYNSYSYTF,2,0.000617474529176
CQAWDRTTYVF,4,0.00123494905835
CQESFDSQYTF,2,0.000617474529176
CQEYSTYPYTF,6,0.00185242358753
CQHCDTLPLTF,23,0.00710095708552
CQHSYTSVPTF,6,0.00185242358753
CQHYGTSSWTF,3,0.000926211793764
CQQCATSRCTF,2,0.000617474529176
CQQDNSWTF,2,0.000617474529176
CQQFYFSPRTF,2,0.000617474529176
CQQHGAAPWTF,2,0.000617474529176
CQQSFSIPTF,3,0.000926211793764
CQQSHTTGFTF,2,0.000617474529176
CQQTYNIPFNF,2,0.000617474529176
CQQYGRLFRTF,33,0.0101883297314
CQQYHSDLFTF,3,0.000926211793764
CQQYHSPLLTF,21,0.00648348255634
CQQYITWTF,2,0.000617474529176
CQQYSRYCTF,2,0.000617474529176
CQQYSRYSTF,8,0.0024698981167
CQSDTF,2,0.000617474529176
CSLHAGPGGRGF,2,0.000617474529176
CSSYTGTWAF,2,0.000617474529176
CSSYTSSSTLGGF,4,0.00123494905835
CSSYTSSTTLGGF,5,0.00154368632294
CTGFGF,16,0.00493979623341
CTRDLPF,4,0.00123494905835
CVVSLIGF,2,0.000617474529176
