CDR3,count,relative.frequency
CASSLKGDGTEAFF,4,0.111111111111
CASSLSSYEQYF,2,0.0555555555556
CASSQGTSDNEQFF,3,0.0833333333333
CASSSGQLTDTQYF,3,0.0833333333333
CASSSTSGSYEQYF,3,0.0833333333333
CSAGWYEQYF,19,0.527777777778
CSNQPQHF,2,0.0555555555556
