CDR3,count,relative.frequency
CANYGYTF,18,0.327272727273
CSNQPQHF,20,0.363636363636
CSYNEQFF,3,0.0545454545455
CSYNSPLHF,14,0.254545454545
