CDR3,count,relative.frequency
CARDDSSGYPDYW,2,0.0392156862745
CARERSGFDIW,2,0.0392156862745
CARESPTNYFDPW,6,0.117647058824
CARGFRSNSFDYW,3,0.0588235294118
CARGGSKSYFDYW,18,0.352941176471
CARSGFDYW,7,0.137254901961
CATGGGAGFDPW,2,0.0392156862745
CTRATVAGFDYW,6,0.117647058824
CTRYYINWFDSW,3,0.0588235294118
CVRGSDRYFDLW,2,0.0392156862745
