CDR3,count,relative.frequency
CAETGGGYQKVTF,2,0.0106382978723
CAKGF,2,0.0106382978723
CALPIWDTARF,2,0.0106382978723
CALVDGCLHGF,2,0.0106382978723
CARDNF,2,0.0106382978723
CARGF,11,0.0585106382979
CARTF,2,0.0106382978723
CARVGGF,2,0.0106382978723
CASKGF,5,0.0265957446809
CATPHPFPLNNYF,2,0.0106382978723
CAVTGSARQLTF,3,0.0159574468085
CAYSGNTPLVF,2,0.0106382978723
CCLYAGTYTF,2,0.0106382978723
CCSNAGSYTFVF,2,0.0106382978723
CESASYPEGNF,64,0.340425531915
CESDSYPEGNF,2,0.0106382978723
CGASGFAFNNF,3,0.0159574468085
CGSVWGGGGF,2,0.0106382978723
CGTWDSSLTTGGF,2,0.0106382978723
CHQHAISPRTF,2,0.0106382978723
CHQHASSPRTF,4,0.0212765957447
CHQYAATPYTF,2,0.0106382978723
CISFLFFSFF,4,0.0212765957447
CLLYMGSGLWVF,2,0.0106382978723
CLQALPPLTF,2,0.0106382978723
CLQHDSYPITF,5,0.0265957446809
CLVKLRKAVCNF,2,0.0106382978723
CMQESRWPYTF,8,0.0425531914894
CQAWDSGFVF,2,0.0106382978723
CQAWDSTTAGF,6,0.031914893617
CQHRGTF,2,0.0106382978723
CQHYYTLPYTF,2,0.0106382978723
CQQHHSIPYTF,2,0.0106382978723
CQQRASWPVTF,2,0.0106382978723
CQQSDTFPYTF,5,0.0265957446809
CQQTYTTPLTF,2,0.0106382978723
CQQYEKMPLTF,4,0.0212765957447
CQQYFNTLHTF,2,0.0106382978723
CQQYNAIWTF,4,0.0212765957447
CQQYYNLITF,2,0.0106382978723
CSPSAIPKTF,2,0.0106382978723
CSSYAGNHLFVF,4,0.0212765957447
CSVQFGEVNF,2,0.0106382978723
