VJ,count,relative.frequency
TRAV16-TRAJ48,2,0.0408163265306
TRAV17-TRAJ48,4,0.0816326530612
TRAV26-TRAJ35,6,0.122448979592
TRAV26-TRAJ48,24,0.489795918367
TRAV30-TRAJ35,2,0.0408163265306
TRAV34-TRAJ48,3,0.0612244897959
TRAV4-TRAJ48,2,0.0408163265306
TRAV40-TRAJ35,2,0.0408163265306
TRAV8-TRAJ48,2,0.0408163265306
TRAV9-TRAJ48,2,0.0408163265306
