CDR3,count,relative.frequency
CASRDDRVFGYTF,3,0.0833333333333
CASSDTGSYGYTF,4,0.111111111111
CASSIDRRTEAFF,2,0.0555555555556
CASSLAVNTEAFF,2,0.0555555555556
CASSLRERYEQYF,5,0.138888888889
CASSMTGFGETQYF,2,0.0555555555556
CASSPGSQETQYF,2,0.0555555555556
CASSSPGMNTEAFF,4,0.111111111111
CASSTWTDNEAFF,8,0.222222222222
CAWKKGTSTKETQYF,2,0.0555555555556
CSSFRSGNTVVF,2,0.0555555555556
