CDR3,count,relative.frequency
CARDRITIF,40,0.43956043956
CCLYAGRPLF,2,0.021978021978
CCSYAGSYLIF,10,0.10989010989
CMQALQTPLIF,22,0.241758241758
CQAWDRTVIF,4,0.043956043956
CQQYDSPLITF,2,0.021978021978
CSSYTSAALIF,9,0.0989010989011
CTVPTIF,2,0.021978021978
