CDR3,count,relative.frequency
CAKGGDWEDFDHW,2,0.0869565217391
CARAWAFDYW,9,0.391304347826
CARENGLDAFDIW,2,0.0869565217391
CARGKWLFDLW,2,0.0869565217391
CARNFWSEPFDYW,2,0.0869565217391
CNSASCYAEDYW,2,0.0869565217391
CSGVYCYSLFEYW,2,0.0869565217391
CVRDQSWAFDVW,2,0.0869565217391
