CDR3,count,relative.frequency
CAAWDDGLNGPVF,2,0.00816326530612
CAAWDDSLSGLWVF,2,0.00816326530612
CAAWDDSLSGYVVF,2,0.00816326530612
CAAWDDSVSGPSWVF,2,0.00816326530612
CASWDDSLNGVVF,2,0.00816326530612
CASWDDSLRGWVF,2,0.00816326530612
CATWDDSLNIWVF,4,0.0163265306122
CCSYAGSSTWVF,6,0.0244897959184
CGTWDSDLSAWKF,2,0.00816326530612
CGTWDSSLTSVVF,2,0.00816326530612
CHSRDSSDNHVVF,2,0.00816326530612
CLFSYTGARVF,2,0.00816326530612
CLLSYSGARRVF,7,0.0285714285714
CMLYMGSGISVF,2,0.00816326530612
CNSRDSSGNGVF,4,0.0163265306122
CNSRDSSGNHLVF,5,0.0204081632653
CQAWDNSTAVF,2,0.00816326530612
CQAWDSSSVFF,4,0.0163265306122
CQAWDSSTVVF,3,0.0122448979592
CQAWDSTTVVF,2,0.00816326530612
CQGWDSNTQTF,6,0.0244897959184
CQHLNSYPLTF,2,0.00816326530612
CQSADASGTYWVF,2,0.00816326530612
CQSADGSGTYVVF,2,0.00816326530612
CQSADSF,3,0.0122448979592
CQSADSGVIIF,2,0.00816326530612
CQSADSNGSSWLF,3,0.0122448979592
CQSADSSATYVVF,2,0.00816326530612
CQSADSSGSYRVF,2,0.00816326530612
CQSADSSGSYVLF,2,0.00816326530612
CQSADSSGTYVVF,3,0.0122448979592
CQSADSTGTYVVF,2,0.00816326530612
CQSADTSGTIVFF,2,0.00816326530612
CQSEDSTNTYSVF,2,0.00816326530612
CQSSDSSGTYVF,4,0.0163265306122
CQSYDISLSAVF,2,0.00816326530612
CQSYDISLSGRVF,2,0.00816326530612
CQSYDNSLSGSVF,2,0.00816326530612
CQSYDNSLSGVIF,2,0.00816326530612
CQSYDSILSGSVF,2,0.00816326530612
CQSYDSRLSGSGGF,2,0.00816326530612
CQSYDSSDVVF,2,0.00816326530612
CQSYDSSLGAAVF,2,0.00816326530612
CQSYDSSLSGLGVF,2,0.00816326530612
CQSYDSSLTGSVF,2,0.00816326530612
CQSYDSSVRNWVF,4,0.0163265306122
CQTWDSSTVLF,2,0.00816326530612
CQTWDTGLWVF,3,0.0122448979592
CQTWGTGIRVF,2,0.00816326530612
CQVWDNSSDHVIF,2,0.00816326530612
CQVWDSGSDHRVVF,2,0.00816326530612
CQVWDSRSDHVVF,6,0.0244897959184
CQVWDSSSEHVIF,4,0.0163265306122
CQVWDSSSGVF,2,0.00816326530612
CQVWDSSTEVVF,4,0.0163265306122
CSAWDDSLKGPVF,2,0.00816326530612
CSSFTSSSTWVF,2,0.00816326530612
CSSYAGSKNLVF,4,0.0163265306122
CSSYAGSNKFVVF,8,0.0326530612245
CSSYAGSNNLF,5,0.0204081632653
CSSYAGSNNLVF,5,0.0204081632653
CSSYAGSSNFVVF,5,0.0204081632653
CSSYASTSTLWVF,2,0.00816326530612
CSSYTSGDTLWVF,2,0.00816326530612
CSSYTSKSTFEAF,2,0.00816326530612
CSSYTSSRTWVF,12,0.0489795918367
CSSYTSSSSWVF,8,0.0326530612245
CSSYTSSSTTIF,2,0.00816326530612
CSSYTSSSTWVF,25,0.102040816327
CSSYTTSDTLIF,8,0.0326530612245
CYSTDSSGSHVVF,2,0.00816326530612
CYSTPDNNGVF,2,0.00816326530612
