CDR3,count,relative.frequency
CARDQRVGF,2,0.00881057268722
CARGF,5,0.0220264317181
CARMRENF,2,0.00881057268722
CARMREWF,2,0.00881057268722
CATWDDSLTAYVF,2,0.00881057268722
CESASYPEGNF,12,0.0528634361233
CGSPEAF,99,0.436123348018
CGTVIHACVF,2,0.00881057268722
CHQYNFIPGTF,3,0.0132158590308
CHQYYIPALTF,6,0.0264317180617
CISFLFFSFF,3,0.0132158590308
CLLQEHRALRSGF,2,0.00881057268722
CLPHGLPSF,2,0.00881057268722
CLQSRSAPRTF,2,0.00881057268722
CLQYHNAPYTF,3,0.0132158590308
CQESYTISWTF,6,0.0264317180617
CQHLKTF,2,0.00881057268722
CQHNDNWPPTF,2,0.00881057268722
CQHSNSFTF,2,0.00881057268722
CQHYDDSLWTF,2,0.00881057268722
CQKLNDVPPTF,2,0.00881057268722
CQMGGSPPTF,2,0.00881057268722
CQQANGFPVTF,2,0.00881057268722
CQQLHASPFTF,2,0.00881057268722
CQQQTIWPPITF,2,0.00881057268722
CQQSGDSMWTF,2,0.00881057268722
CQQSSTTLYTF,5,0.0220264317181
CQQTKTFPLTF,3,0.0132158590308
CQQTYIVPRTF,2,0.00881057268722
CQQYARGTF,2,0.00881057268722
CQQYDDYRTF,2,0.00881057268722
CQQYDTSIPTF,2,0.00881057268722
CQQYETPPPTF,2,0.00881057268722
CQQYFISPYTF,2,0.00881057268722
CQQYGGTPDNF,10,0.0440528634361
CQQYGGTPNNF,2,0.00881057268722
CQQYXGTXXTF,2,0.00881057268722
CQQYYDNFLTF,2,0.00881057268722
CQQYYLIPYTF,2,0.00881057268722
CQRYDTLWFTF,2,0.00881057268722
CQTWDAGF,2,0.00881057268722
CSSFTADTRLF,2,0.00881057268722
CTAMLAPGF,8,0.0352422907489
CTTGNF,2,0.00881057268722
