CDR3,count,relative.frequency
CHQRSNWPYSF,2,0.00263852242744
CHQYGSSPRTF,2,0.00263852242744
CLQGSHWPLTF,2,0.00263852242744
CLQHHDYPWTF,2,0.00263852242744
CLQHNSYPYSF,2,0.00263852242744
CLQRSDWPRTF,3,0.00395778364116
CLQRSSWPRTF,2,0.00263852242744
CMQALQTPLTF,6,0.00791556728232
CMQALQTPPAF,3,0.00395778364116
CMQALQTPWTF,2,0.00263852242744
CMQASHWPYTF,2,0.00263852242744
CMQATQHPHTF,2,0.00263852242744
CMQGTHWPFTF,3,0.00395778364116
CMQGVELPLTF,7,0.00923482849604
CMQTLQTPLTF,18,0.023746701847
CMQVLHTPHTF,2,0.00263852242744
CMQVLQTPLTF,30,0.0395778364116
CQHYGSSITF,4,0.00527704485488
CQQANSLPYTF,2,0.00263852242744
CQQERSNWPTF,2,0.00263852242744
CQQGYSSPRTF,2,0.00263852242744
CQQGYSTPRTF,26,0.0343007915567
CQQLNSYPRTF,4,0.00527704485488
CQQRKNYPITF,2,0.00263852242744
CQQRSRWLTF,4,0.00527704485488
CQQSDTLPYSF,2,0.00263852242744
CQQSYSTPRTF,3,0.00395778364116
CQQTYSNPPYTF,2,0.00263852242744
CQQTYSNPRYTF,135,0.178100263852
CQQTYSTPRYTF,4,0.00527704485488
CQQYFSLPLTF,2,0.00263852242744
CQQYFTLPLTF,2,0.00263852242744
CQQYGGLPGTF,3,0.00395778364116
CQQYGSSLWTF,2,0.00263852242744
CQQYHIYSWTF,9,0.0118733509235
CQQYHNLPYNF,2,0.00263852242744
CQQYHSFPLTF,2,0.00263852242744
CQQYNNRRTF,2,0.00263852242744
CQQYNNWPPWTF,107,0.141160949868
CQQYYGTPFTF,2,0.00263852242744
CQQYYNTPWTF,15,0.0197889182058
CQQYYSLYSF,2,0.00263852242744
CQQYYSTPDTF,2,0.00263852242744
CQQYYSTPYSF,2,0.00263852242744
CQQYYSTPYTF,320,0.422163588391
CQQYYSTTYTF,2,0.00263852242744
