CDR3,count,relative.frequency
CGTWDSSLRAWVF,3,0.00251889168766
CGTWDSSLSAWAF,3,0.00251889168766
CGTWDSSLSAWLF,3,0.00251889168766
CGTWDSSLSAWVF,1133,0.951301427372
CGTWDSSLSTWVF,2,0.0016792611251
CLLYYGGVRVF,3,0.00251889168766
CQAWDSSTAVVF,15,0.0125944584383
CQSTDSSGSWVF,2,0.0016792611251
CQSYDRSLSGWVF,3,0.00251889168766
CQTWGSGIWVF,2,0.0016792611251
CQTWGTGMVF,2,0.0016792611251
CSDLPDRSF,2,0.0016792611251
CSSYTSSSTLVF,12,0.0100755667506
CSYAGSSTSLYVF,6,0.00503778337531
