CDR3,count,relative.frequency
CAASGNQFYF,2,0.0142857142857
CARIFPGF,23,0.164285714286
CAVLPRRDDKIIF,2,0.0142857142857
CCSYAGSPYVF,31,0.221428571429
CESASYPEGNF,40,0.285714285714
CGSPEAF,13,0.0928571428571
CGTWDSSLRAWGF,2,0.0142857142857
CGTWDSSLSAWGF,2,0.0142857142857
CISFLFFSFF,2,0.0142857142857
CLLRSQLKQSF,7,0.05
CQQTSSVPLTF,5,0.0357142857143
CQQYGSSHGF,2,0.0142857142857
CQQYYDTPYNF,2,0.0142857142857
CQQYYNQIFTF,3,0.0214285714286
CQTWDSSAGVF,2,0.0142857142857
CSSLLYLCCTF,2,0.0142857142857
