CDR3,count,relative.frequency
CMQALQSPGTF,2,0.133333333333
CQQFNSYPLSF,2,0.133333333333
CQQRSNWPPGYTF,2,0.133333333333
CQQYDNLPITF,2,0.133333333333
CQQYYSIPPTF,7,0.466666666667
