CDR3,count,relative.frequency
CESASYPEGNF,6,0.285714285714
CGSPEAF,5,0.238095238095
CKESVCCACF,3,0.142857142857
CNLVACPQTF,2,0.0952380952381
CQEYDDVSRTF,2,0.0952380952381
CSSDAYNTACGF,3,0.142857142857
