ID,average_diversity,max_diversity
022dd75d-0977-40b5-8804-bf0a281c149b_gdc_realn_rehead.MT,0.142216380558,1.74739444624
