ID,average_diversity,max_diversity
1bc73950-9b27-4e14-a152-2cca34397565_gdc_realn_rehead.MT,0.31347795081,1.65002242165
