ID,average_diversity,max_diversity
1c356cd8-5f5b-4357-90ea-d2d23109e284_gdc_realn_rehead.MT,0.101197930813,0.988160588947
