ID,average_diversity,max_diversity
2f9b92f8-8c19-41e3-896c-42f383616055_gdc_realn_rehead.MT,0.0632129587297,0.968700343651
