ID,average_diversity,max_diversity
37148380-3155-46a5-bc73-d79cf0549e87_gdc_realn_rehead.MT,0.0780705136332,0.994693795361
