ID,average_diversity,max_diversity
3ea7a215-73c4-4e11-94f3-2aa03325349e_gdc_realn_rehead.MT,0.152992626227,0.883738184747
