ID,average_diversity,max_diversity
418985cf-3f58-4673-9303-961204e7c470_gdc_realn_rehead.MT,0.0826464779242,0.994984828186
