ID,average_diversity,max_diversity
481e7b1a-4750-46e9-a326-7c515fe80bc6_gdc_realn_rehead.MT,0.183979263562,0.997852776609
