ID,average_diversity,max_diversity
4e3283f8-1bb1-452f-b065-2de234d759d7_gdc_realn_rehead.MT,0.234981960092,0.970950594455
