ID,average_diversity,max_diversity
55427b1d-4160-45fd-a5d4-a72d724e87b4_gdc_realn_rehead.MT,0.156226515082,0.999473020186
