ID,average_diversity,max_diversity
56089d6d-8b99-4325-8e68-e91d78b56322_gdc_realn_rehead.MT,0.147616076622,0.979868756651
