ID,average_diversity,max_diversity
67295c38-9cc0-4492-b782-05f762173b63_gdc_realn_rehead.MT,0.119082357971,0.947435136184
