ID,average_diversity,max_diversity
6b7d7402-42f0-4511-937f-9462ef549ef6_gdc_realn_rehead.MT,0.124762646308,0.995727452085
