ID,average_diversity,max_diversity
6c5a23c8-70b3-4bb3-842d-42b048978f1e_gdc_realn_rehead.MT,0.0898163496922,0.970950594455
