ID,average_diversity,max_diversity
78ef733f-6117-482b-9a45-93bd0366d0ee_gdc_realn_rehead.MT,0.330540388827,0.999643749678
