ID,average_diversity,max_diversity
7fc80880-9530-489c-84a8-5994ce745892_gdc_realn_rehead.MT,0.079911390301,0.863120568567
