ID,average_diversity,max_diversity
804a851a-a496-4139-b304-4fcbb4e466f8_gdc_realn_rehead.MT,0.216761258636,0.999777967212
