ID,average_diversity,max_diversity
861a0fcf-4794-4437-9f95-714be338f3c8_gdc_realn_rehead.MT,0.132271367986,0.999570839347
