ID,average_diversity,max_diversity
8a029484-0321-4f80-a941-37bbb91d41e6_gdc_realn_rehead.MT,0.159377542133,0.99344723838
