ID,average_diversity,max_diversity
924207e4-46c5-40ed-b829-4a8fc925466d_gdc_realn_rehead.MT,0.133689668574,0.999257979093
