ID,average_diversity,max_diversity
94d02ca0-9544-4491-8cde-f73748465eeb_gdc_realn_rehead.MT,0.0677825072339,0.968164732076
