ID,average_diversity,max_diversity
9910c730-39be-4cf1-9007-1b3a9712a4f2_gdc_realn_rehead.MT,0.179962663671,0.896038232535
