ID,average_diversity,max_diversity
9ca830f3-ac0a-49a9-892d-878b1d593743_gdc_realn_rehead.MT,0.605778257661,0.999993085828
