ID,average_diversity,max_diversity
a3736f9a-6f21-4b60-82c9-fef598683885_gdc_realn_rehead.MT,0.139475917065,0.979868756651
