ID,average_diversity,max_diversity
a4c45d2b-9067-4218-8428-1b7be3977ee1_gdc_realn_rehead.MT,0.075344220755,0.992476003943
