ID,average_diversity,max_diversity
ac92ae82-c416-4812-93e1-9f3def081381_gdc_realn_rehead.MT,0.302213097364,0.918295834054
