ID,average_diversity,max_diversity
b62181ac-22b7-452d-8055-313a8fd9b740_gdc_realn_rehead.MT,0.140671210683,1.61457156122
