ID,average_diversity,max_diversity
c292261b-d8e9-4245-936a-884d0c5f2544_gdc_realn_rehead.MT,0.21551190558,0.93608143194
