ID,average_diversity,max_diversity
c4c56341-9436-4ebe-a008-f822256db2d6_gdc_realn_rehead.MT,0.141706931234,0.970950594455
