ID,average_diversity,max_diversity
ca70f952-1943-4b89-94fc-3795b5cf29a7_gdc_realn_rehead.MT,0.0632980598012,0.977417817528
