ID,average_diversity,max_diversity
d1731e80-53bc-4225-9097-8d7e32aa173a_gdc_realn_rehead.MT,0.145440259598,0.996316519559
