ID,average_diversity,max_diversity
e0990992-6012-41ef-9db2-e0090973f822_gdc_realn_rehead.MT,0.271237222056,0.987137774372
