ID,average_diversity,max_diversity
ebf6d5b9-6359-46d9-9e73-066a15b5f903_gdc_realn_rehead.MT,0.322684559937,0.994030211477
