VJ,count,relative.frequency
TRAV12-TRAJ35,2,0.0444444444444
TRAV23/DV6-TRAJ12,2,0.0444444444444
TRAV26-TRAJ43,2,0.0444444444444
TRAV27-TRAJ35,2,0.0444444444444
TRAV30-TRAJ53,3,0.0666666666667
TRAV36/DV7-TRAJ36,34,0.755555555556
