CDR3,count,relative.frequency
CDNNNDMRF,2,0.0444444444444
CGCENSGGSNYKLTF,3,0.0666666666667
CGMDSSYKLIF,2,0.0444444444444
CPTGLGLLERLRVRVGGSAGF,2,0.0444444444444
CQTGANNLFF,34,0.755555555556
CVCVCACVPALAPLSVCVF,2,0.0444444444444
