CDR3,count,relative.frequency
CANYGYTF,6,0.214285714286
CSNQPQHF,12,0.428571428571
CSYNEQFF,2,0.0714285714286
CSYNSPLHF,8,0.285714285714
