CDR3,count,relative.frequency
CADSATHGGSGPRTDGRGFLF,2,0.0289855072464
CANQAGTALIF,7,0.101449275362
CASGGSYIPTF,8,0.115942028986
CAYSGAGSYQLTF,2,0.0289855072464
CGCENSGGSNYKLTF,7,0.101449275362
CGSPHLLLPITSSSEIGGF,2,0.0289855072464
CQTGANNLFF,31,0.449275362319
CQTGATNLFF,2,0.0289855072464
CSLLRGPLPPCIEHRTQGLF,2,0.0289855072464
CYTGANRKLTF,2,0.0289855072464
CYTGANSKLTF,4,0.0579710144928
