CDR3,count,relative.frequency
CANYGYTF,23,0.323943661972
CHCVNTEAFF,2,0.0281690140845
CSNQPQHF,31,0.43661971831
CSYNSPLHF,15,0.211267605634
