CDR3,count,relative.frequency
CAKDIW,2,0.0740740740741
CARALTYADYW,2,0.0740740740741
CARGGWYQDYW,3,0.111111111111
CARSPGFFDYW,3,0.111111111111
CARSTDYW,4,0.148148148148
CRVATQDYW,3,0.111111111111
CSKSHCYDLDYW,6,0.222222222222
CTRVLRANDYW,4,0.148148148148
