CDR3,count,relative.frequency
CAAWDDNLNGWVF,31,0.0987261146497
CAAWDDSLNAWVF,2,0.00636942675159
CAAWDDSLNGWVF,21,0.0668789808917
CAAWDDSLSGRVF,7,0.0222929936306
CAAWDESLSGPVF,2,0.00636942675159
CCSYTSSSTWVF,4,0.0127388535032
CETWDTNTWVF,4,0.0127388535032
CFLSYNGARVF,2,0.00636942675159
CFSYASSTLLVF,6,0.0191082802548
CGTWDGSLRAGVF,3,0.00955414012739
CGTWDSDLSAEVF,8,0.0254777070064
CGTWDSSLSAGVF,27,0.0859872611465
CHSYTSSSTLVF,2,0.00636942675159
CISYTSSSTWVF,9,0.0286624203822
CLIWHSSAWVF,3,0.00955414012739
CLLSYRGARVF,2,0.00636942675159
CMIWHSSAAVF,4,0.0127388535032
CMIWPNNAWVF,2,0.00636942675159
CMIWPSNAWVF,3,0.00955414012739
CQAWDSSAGAVF,30,0.0955414012739
CQAWDSSAGVVF,6,0.0191082802548
CQAWDSSFVVF,4,0.0127388535032
CQAWDSSTAVF,13,0.0414012738854
CQAWDSSTAVVF,6,0.0191082802548
CQAWDSSTVF,4,0.0127388535032
CQAWDSSTVVF,7,0.0222929936306
CQAWDTSTVVF,2,0.00636942675159
CQSADNSGVYVIF,5,0.015923566879
CQSADSSGTDWVF,2,0.00636942675159
CQSADSSGTSLVF,15,0.0477707006369
CQSADSSGTVVF,3,0.00955414012739
CQSADSSGTYAVF,2,0.00636942675159
CQSYDNSLSGLYVF,2,0.00636942675159
CQSYDRSLSGLVF,7,0.0222929936306
CQSYDSSHQGVF,3,0.00955414012739
CQSYDSSLSGSVF,2,0.00636942675159
CQSYDSSLSGWVF,2,0.00636942675159
CQSYDSSLSRVF,2,0.00636942675159
CQTWATDIRVF,2,0.00636942675159
CQTWGSGIHVF,2,0.00636942675159
CQTWGSGTWVF,2,0.00636942675159
CQTWGTGIQVF,2,0.00636942675159
CQTWGTGIRVF,2,0.00636942675159
CQTWGTGVLVF,2,0.00636942675159
CQTWVTGTPVF,2,0.00636942675159
CQVWDSSRDHVVF,2,0.00636942675159
CQVWDSSTALF,2,0.00636942675159
CSSRDSSGNHVLF,6,0.0191082802548
CSSYAGSNNVLF,3,0.00955414012739
CSSYAGSNTWVF,2,0.00636942675159
CSSYRVSSTLVF,2,0.00636942675159
CSSYTSSSTWVF,12,0.0382165605096
CSSYTSSSTYVVF,8,0.0254777070064
CSSYTSSTTVVF,2,0.00636942675159
CSSYTSTSTLVF,2,0.00636942675159
