VJ,count,relative.frequency
TRAV1-TRAJ35,3,0.107142857143
TRAV26-TRAJ48,18,0.642857142857
TRAV40-TRAJ35,2,0.0714285714286
TRAV40-TRAJ48,3,0.107142857143
TRAV9-TRAJ35,2,0.0714285714286
