CDR3,count,relative.frequency
CAANSDHLNF,2,0.0133333333333
CAAVHHGGCGF,2,0.0133333333333
CAAWDDSLRGPGF,2,0.0133333333333
CCSHSDTINYVF,2,0.0133333333333
CDSAHCGSKIF,3,0.02
CEIVRTSSKF,8,0.0533333333333
CESASYPEGNF,63,0.42
CHHHYITPWTF,2,0.0133333333333
CHQHYNTPWTF,2,0.0133333333333
CHQHYVTPWTF,2,0.0133333333333
CILTILKKNSF,2,0.0133333333333
CISFLFFSFF,5,0.0333333333333
CKLLQQSHLFPGF,3,0.02
CLLCSSRRAWSRF,3,0.02
CLLDYMCDF,2,0.0133333333333
CMQDLLTETF,2,0.0133333333333
CQHRSDLVTF,2,0.0133333333333
CQHYDTTRTF,3,0.02
CQKYDRAPRTF,6,0.04
CQKYDRDPRTF,2,0.0133333333333
CQQRRTF,5,0.0333333333333
CQQRSTF,4,0.0266666666667
CQQSSNTRTF,6,0.04
CQQSYFSRTF,4,0.0266666666667
CQQSYFTWTF,2,0.0133333333333
CQQSYSPLLTF,2,0.0133333333333
CQQYGRTF,2,0.0133333333333
CQTWGTGWVF,3,0.02
CSGSVQPLPPGF,2,0.0133333333333
CTFVGCVCNF,2,0.0133333333333
