VJ,count,relative.frequency
TRAV34-TRAJ35,2,0.133333333333
TRAV36/DV7-TRAJ36,13,0.866666666667
