CDR3,count,relative.frequency
CANYGYAF,2,0.0645161290323
CANYGYTF,8,0.258064516129
CSNQPQHF,10,0.322580645161
CSYNSPLHF,11,0.354838709677
