CDR3,count,relative.frequency
CAHTDGAARFDPW,2,0.00406504065041
CANMAAGTLDYW,2,0.00406504065041
CARASRPNFFDPW,2,0.00406504065041
CARDLYSYFDQW,3,0.00609756097561
CARDPLEADFDTW,2,0.00406504065041
CARDSISARPHFDYW,3,0.00609756097561
CAREGQLGNFDYW,8,0.0162601626016
CAREKDGFDVW,2,0.00406504065041
CARENGGGIFDYW,2,0.00406504065041
CARENRGGIFDYW,17,0.0345528455285
CARESGYYFDYW,15,0.030487804878
CAREVEGLFHYW,2,0.00406504065041
CAREVLGRFDPW,2,0.00406504065041
CARGFKYFDFW,3,0.00609756097561
CARGRTIFDYW,7,0.0142276422764
CARGVDYLDYW,3,0.00609756097561
CARGVVSPDYW,38,0.0772357723577
CARGYPLLDYW,29,0.0589430894309
CARGYTRDAFEVW,8,0.0162601626016
CARITGTTSFDFW,2,0.00406504065041
CARLNVTRNWFDPW,6,0.0121951219512
CARMAIVMGVDYW,4,0.00813008130081
CARNGVGDTFDIW,3,0.00609756097561
CARNKVVDGWFDPW,3,0.00609756097561
CARNSGSYDYW,2,0.00406504065041
CARRGRGKFFYFDQW,2,0.00406504065041
CARRGYTSAWFFDYW,5,0.010162601626
CARRRADSFDLW,2,0.00406504065041
CARSGYGLDYYFDYW,2,0.00406504065041
CARVKWRVAFDYW,2,0.00406504065041
CARWVDYGDYIDYW,14,0.0284552845528
CARYVGKSDYW,12,0.0243902439024
CASTHFGGTFDYW,3,0.00609756097561
CATAVFDYW,3,0.00609756097561
CATDTESGFDYW,2,0.00406504065041
CATGGSDYW,24,0.0487804878049
CDAW,3,0.00609756097561
CDHW,6,0.0121951219512
CGSASDYW,12,0.0243902439024
CGTGGLDYW,7,0.0142276422764
CRDETFDYW,2,0.00406504065041
CSGGSCSYAFDIW,3,0.00609756097561
CSGGTCSYAFDIW,10,0.020325203252
CSGGVCYSAFDYW,13,0.0264227642276
CSGGVCYWAFDYW,3,0.00609756097561
CSRTNCKAAFDYW,4,0.00813008130081
CSSTSCYGVDYW,3,0.00609756097561
CTRALDYW,12,0.0243902439024
CTSFNCGNWFDPW,2,0.00406504065041
CTTDCFDIFDHW,2,0.00406504065041
CTTDRWDYW,68,0.138211382114
CVGGNLFDLW,5,0.010162601626
CVKESFDYW,3,0.00609756097561
CVSASDYW,85,0.172764227642
CYSAFDYW,6,0.0121951219512
CYYGLDVW,2,0.00406504065041
