CDR3,count,relative.frequency
CARDLRITIF,3,0.0535714285714
CARDSPRIF,25,0.446428571429
CAREIRITIF,4,0.0714285714286
CIQAQETPLIF,8,0.142857142857
CQAWDNSPEIF,2,0.0357142857143
CSSHAGSDNLIF,2,0.0357142857143
CSSHVGSDNLIF,2,0.0357142857143
CSSYADSDNLIF,8,0.142857142857
CSSYADSNSLIF,2,0.0357142857143
