CDR3,count,relative.frequency
CALPIWDTARF,2,0.0833333333333
CAVPHAYYPSNF,2,0.0833333333333
CAYRNTYNNDMRF,2,0.0833333333333
CEALNSEHPF,2,0.0833333333333
CESASYPEGNF,6,0.25
CISFLFFSFF,4,0.166666666667
CMQAVHTRTF,2,0.0833333333333
CSSDLAGGF,2,0.0833333333333
CSSLTSSEAGF,2,0.0833333333333
