CDR3,count,relative.frequency
CAKGTNWFDPW,4,0.0251572327044
CANEIRPNDYW,6,0.0377358490566
CARDLGVGKYFDYW,3,0.0188679245283
CARDSITGGDYW,4,0.0251572327044
CAREDKSARDYW,2,0.0125786163522
CAREGVDYW,11,0.0691823899371
CAREREEELLDYW,2,0.0125786163522
CARGDYSDYFIFDYW,2,0.0125786163522
CARGGAGTWFDPW,8,0.0503144654088
CARGSGAFDYW,8,0.0503144654088
CARGTNYSSNWFDPW,5,0.0314465408805
CARMNTAIRWYFDLW,2,0.0125786163522
CARSFRGDAWFDPW,2,0.0125786163522
CARVSVTGRAFDIW,2,0.0125786163522
CASGPGWFDPW,4,0.0251572327044
CATSTGDYAAFDIW,7,0.0440251572327
CATVSNLVHFDYW,3,0.0188679245283
CATVSNMVHFDYW,67,0.421383647799
CLHYAMDVW,2,0.0125786163522
CTGGACYSDLW,3,0.0188679245283
CTRAEHLVAPDYW,2,0.0125786163522
CVKASTTVTTFDYW,10,0.062893081761
