CDR3,count,relative.frequency
CAASGFTFNNF,3,0.00733496332518
CAGPTALLAHEIGF,2,0.00488997555012
CARDFSNF,18,0.0440097799511
CARGF,48,0.117359413203
CARPMITF,9,0.0220048899756
CARVVVVIGF,26,0.0635696821516
CATEFLLTF,2,0.00488997555012
CAVSDRGTGRRALTF,2,0.00488997555012
CCSSAGSITF,8,0.0195599022005
CCSSVGSSTF,2,0.00488997555012
CCSYAGSSVYVF,10,0.0244498777506
CCSYAGSYTF,2,0.00488997555012
CCSYAGSYTWGF,2,0.00488997555012
CCSYAGTFFYVF,4,0.00977995110024
CESASYPEGNF,74,0.180929095355
CGLLCVDSATF,5,0.0122249388753
CHQSHSTLYTF,2,0.00488997555012
CHQSYTFPSTF,2,0.00488997555012
CHQYFSWPGF,2,0.00488997555012
CHQYLSDPRTF,4,0.00977995110024
CISFLFFSFF,5,0.0122249388753
CLLLRERNRGF,2,0.00488997555012
CLLSYGGAWGF,2,0.00488997555012
CLQPYSTRWTF,3,0.00733496332518
CLQTYSTRWTF,66,0.161369193154
CMQGLQPPPGF,2,0.00488997555012
CMQGPQTPPGF,3,0.00733496332518
CMQSKEVPLTF,2,0.00488997555012
CQAWDSSTVGF,3,0.00733496332518
CQHYDNSVWTF,2,0.00488997555012
CQHYTNSPHTF,2,0.00488997555012
CQQRNNPFTF,2,0.00488997555012
CQQSGNSLLTF,2,0.00488997555012
CQQSYKSPFTF,2,0.00488997555012
CQQSYSTPWTF,3,0.00733496332518
CQQTYGIPVTF,2,0.00488997555012
CQQTYSSFATF,6,0.0146699266504
CQQYARSLFTF,3,0.00733496332518
CQQYDDVLFFTF,8,0.0195599022005
CQQYFNSRTF,3,0.00733496332518
CQQYYTAAWTF,5,0.0122249388753
CQRRFTF,2,0.00488997555012
CQRRGTF,5,0.0122249388753
CQVWDDSNF,3,0.00733496332518
CQYYGSXLXTF,2,0.00488997555012
CSIGLYVCF,2,0.00488997555012
CSPSDPMVFSSF,2,0.00488997555012
CSSYTRSRSYVF,3,0.00733496332518
CSSYTSSTYSVF,25,0.0611246943765
CSSYVGSVTF,3,0.00733496332518
CTFLNLLSSF,2,0.00488997555012
CTRAGVMITF,3,0.00733496332518
CVTVSSHEPHGF,2,0.00488997555012
