VJ,count,relative.frequency
TRAV35-TRAJ35,2,0.047619047619
TRAV35-TRAJ48,7,0.166666666667
TRAV36/DV7-TRAJ36,33,0.785714285714
