CDR3,count,relative.frequency
CANQAGTALIF,3,0.0461538461538
CASGGSYIPTF,2,0.0307692307692
CAYSGAGSYQLTF,3,0.0461538461538
CDNNNDMRF,3,0.0461538461538
CGCENSGGSNYKLTF,2,0.0307692307692
CGSPHLLLPITSSSEIGGF,4,0.0615384615385
CPAQTREERVSVRDLPGCRTF,2,0.0307692307692
CQTGANNLFF,44,0.676923076923
CYTGANSKLTF,2,0.0307692307692
