CDR3,count,relative.frequency
CANYGYAF,2,0.0183486238532
CANYGYTF,17,0.155963302752
CSNQPQHF,43,0.394495412844
CSYNEQFF,8,0.0733944954128
CSYNSPLHF,39,0.357798165138
