CDR3,count,relative.frequency
CAGVSEAGTALIF,2,0.0246913580247
CANQAGTALIF,2,0.0246913580247
CASGGSYIPTF,4,0.0493827160494
CAVGGGSSNTGKLIF,2,0.0246913580247
CAYSGAGSYQLTF,2,0.0246913580247
CDNNNDMRF,2,0.0246913580247
CGCENSGGSNYKLTF,4,0.0493827160494
CGMDSSYKLIF,6,0.0740740740741
CGSPHLLLPITSSSEIGGF,2,0.0246913580247
CKGSSSCGKEGNRKFTF,3,0.037037037037
CPQPAPPHHATHRPLPRHPNF,2,0.0246913580247
CQTGANNLFF,45,0.555555555556
CQTGANTLFF,2,0.0246913580247
CSASRVRVCVVCVWRVCF,3,0.037037037037
