CDR3,count,relative.frequency
CANYGYTF,25,0.263157894737
CDFHLDPCHCVNTEAFF,2,0.0210526315789
CSNQPQHF,48,0.505263157895
CSYNSPLHF,20,0.210526315789
