CDR3,count,relative.frequency
CARAMDYW,3,0.0422535211268
CARDLSGRFDLW,3,0.0422535211268
CARDLSGSSDYW,3,0.0422535211268
CAREGSGGFDYW,2,0.0281690140845
CAREILDNPDAFDIW,5,0.0704225352113
CARETAQGAFDLW,2,0.0281690140845
CARGFHGYPDYW,7,0.0985915492958
CARGGGYYFDYW,2,0.0281690140845
CARGGPSDAFDIW,2,0.0281690140845
CARQDGNDLDYW,5,0.0704225352113
CARRVKGGYFDLW,5,0.0704225352113
CATAGVRGEFDIW,2,0.0281690140845
CATSNCYQFDHW,2,0.0281690140845
CSRGPCLPFDSW,3,0.0422535211268
CSRGYFDSW,2,0.0281690140845
CSSGAQGDYW,2,0.0281690140845
CTTATCYVNDYW,3,0.0422535211268
CTTTTCSLDYW,4,0.056338028169
CVRNWGDLW,7,0.0985915492958
CYRSDYW,7,0.0985915492958
