CDR3,count,relative.frequency
CAAWDDSLDGWVF,2,0.010101010101
CAAWDDSLNGVVF,4,0.020202020202
CAAWDDSLNGWVF,3,0.0151515151515
CAAWDDSLSGRVF,2,0.010101010101
CAAWDDSLSGWGF,2,0.010101010101
CAAWDDSLSGWVF,21,0.106060606061
CAAWDDSLSGYVF,3,0.0151515151515
CATWDDNLSGVF,2,0.010101010101
CAVWDDSLDGWVF,2,0.010101010101
CCSYAGSYTLVF,3,0.0151515151515
CCSYAGSYTWVF,2,0.010101010101
CCSYTSSSTLLF,2,0.010101010101
CGAWDSSLSAVVF,3,0.0151515151515
CGTWDKSLSAWVF,2,0.010101010101
CGTWDSSLAAGVF,5,0.0252525252525
CGTWDSSLSAWVF,2,0.010101010101
CLLSYSATRVF,3,0.0151515151515
CLLSYSGARVF,4,0.020202020202
CLLSYSGARVVF,2,0.010101010101
CLLYYGGARVF,5,0.0252525252525
CLLYYGGVRVF,3,0.0151515151515
CLSFDSSLSGWVF,2,0.010101010101
CMIWHSSAWVF,4,0.020202020202
CNSRDISGNHVVF,3,0.0151515151515
CNSRDSSGSHIIF,2,0.010101010101
CNSRDSSGSHVLF,2,0.010101010101
CNSYTSSSTPVVF,2,0.010101010101
CQAWDSNIAVF,5,0.0252525252525
CQAWDSSTPAIF,2,0.010101010101
CQAWDSSTVKVF,2,0.010101010101
CQAWDSSTVVF,2,0.010101010101
CQAWDSTSAVF,3,0.0151515151515
CQAWDSTTEPVVF,2,0.010101010101
CQSADSSGDYYLF,8,0.040404040404
CQSADSSGTYFKF,2,0.010101010101
CQSADSSGYVF,3,0.0151515151515
CQSADSTGGYVVF,2,0.010101010101
CQSFDSSLSGLGVF,2,0.010101010101
CQSGDSSGHVVF,3,0.0151515151515
CQSTDSSGTYWVF,4,0.020202020202
CQSYDRSLSGWVF,2,0.010101010101
CQSYDSSLSAWVF,2,0.010101010101
CQSYDSSLSGPVF,3,0.0151515151515
CQSYDSSLSGVVF,3,0.0151515151515
CQTWGAGIRVF,3,0.0151515151515
CQTWGTAIRVF,2,0.010101010101
CQTWGTGIRVF,2,0.010101010101
CQVWDSSSLVF,2,0.010101010101
CQVWDSTSAVF,2,0.010101010101
CQVWDTDTAVF,4,0.020202020202
CSSYAGNNNLIF,2,0.010101010101
CSSYAGSDNPVVF,2,0.010101010101
CSSYAGSNNVVF,2,0.010101010101
CSSYAGSNTLF,2,0.010101010101
CSSYAGSYTWIF,4,0.020202020202
CSSYAVSNNLVF,2,0.010101010101
CSSYGGSNNLVF,2,0.010101010101
CSSYTSSGTLF,2,0.010101010101
CSSYTSSGTWVF,3,0.0151515151515
CSSYTSSSTLLF,2,0.010101010101
CSSYTSSSTLVF,3,0.0151515151515
CSYAGSYTLTF,2,0.010101010101
CSYGGSSTFYVF,4,0.020202020202
CVLSYSGAWVF,3,0.0151515151515
CVLYMGGGMVF,2,0.010101010101
CVLYMGSGISVF,2,0.010101010101
CYSADSSGNLGVF,2,0.010101010101
