CDR3,count,relative.frequency
CAASGFTFNNF,3,0.0131578947368
CAAWDDSLYIF,3,0.0131578947368
CARGF,3,0.0131578947368
CAYTIINSRVF,2,0.00877192982456
CCSFVRGSVYVF,3,0.0131578947368
CCSYASGYTLVF,2,0.00877192982456
CCSYLGSYSFGF,2,0.00877192982456
CCSYTGTYIF,2,0.00877192982456
CCSYTGTYTF,3,0.0131578947368
CESASYPEGNF,9,0.0394736842105
CGF,16,0.0701754385965
CGSPEAF,4,0.0175438596491
CHPTYRTFTF,2,0.00877192982456
CHQGYTIPQTF,2,0.00877192982456
CHQYAHSPLTF,2,0.00877192982456
CHQYGSPRNTF,2,0.00877192982456
CHQYYTSYTF,2,0.00877192982456
CISFLFFSFF,3,0.0131578947368
CISYTSTKVYVF,2,0.00877192982456
CKQYYTTPLTF,2,0.00877192982456
CLLGDLERQSTF,2,0.00877192982456
CLLLYSYLYAANF,3,0.0131578947368
CLLWYGGPYVF,2,0.00877192982456
CLQALEIPLTF,2,0.00877192982456
CLQTYSDPYTF,7,0.030701754386
CLQYNDWLRTF,3,0.0131578947368
CLSYTSSCVF,4,0.0175438596491
CMEALQPGFTF,3,0.0131578947368
CMHSLQPPLTF,2,0.00877192982456
CMHSLQPPVTF,3,0.0131578947368
CMHSRQPPVTF,3,0.0131578947368
CMQALQTPHTF,3,0.0131578947368
CMQALRLWTF,2,0.00877192982456
CMQASQLFTF,5,0.0219298245614
CMQGLETPYTF,5,0.0219298245614
CMQSLHTPFTF,2,0.00877192982456
CMQTTQLLTF,3,0.0131578947368
CQHNSRSQMTF,2,0.00877192982456
CQHRSNF,10,0.0438596491228
CQHYDNLMSTF,2,0.00877192982456
CQHYQGVPITF,2,0.00877192982456
CQQAYGPFTF,3,0.0131578947368
CQQCGISLCTF,3,0.0131578947368
CQQCYGISTF,2,0.00877192982456
CQQCYTSSSTF,2,0.00877192982456
CQQFDILYTF,8,0.0350877192982
CQQFDTIPRTF,4,0.0175438596491
CQQHNSIRRTF,2,0.00877192982456
CQQRTRSWTF,3,0.0131578947368
CQQSFNTLQTF,2,0.00877192982456
CQQSKSAPQTF,2,0.00877192982456
CQQSVRSLWTF,2,0.00877192982456
CQQTKIHGTF,3,0.0131578947368
CQQTYNNPFTF,3,0.0131578947368
CQQYDDIKYTF,2,0.00877192982456
CQQYDDWLVTF,5,0.0219298245614
CQQYDNLITF,8,0.0350877192982
CQQYDTLRTF,2,0.00877192982456
CQQYFWAPDTF,2,0.00877192982456
CQQYGGLLTF,2,0.00877192982456
CQQYGGSITF,2,0.00877192982456
CQQYHRNPHTF,2,0.00877192982456
CQQYKSLWTF,2,0.00877192982456
CQQYYTSLTF,2,0.00877192982456
CQRFGNSQFTF,2,0.00877192982456
CQYYGTSTGF,2,0.00877192982456
CSDVIIARCGF,2,0.00877192982456
CSSDAYNTACGF,3,0.0131578947368
CSSYTRTSTYIF,3,0.0131578947368
CSSYVGSYSLGF,2,0.00877192982456
CTMTFNCGF,2,0.00877192982456
CTSYTTSSTYVF,3,0.0131578947368
CWSHAGSSGVF,2,0.00877192982456
