CDR3,count,relative.frequency
CLQYNHYPRTF,2,0.018018018018
CMQALQTPTF,20,0.18018018018
CMQGVHWKTF,2,0.018018018018
CQFYGDSPQTF,11,0.0990990990991
CQKYNSAPFTF,4,0.036036036036
CQNHNSAPFAF,3,0.027027027027
CQQRNNWPGITF,16,0.144144144144
CQQSFSPPLTF,3,0.027027027027
CQQSYSTPVTF,2,0.018018018018
CQQSYTTPYTF,2,0.018018018018
CQQYGNSPWTF,2,0.018018018018
CQQYNTSPLTF,42,0.378378378378
CQQYYDTSPTF,2,0.018018018018
