CDR3,count,relative.frequency
CAAWDDSLNGVVF,2,0.0555555555556
CQSYDSDNHAVF,14,0.388888888889
CQSYDSRLSGSVF,4,0.111111111111
CQSYDSSLRAWVF,2,0.0555555555556
CQSYDSSLSAWVF,5,0.138888888889
CQSYDSSLSGWVF,2,0.0555555555556
CSAWDSSLSAWVF,2,0.0555555555556
CSSYVSSSTWLF,2,0.0555555555556
CYSAADNSMFF,3,0.0833333333333
