CDR3,count,relative.frequency
CAANSDHLNF,3,0.04
CAARVAFSEALVF,3,0.04
CAQFHPDGLIF,2,0.0266666666667
CATGRRPWAVTGF,2,0.0266666666667
CESASYPEGNF,14,0.186666666667
CGAGSCAGVF,2,0.0266666666667
CGAGSSRCLLLGF,2,0.0266666666667
CGLHQTVNF,3,0.04
CIIPGPHTQF,2,0.0266666666667
CILYLGPRYGF,4,0.0533333333333
CIPKYVSCLF,3,0.04
CISFLFFSFF,6,0.08
CKESVCCACF,2,0.0266666666667
CLLGDLERQSTF,2,0.0266666666667
CLLLHCFWRYF,2,0.0266666666667
CLLLLCWFAGFLGF,2,0.0266666666667
CLLQKRARSRPGF,2,0.0266666666667
CLLSQVMHCTF,2,0.0266666666667
CLSDVGKVKVGVNGF,2,0.0266666666667
CMQALEPPYTF,2,0.0266666666667
CPSAPTPPGF,3,0.04
CQHYKTYPYTF,2,0.0266666666667
CQQLHASPWTF,2,0.0266666666667
CSFHNLLGRSYYF,2,0.0266666666667
CSLQHPPPGF,2,0.0266666666667
CTILNYCLSTF,2,0.0266666666667
