VJ,count,relative.frequency
IGHV3-IGHJ4,4,0.444444444444
IGHV3-IGHJ6,2,0.222222222222
IGHV4-IGHJ4,3,0.333333333333
