CDR3,count,relative.frequency
CAKQYVDCW,4,0.00867678958785
CARDPEYAAFDIW,2,0.00433839479393
CARDVTAFDYW,9,0.0195227765727
CAREALFDYVW,2,0.00433839479393
CAREFTYW,4,0.00867678958785
CARENWGLDYW,2,0.00433839479393
CARENWSFDFW,2,0.00433839479393
CARERERGYYFDYW,5,0.0108459869848
CARGQFDSW,2,0.00433839479393
CARGRYFDLW,6,0.0130151843818
CARVHYDAFDIW,374,0.811279826464
CARVLVRTGGFDYW,6,0.0130151843818
CARVTNRDYFDFW,2,0.00433839479393
CARYWYFDLW,3,0.00650759219089
CASRREDFDHW,7,0.0151843817787
CATGGFQYFAYW,2,0.00433839479393
CAYYYYYGMDVW,2,0.00433839479393
CDCMDVW,2,0.00433839479393
CDYW,4,0.00867678958785
CSRGWSHFEYW,2,0.00433839479393
CTSFDYW,3,0.00650759219089
CVGRSNIFDYW,10,0.0216919739696
CVRLNFWSVRADYW,3,0.00650759219089
CYIIDYW,3,0.00650759219089
