CDR3,count,relative.frequency
CAAAHRAATF,2,0.0072202166065
CAANSDHLNF,2,0.0072202166065
CAGPTALLAHEIGF,2,0.0072202166065
CAKAPNEHCF,2,0.0072202166065
CAMRRWDSSYKLIF,2,0.0072202166065
CARTHDYNTGF,2,0.0072202166065
CASYTFGF,2,0.0072202166065
CAVTSMLLRTGYF,2,0.0072202166065
CCSFAGSDTF,4,0.014440433213
CCSYAGRGTGVF,2,0.0072202166065
CCSYSGRGTGDF,2,0.0072202166065
CCSYSGRGTGVF,8,0.028880866426
CCSYTGSKSYVF,2,0.0072202166065
CESASYPEGNF,17,0.0613718411552
CFMRENMKEGFGF,2,0.0072202166065
CGLIRIPLNF,2,0.0072202166065
CGSPEAF,9,0.0324909747292
CGSVCPQSQHF,3,0.0108303249097
CHHSETF,7,0.0252707581227
CHLAETF,10,0.0361010830325
CHQLKTYPFTF,2,0.0072202166065
CHQYDRYPFTF,2,0.0072202166065
CISFLFFSFF,8,0.028880866426
CKASGSHFGNF,2,0.0072202166065
CKESVCCACF,3,0.0108303249097
CLQTTQSPHTF,2,0.0072202166065
CLRYNDYSWTF,6,0.0216606498195
CMQALQTPYTF,2,0.0072202166065
CMQAMQLSCTF,8,0.028880866426
CMQGSDRPYTF,2,0.0072202166065
CMQGSLWWTF,2,0.0072202166065
CMQTTQLLTF,2,0.0072202166065
CQAWDNNNWGF,2,0.0072202166065
CQAWDTSTSTF,2,0.0072202166065
CQEYFSAGVTF,4,0.014440433213
CQHASATPLTF,2,0.0072202166065
CQHCGNSLCTF,2,0.0072202166065
CQHRDKITF,3,0.0108303249097
CQHTNGFPRTF,4,0.014440433213
CQHYDNLITF,2,0.0072202166065
CQLLFTF,2,0.0072202166065
CQLRSSWRGTF,2,0.0072202166065
CQQDTF,2,0.0072202166065
CQQFSLTPYTF,2,0.0072202166065
CQQHSNWPTF,2,0.0072202166065
CQQIYETPPTF,2,0.0072202166065
CQQLNDHLYTF,6,0.0216606498195
CQQRADWSTF,2,0.0072202166065
CQQRHNWPLTF,2,0.0072202166065
CQQRLNWPLTF,55,0.198555956679
CQQSHSSPRTF,5,0.0180505415162
CQQSHTPPYTF,3,0.0108303249097
CQQSYRAPLGF,2,0.0072202166065
CQQTSTTPWTF,2,0.0072202166065
CQQYDNYSYTF,3,0.0108303249097
CQQYHTSSYTF,4,0.014440433213
CQQYYLPLTF,3,0.0108303249097
CQQYYYLFTF,2,0.0072202166065
CRSSLPWGVSGF,2,0.0072202166065
CSPSDPMVFSSF,2,0.0072202166065
CSQLPGSAGF,2,0.0072202166065
CSSSLPGGGGGF,3,0.0108303249097
CSSSLPWGGF,2,0.0072202166065
CSSYTGTTTVF,8,0.028880866426
CVKGGF,3,0.0108303249097
CVVRAMSVGRNGVGF,2,0.0072202166065
CYLTKDLGF,2,0.0072202166065
CYSHDDKGF,2,0.0072202166065
CYSHDNKGF,2,0.0072202166065
