VJ,count,relative.frequency
TRAV14/DV4-TRAJ35,2,0.0208333333333
TRAV20-TRAJ48,3,0.03125
TRAV23/DV6-TRAJ48,2,0.0208333333333
TRAV26-TRAJ35,6,0.0625
TRAV26-TRAJ48,62,0.645833333333
TRAV27-TRAJ35,7,0.0729166666667
TRAV34-TRAJ35,9,0.09375
TRAV35-TRAJ48,2,0.0208333333333
TRAV9-TRAJ35,3,0.03125
