CDR3,count,relative.frequency
CAISESSSQYF,2,0.111111111111
CAISESTVEQYF,2,0.111111111111
CASSKSSYNEQFF,5,0.277777777778
CASSLSWDTEAFF,2,0.111111111111
CRAGNANTGELFF,3,0.166666666667
CSARDWAREQYF,2,0.111111111111
CSVDEQYF,2,0.111111111111
