CDR3,count,relative.frequency
CANYGYTF,18,0.202247191011
CSNQPQHF,35,0.393258426966
CSYNEQFF,2,0.0224719101124
CSYNSPLHF,34,0.38202247191
