CDR3,count,relative.frequency
CAKRSGYTGELFF,1,0.0105263157895
CAPPHPANFCIF,3,0.0315789473684
CASLVDGELFF,4,0.0421052631579
CASSFTGVGNQPQHF,6,0.0631578947368
CASSGDARNEKLFF,3,0.0315789473684
CASSHPGDTQYF,2,0.0210526315789
CASSLTRGQYNEQFF,12,0.126315789474
CASSLVLYEQYF,19,0.2
CASSLYGQGKQPQHF,3,0.0315789473684
CASSLYHGDNEQFF,4,0.0421052631579
CASSPRAGGAGANVLTF,11,0.115789473684
CASSQTDEQYF,3,0.0315789473684
CASSQVAGADLGELFF,6,0.0631578947368
CEVDTAFPQRWPAPPGGLTIYF,2,0.0210526315789
CSAQETASYEQYF,2,0.0210526315789
CSARDNSYEQYF,10,0.105263157895
CSLSPRNKSVRKPARNTHGFF,4,0.0421052631579
