CDR3,count,relative.frequency
CANYGYTF,15,0.230769230769
CSNQPQHF,34,0.523076923077
CSYNSPLHF,16,0.246153846154
