CDR3,count,relative.frequency
CARAPALIF,5,0.0980392156863
CARDGARIIIF,2,0.0392156862745
CARDLTRITIF,15,0.294117647059
CARETIF,2,0.0392156862745
CARGAIF,2,0.0392156862745
CCSYAGPVIF,2,0.0392156862745
CCSYAGSYPVIF,6,0.117647058824
CLKYNSVPLIF,2,0.0392156862745
CLQHHIYPLIF,2,0.0392156862745
CQTWDRIVIF,7,0.137254901961
CSSYAGSDSLIF,4,0.078431372549
CSSYTTTDTVIF,2,0.0392156862745
