CDR3,count,relative.frequency
CAISEYNEQFF,2,0.105263157895
CARETQRF,2,0.105263157895
CASSLESRAEQYF,3,0.157894736842
CASSLETQYF,3,0.157894736842
CASSLTSYNEQFF,3,0.157894736842
CASSYQGMGTEAFF,2,0.105263157895
CAVCEAFF,2,0.105263157895
CSGGSYEQYF,2,0.105263157895
