CDR3,count,relative.frequency
CAGRKTIF,2,0.047619047619
CCSYARGIIF,2,0.047619047619
CPERDGLIF,2,0.047619047619
CQHFGTSPYIF,2,0.047619047619
CQQLNIFPLIF,2,0.047619047619
CQQLNTFPLIF,6,0.142857142857
CQQLNTYPLIF,2,0.047619047619
CQVWDRRTIF,2,0.047619047619
CSSFTTNLTLIF,2,0.047619047619
CSSRDASGRYLIF,2,0.047619047619
CSSYSNTHLIF,6,0.142857142857
CSSYTTGSPLIF,2,0.047619047619
CTPRDTSGRSLIF,2,0.047619047619
CTSRDTSGRSLIF,2,0.047619047619
CTSRDTSGRYLIF,2,0.047619047619
CTSYTSNRNVIF,2,0.047619047619
CTSYTTSRSLIF,2,0.047619047619
