CDR3,count,relative.frequency
CANQAGTALIF,4,0.111111111111
CASGGSYIPTF,4,0.111111111111
CDNNNDMRF,2,0.0555555555556
CGSPHLLLPITSSSEIGGF,3,0.0833333333333
CLILVINFVPQHPLSIHERNF,2,0.0555555555556
CMAQPVLFLLLGGSQLGSLAGF,2,0.0555555555556
CQTGANNLFF,19,0.527777777778
