CDR3,count,relative.frequency
CAMDVW,7,0.269230769231
CARGYGTGEVDYW,6,0.230769230769
CARLYSASYFDYW,3,0.115384615385
CARTLYNYYFDYW,4,0.153846153846
CDLW,4,0.153846153846
CVRLYARYW,2,0.0769230769231
