CDR3,count,relative.frequency
CHQSSSYPFTF,7,0.00988700564972
CLQHDNFPLTF,2,0.00282485875706
CLQHNSFPYTF,2,0.00282485875706
CLQHNTYPFTF,2,0.00282485875706
CLQHNTYPLTF,24,0.0338983050847
CLQHNTYPWTF,2,0.00282485875706
CLQYNSFPPSF,2,0.00282485875706
CMQALHTPLTF,16,0.0225988700565
CMQALQTHTF,2,0.00282485875706
CMQALQTPITF,4,0.00564971751412
CMQALRTPWTF,2,0.00282485875706
CMQALRTPYTF,3,0.00423728813559
CMQATQLRTF,2,0.00282485875706
CMQGAHWPITF,2,0.00282485875706
CMQPLQTPWTF,2,0.00282485875706
CQHRNNWPALTF,4,0.00564971751412
CQHSYSAPSF,3,0.00423728813559
CQHYGSSPYTF,7,0.00988700564972
CQKYNSHPHTF,2,0.00282485875706
CQNYNSAPSITF,2,0.00282485875706
CQQAHTFPLTF,4,0.00564971751412
CQQALSFPLTF,3,0.00423728813559
CQQANIFPITF,24,0.0338983050847
CQQANSFPFTF,2,0.00282485875706
CQQHDNLPRTF,3,0.00423728813559
CQQLGTYPLTF,2,0.00282485875706
CQQLNSYPINF,2,0.00282485875706
CQQRSAWPLTF,9,0.0127118644068
CQQRSHWPTF,2,0.00282485875706
CQQRSIWPLTF,2,0.00282485875706
CQQRSRWLTF,2,0.00282485875706
CQQSHSTPHTF,2,0.00282485875706
CQQSSKTPLTF,2,0.00282485875706
CQQSYAVPFTF,2,0.00282485875706
CQQSYKSPPITF,3,0.00423728813559
CQQSYSAVWTF,2,0.00282485875706
CQQSYSIPYTF,3,0.00423728813559
CQQSYSSPVTF,2,0.00282485875706
CQQSYSSRLTF,2,0.00282485875706
CQQSYSTPAWTF,8,0.0112994350282
CQQSYSTPLTF,11,0.0155367231638
CQQTYRTPYTF,2,0.00282485875706
CQQYDDWPMYTF,3,0.00423728813559
CQQYDILPLF,5,0.00706214689266
CQQYDNFSITF,4,0.00564971751412
CQQYDNLPSF,2,0.00282485875706
CQQYDSSPITF,4,0.00564971751412
CQQYENLPFPF,2,0.00282485875706
CQQYENLPFTF,209,0.295197740113
CQQYFSSPLTF,2,0.00282485875706
CQQYGNSPWTF,17,0.024011299435
CQQYGSFWTF,2,0.00282485875706
CQQYGSLPITF,49,0.069209039548
CQQYGSSPKWTF,6,0.00847457627119
CQQYGSSPRTF,3,0.00423728813559
CQQYGSSPWTF,3,0.00423728813559
CQQYHNWPPLTF,3,0.00423728813559
CQQYKTYPLTF,2,0.00282485875706
CQQYNLFPYTF,2,0.00282485875706
CQQYNNWPPITF,2,0.00282485875706
CQQYNNWPPYTF,3,0.00423728813559
CQQYNSDLPF,2,0.00282485875706
CQQYNSDLTF,84,0.118644067797
CQQYNSFFTF,5,0.00706214689266
CQQYNSFSPWTF,6,0.00847457627119
CQQYNTYPLTF,90,0.127118644068
CQQYNTYSLTF,3,0.00423728813559
CQQYSSYPYTF,2,0.00282485875706
CQQYVSPPLTF,2,0.00282485875706
CQQYYGTPFTF,2,0.00282485875706
CQQYYSTPLTF,3,0.00423728813559
