CDR3,count,relative.frequency
CAANSDHLNF,2,0.013698630137
CALGFGWVCHPGSF,2,0.013698630137
CARGIAGNF,3,0.0205479452055
CDIPSKKGLSLGF,2,0.013698630137
CESASYPEGNF,20,0.13698630137
CGKDSSGF,4,0.027397260274
CHQTRSFPTF,4,0.027397260274
CLLCSSRRAWSRF,3,0.0205479452055
CQELNPYAPITF,31,0.212328767123
CQHYDQFPYTF,2,0.013698630137
CQNFNTLPLTF,2,0.013698630137
CQQDNSDLTF,2,0.013698630137
CQQFYTMPITF,9,0.0616438356164
CQQHFATPLTF,18,0.123287671233
CQQLNGLSITF,2,0.013698630137
CQQYDSFTWGF,5,0.0342465753425
CQQYNAWPRTF,2,0.013698630137
CQQYNRDLTF,2,0.013698630137
CQRYNGFFPGF,7,0.0479452054795
CQVSNTLRYTF,2,0.013698630137
CRHLTSQNPGDTF,3,0.0205479452055
CSFSFCWSWSIF,2,0.013698630137
CSSDAYNTACGF,3,0.0205479452055
CSSLLYLCCTF,3,0.0205479452055
CSSLTSSEAGF,2,0.013698630137
CTGLTKALKCQNF,2,0.013698630137
CVYCGDNWSENF,3,0.0205479452055
CYQYRTFPPTF,4,0.027397260274
