CDR3,count,relative.frequency
CANYGYTF,16,0.380952380952
CSNQPQHF,14,0.333333333333
CSYNEQFF,2,0.047619047619
CSYNSPLHF,10,0.238095238095
