VJ,count,relative.frequency
IGKJ3-IGKJ3,58,0.892307692308
IGKV2D-IGKJ2,6,0.0923076923077
IGKV2D-IGKJ3,1,0.0153846153846
