VJ,count,relative.frequency
TRBV10-TRBV10,14,0.538461538462
TRBV2-TRBJ1,12,0.461538461538
