CDR3,count,relative.frequency
CASRFDYNEQFF,5,0.0581395348837
CASSLLLGEAFF,2,0.0232558139535
CASSPPLTELTSTDTQYF,2,0.0232558139535
CASSQDRSYTYEQYF,4,0.046511627907
CASSRQRATGELFF,8,0.093023255814
CHSAAEILFMASF,14,0.162790697674
CNSYRSNDTWVF,31,0.360465116279
CPRSTATYYCQQSYNSPPTF,12,0.139534883721
CSVKRGQLNTEAFF,4,0.046511627907
CSVPQSSLAGVETQYF,2,0.0232558139535
CSVTTENTEAFF,2,0.0232558139535
