CDR3,count,relative.frequency
CAKDSKRVAIF,2,0.0116279069767
CASPGGRISIF,18,0.104651162791
CASPGGRITIF,92,0.53488372093
CASRGVRTSIF,2,0.0116279069767
CDLRGPGDHEGVF,7,0.0406976744186
CMQVLHSPWIF,4,0.0232558139535
CRSYTDSSSLIF,31,0.18023255814
CSSLAGNNNLIF,11,0.0639534883721
CSSYRNINTPVIF,3,0.0174418604651
CVSPVRLLLHLPNIF,2,0.0116279069767
