CDR3,count,relative.frequency
CANQAGTALIF,2,0.0425531914894
CASGGSYIPTF,6,0.127659574468
CAVQSLETSGSRLTF,2,0.0425531914894
CAYSGAGSYQLTF,2,0.0425531914894
CGCENSGGSNYKLTF,2,0.0425531914894
CGMDSSYKLIF,3,0.063829787234
CGSPHLLLPITSSSEIGGF,5,0.106382978723
CKGSSSCGKEGNRKFTF,3,0.063829787234
CQTGANNLFF,22,0.468085106383
