CDR3,count,relative.frequency
CANYGYTF,12,0.25
CSNQPQHF,22,0.458333333333
CSYNEQFF,4,0.0833333333333
CSYNSPLHF,10,0.208333333333
