CDR3,count,relative.frequency
CAFISQCLTYLLTEQF,2,0.0222222222222
CAFNSQSLTFLFIEQF,4,0.0444444444444
CAFNSQSLTFLFIQQF,5,0.0555555555556
CAFNSQSLTFLFIQQFGNTLF,3,0.0333333333333
CALGLPACHVPTCLLPACHGF,2,0.0222222222222
CANQAGTALIF,2,0.0222222222222
CCVMCAFNSHSLTFLFIQRF,2,0.0222222222222
CDNNNDMRF,3,0.0333333333333
CGASMRGSLDICGCFCGSRIQF,2,0.0222222222222
CGMDSSYKLIF,5,0.0555555555556
CIPFHSIPFHSVAFHSITF,2,0.0222222222222
CIPFHSIQFHSVPFHSITF,2,0.0222222222222
CIPSHSIPFQSVAFHSITF,7,0.0777777777778
CLVTFIFYVQYIIHIF,3,0.0333333333333
CNTYFGYFDILCTVYNTYF,3,0.0333333333333
CQTGANNLFF,31,0.344444444444
CSIPFHSIPFHSVPFHSITF,2,0.0222222222222
CTVYYICLVTFIFYVQYIIHIF,4,0.0444444444444
CTVYYKCLVTFIFYVQYIIHIF,4,0.0444444444444
CYDTAVWKHSFCTIRKWTF,2,0.0222222222222
