CDR3,count,relative.frequency
CANYGYTF,23,0.310810810811
CSNQPQHF,28,0.378378378378
CSYNEQFF,2,0.027027027027
CSYNSPLHF,21,0.283783783784
