CDR3,count,relative.frequency
CARETLYF,2,0.0357142857143
CASKGVDTSNYGYTF,8,0.142857142857
CASLRNTEAFF,3,0.0535714285714
CASRDSSGNQILF,4,0.0714285714286
CASSGRGIGSGYTF,3,0.0535714285714
CASSLDGYGYTF,2,0.0357142857143
CASSSPTGELFF,4,0.0714285714286
CASTQGGEAFF,2,0.0357142857143
CQQSYNSPYNF,26,0.464285714286
CSLGEEGAYGYTF,2,0.0357142857143
