CDR3,count,relative.frequency
CARRVLWF,8,0.126984126984
CARSEPTIF,12,0.190476190476
CASYTQTSPVIF,2,0.031746031746
CATRGRITIF,2,0.031746031746
CCPYAGSNTLIF,2,0.031746031746
CCSYAGRITIF,16,0.253968253968
CCSYGGDDNLIF,4,0.0634920634921
CLLYFGGPWIF,2,0.031746031746
CQAWGGRSVIF,2,0.031746031746
CQQYNDWPLIF,2,0.031746031746
CQRYNTAPLIF,4,0.0634920634921
CSSHTISTTLIF,7,0.111111111111
