CDR3,count,relative.frequency
CAAWDDSLNGPVF,5,0.0279329608939
CAAWDDSLNGWVF,3,0.0167597765363
CAAWDDSLRGVVF,3,0.0167597765363
CAAWDDSLSGVVF,4,0.0223463687151
CETWDSNVWVF,2,0.0111731843575
CGTWDSSLSAGVF,3,0.0167597765363
CGTWDSSLSVGAF,2,0.0111731843575
CGTWDSSLSVSWVF,4,0.0223463687151
CGTWDSSLSVYWVF,6,0.0335195530726
CLLSYSGARVF,5,0.0279329608939
CNSRDSSGNHVVF,2,0.0111731843575
CNSRDSSGNNWVF,4,0.0223463687151
CNSRDTSGNHRVF,2,0.0111731843575
CQAWDSGTAFF,2,0.0111731843575
CQAWDSSTGVVF,3,0.0167597765363
CQSADSSGTYVVF,4,0.0223463687151
CQSADSTGSLMFF,4,0.0223463687151
CQSADTSGTYVVF,2,0.0111731843575
CQSYDDANHGAVF,2,0.0111731843575
CQSYDMSLVVF,2,0.0111731843575
CQSYDSSLDVRVF,2,0.0111731843575
CQSYDSSLNMHVVF,2,0.0111731843575
CQTWDDSLNGWVF,2,0.0111731843575
CQVWDISSDHKWVF,6,0.0335195530726
CQVWDSSTACVF,15,0.0837988826816
CQVWDTSTDYVF,75,0.418994413408
CSSRDSSGNHGVF,3,0.0167597765363
CSSYAGSKNVVF,2,0.0111731843575
CSSYAGSNIFIF,2,0.0111731843575
CSSYTSSSTRVF,2,0.0111731843575
CSTWDDSLNGRVF,4,0.0223463687151
