CDR3,count,relative.frequency
CARVGMITF,39,0.0711678832117
CESASYPEGNF,282,0.514598540146
CGSSLAF,2,0.0036496350365
CHQYNNWPNF,2,0.0036496350365
CLLCSSRRAWSRF,3,0.00547445255474
CLQHHEPPITF,2,0.0036496350365
CLQYDHWWTF,2,0.0036496350365
CMQSLESPATF,2,0.0036496350365
CMQTLESLTF,3,0.00547445255474
CPADRLTTPF,2,0.0036496350365
CQHYGVSRITF,2,0.0036496350365
CQPYDNWWTF,8,0.014598540146
CQQSHTSPPTF,193,0.352189781022
CQQSYRSPITF,2,0.0036496350365
CVVLPDQSASF,2,0.0036496350365
CVVNVDNFNKFYF,2,0.0036496350365
