VJ,count,relative.frequency
TRAV26-TRAJ48,13,0.722222222222
TRAV40-TRAJ48,3,0.166666666667
TRAV6-TRAJ48,2,0.111111111111
