CDR3,count,relative.frequency
CAARIFTSGTYKYIF,2,0.0645161290323
CANQAGTALIF,2,0.0645161290323
CCILPHAGYVRVKEWGRGF,2,0.0645161290323
CDNNNDMRF,2,0.0645161290323
CGCENSGGSNYKLTF,2,0.0645161290323
CGSPHLLLPITSSSEIGGF,3,0.0967741935484
CQTGANNLFF,18,0.58064516129
