CDR3,count,relative.frequency
CANYGYTF,19,0.322033898305
CSNQPQHF,17,0.28813559322
CSWGSCCSASQVRKENTRIFF,2,0.0338983050847
CSYNEQFF,2,0.0338983050847
CSYNSPLHF,19,0.322033898305
