CDR3,count,relative.frequency
CARDPGWGAFDIW,5,0.227272727273
CARGIYDYW,2,0.0909090909091
CARVWGSYIKRFDYW,3,0.136363636364
CGVPNDDDFDIW,5,0.227272727273
CTTLGGYVENDYW,3,0.136363636364
CVGTFDYW,2,0.0909090909091
CVYVAADYFAPW,2,0.0909090909091
