CDR3,count,relative.frequency
CAAWDDILIGVVF,4,0.0129449838188
CAAWDDSLDGPVF,4,0.0129449838188
CAAWDDSLDGRWVF,4,0.0129449838188
CAAWDDSLIGVVF,39,0.126213592233
CAAWDDSLNGDVF,2,0.00647249190939
CAAWDDSLNGPVF,6,0.0194174757282
CAAWDDSLNGVIF,4,0.0129449838188
CAAWDDSLNGVVF,7,0.0226537216828
CAAWDDSLNGYVF,2,0.00647249190939
CAAWDERLNGVVF,2,0.00647249190939
CASWDDSLSGPVF,2,0.00647249190939
CATWDDSLNGPVF,5,0.0161812297735
CGTWDSSLSSLVF,2,0.00647249190939
CGTWDTSLSSWVF,2,0.00647249190939
CLLSYSGAWVF,5,0.0161812297735
CMIWHSSAWVF,2,0.00647249190939
CMIWPSNAWVF,2,0.00647249190939
CNSRDSSGSHLVF,3,0.00970873786408
CQAWDRSTVVF,21,0.0679611650485
CQAWDSTTAVF,4,0.0129449838188
CQSADSNGNYPF,2,0.00647249190939
CQSADSSGTSVVF,4,0.0129449838188
CQSADSTGTSYVF,2,0.00647249190939
CQSRDSSGSHLVF,2,0.00647249190939
CQSTDSSGESWVF,13,0.042071197411
CQSTDSSGTLVVF,4,0.0129449838188
CQSYDGSNVVF,3,0.00970873786408
CQSYDKTNWVF,2,0.00647249190939
CQSYDNSLSGPVVF,8,0.0258899676375
CQSYDNSNWVF,3,0.00970873786408
CQSYDRGNWVF,2,0.00647249190939
CQSYDSGFWVF,3,0.00970873786408
CQSYDSGIWVF,3,0.00970873786408
CQSYDSGNWVF,6,0.0194174757282
CQSYDSGYWVF,8,0.0258899676375
CQSYDSRNWVF,3,0.00970873786408
CQSYDSSDHVVF,2,0.00647249190939
CQSYDSSLSAWVF,3,0.00970873786408
CQSYDSSNWVF,3,0.00970873786408
CQSYDTTNWVF,2,0.00647249190939
CQTWDSNNVIF,4,0.0129449838188
CQTWDTGIQVF,2,0.00647249190939
CQTWDTNTVIF,2,0.00647249190939
CQTWGAGGVF,2,0.00647249190939
CQTWGTGGVF,4,0.0129449838188
CQVWDSASDHWVF,10,0.0323624595469
CQVWDSASDRPVF,2,0.00647249190939
CQVWDSGLDHVVF,2,0.00647249190939
CQVWDSRSDHPVF,4,0.0129449838188
CQVWDSSAFYVF,2,0.00647249190939
CQVWDSSLGVF,2,0.00647249190939
CQVWDSSSDHPVVF,2,0.00647249190939
CQVWDSSTFYVF,4,0.0129449838188
CQVWDSSTIIF,2,0.00647249190939
CQVWDSSTNCAVF,2,0.00647249190939
CQVWDSSTNLPVF,3,0.00970873786408
CSAWDDSLSGPVF,2,0.00647249190939
CSSFTSSSTVVF,16,0.0517799352751
CSSYAGSHNFVVF,3,0.00970873786408
CSSYAGSNNFAVF,4,0.0129449838188
CSSYAGSNNLGVF,9,0.0291262135922
CSSYSSSSTVF,2,0.00647249190939
CSSYTSGSTLNVF,2,0.00647249190939
CSSYTSSSTLLF,3,0.00970873786408
CSSYTSSSTLVF,2,0.00647249190939
CSSYTSTSTWVF,7,0.0226537216828
CSYAGSYTFPYVF,8,0.0258899676375
CYSYTTSSTF,2,0.00647249190939
