CDR3,count,relative.frequency
CAAWDDSLNGPGF,4,0.0281690140845
CALVDGCLRGF,2,0.0140845070423
CARGFF,2,0.0140845070423
CASHAGNSNFVVF,6,0.0422535211268
CASYTSASTQVF,2,0.0140845070423
CATWDDSLNF,5,0.0352112676056
CATWDDSLNFGVF,2,0.0140845070423
CESASYPEGNF,3,0.0211267605634
CHQYYSGGTF,7,0.0492957746479
CISVQKISGF,2,0.0140845070423
CLHHNNDGYTF,4,0.0281690140845
CLLLCERRGPITF,2,0.0140845070423
CLLLYSYLYAANF,4,0.0281690140845
CLQGTDWPYTF,2,0.0140845070423
CLQSHSYPYTF,3,0.0211267605634
CLQTHSHPYTF,3,0.0211267605634
CPPRPRNPGF,2,0.0140845070423
CQAWGSGGLF,9,0.0633802816901
CQHHETF,2,0.0140845070423
CQHHGTF,5,0.0352112676056
CQHTFSTPYTF,3,0.0211267605634
CQNHDIDSPTF,4,0.0281690140845
CQQFDTFPKTF,6,0.0422535211268
CQQRSFPPTF,2,0.0140845070423
CQQSDTPPYNF,3,0.0211267605634
CQQSFMMPLTF,4,0.0281690140845
CQQSFTTPFTF,4,0.0281690140845
CQQSLRPPRTF,7,0.0492957746479
CQQSYTASWTF,9,0.0633802816901
CQQTDRPPYTF,2,0.0140845070423
CQQTYDDTCTF,2,0.0140845070423
CQQTYDETCTF,3,0.0211267605634
CQQTYDTTCTF,2,0.0140845070423
CQQYFDSYTF,10,0.0704225352113
CSFLKMEKKGF,2,0.0140845070423
CSSHTSRNF,2,0.0140845070423
CSSSTANDNLTF,2,0.0140845070423
CVRDRGF,2,0.0140845070423
CXTAPLIQGPTF,2,0.0140845070423
