VJ,count,relative.frequency
TRAV1-TRAJ6,2,0.0952380952381
TRAV34-TRAJ35,4,0.190476190476
TRAV36/DV7-TRAJ36,15,0.714285714286
