CDR3,count,relative.frequency
CASRSSYEQYF,3,0.157894736842
CASSLGHPGNTIYF,2,0.105263157895
CASSLGRGQETQYF,2,0.105263157895
CASSLNYGYTF,4,0.210526315789
CASSLQGVNGYTF,3,0.157894736842
CASSSEPLNEQYF,2,0.105263157895
CASTPDPSTGELFF,3,0.157894736842
