VJ,count,relative.frequency
TRDV1-TRDJ4,40,0.168776371308
TRDV3-TRDJ4,197,0.831223628692
