CDR3,count,relative.frequency
CAKDRLPTIF,7,0.0188679245283
CARDLRGTIF,84,0.22641509434
CARGRIAIF,2,0.00539083557951
CARGRITIF,38,0.102425876011
CASGRVRIF,40,0.10781671159
CASRITIF,73,0.196765498652
CHQYKIYPLIF,2,0.00539083557951
CKQSVERPLTF,111,0.299191374663
CMQRIKFPLIF,2,0.00539083557951
CQAWDSGPVIF,10,0.0269541778976
CQQTRIRPLF,2,0.00539083557951
