VJ,count,relative.frequency
TRAV23/DV6-TRAJ12,2,0.166666666667
TRAV34-TRAJ35,2,0.166666666667
TRAV36/DV7-TRAJ36,8,0.666666666667
