CDR3,count,relative.frequency
CAARFSHYFDSW,2,0.0122699386503
CAFDMGGPADYW,2,0.0122699386503
CAKDIW,13,0.079754601227
CAKDMKLQYVDHW,4,0.0245398773006
CAKDQKQLRYFDW,2,0.0122699386503
CAKEYYYYFDYW,2,0.0122699386503
CAKLSSPMFDSW,5,0.0306748466258
CAKNQKQLRYFDW,6,0.0368098159509
CARAHFDSGFDYW,4,0.0245398773006
CARALFGSGFDYW,5,0.0306748466258
CARAPHINLFDQW,2,0.0122699386503
CARDLVPADYFDYW,2,0.0122699386503
CARDPGRRFDYW,20,0.122699386503
CARDPGYSSFDVW,2,0.0122699386503
CARDPLHPGDYW,2,0.0122699386503
CARFPRGDGMDVW,2,0.0122699386503
CARGGWGMVLDYW,2,0.0122699386503
CARGPLTGFDIW,9,0.0552147239264
CARRPNRVGAPFDYW,2,0.0122699386503
CASLPDYW,7,0.0429447852761
CATGLRGFDYW,7,0.0429447852761
CATGQAGDYW,4,0.0245398773006
CATGVYWDYFDYW,6,0.0368098159509
CATTGTTSYYFDYW,5,0.0306748466258
CGDAEDFKYW,2,0.0122699386503
CMDVW,2,0.0122699386503
CSGGSCYAGYW,4,0.0245398773006
CTERRFDLW,13,0.079754601227
CVRDSYGYYYFDFW,2,0.0122699386503
CVREYNFDYW,7,0.0429447852761
CVRGQQEFDPW,5,0.0306748466258
CVRHGRDSYFDSW,2,0.0122699386503
CVTDPGDYEDFW,2,0.0122699386503
CYGMDVW,2,0.0122699386503
CYLQGEGFDPW,3,0.0184049079755
CYSDAFDMW,2,0.0122699386503
