VJ,count,relative.frequency
IGKV1D-IGKJ2,2,0.153846153846
IGKV3-IGKJ2,5,0.384615384615
IGKV3-IGKJ3,6,0.461538461538
