CDR3,count,relative.frequency
CAGDSRINWFVHW,2,0.0084388185654
CAGGSMQNWFDPW,5,0.0210970464135
CARARDYW,2,0.0084388185654
CARATVNWFDPW,2,0.0084388185654
CARDAYSISDYW,3,0.0126582278481
CARDGEGPNNIDYW,3,0.0126582278481
CARDSSGYDYW,11,0.0464135021097
CARDYW,32,0.135021097046
CAREGPWVDYW,3,0.0126582278481
CAREKFGEFDPW,2,0.0084388185654
CARERFDFW,2,0.0084388185654
CARESSASFDAW,12,0.0506329113924
CARGEFGAFDIW,10,0.042194092827
CARGNYWYFDLW,2,0.0084388185654
CARGTPYDYW,3,0.0126582278481
CARRKTWALDIW,5,0.0210970464135
CARRRYVGIDYW,2,0.0084388185654
CARRTAWEFDYW,2,0.0084388185654
CARSHYPDSW,4,0.0168776371308
CARTDQAAFDVW,2,0.0084388185654
CARVDKVGAFDIW,11,0.0464135021097
CARVQLWQTASFDYW,2,0.0084388185654
CARVSFSNYFDIW,2,0.0084388185654
CARYGDPFEYW,4,0.0168776371308
CASGLDYW,2,0.0084388185654
CASPDYW,5,0.0210970464135
CATDRGAAPFDYW,2,0.0084388185654
CATDYHTYW,2,0.0084388185654
CATGLDWFDPW,3,0.0126582278481
CKRSELGAFDVW,3,0.0126582278481
CLAFHYW,9,0.0379746835443
CMRRGYDDASDAW,2,0.0084388185654
CSRDAYSTSDYW,5,0.0210970464135
CSRVLYFDHW,4,0.0168776371308
CSRVLYFDYW,2,0.0084388185654
CSTGKCFDYW,2,0.0084388185654
CTGDGCPLDYW,4,0.0168776371308
CTRDFFFVW,2,0.0084388185654
CTRDGSHYDFDYW,3,0.0126582278481
CTRLLHKFDSW,2,0.0084388185654
CTSLLDFDYW,4,0.0168776371308
CTTASCHHSFDMW,2,0.0084388185654
CTTNDWFDYW,2,0.0084388185654
CVIGAAGDYW,4,0.0168776371308
CVKDRGAVFGDYW,2,0.0084388185654
CVRDADYGFDYW,3,0.0126582278481
CVRDGAQWYFDFW,2,0.0084388185654
CVRSRKSGFDYW,15,0.0632911392405
CVWGDWSRFDYW,18,0.0759493670886
CYAGGFDIW,5,0.0210970464135
