VJ,count,relative.frequency
IGKV1-IGKJ2,3,0.230769230769
IGKV1-IGKJ3,3,0.230769230769
IGKV3-IGKJ2,7,0.538461538462
