CDR3,count,relative.frequency
CANYGYTF,49,0.347517730496
CSNQPQHF,65,0.460992907801
CSYNSPLHF,27,0.191489361702
