CDR3,count,relative.frequency
CANQAGTALIF,2,0.0540540540541
CGCENSGGSNYKLTF,2,0.0540540540541
CNSSLSRASLMVSSSRCCIF,2,0.0540540540541
CQTGANNLFF,27,0.72972972973
CVNQAGTALIF,2,0.0540540540541
CYTGANSKLTF,2,0.0540540540541
