CDR3,count,relative.frequency
CANYGYTF,16,0.258064516129
CSNQPQHF,20,0.322580645161
CSYNEQFF,2,0.0322580645161
CSYNSPLHF,24,0.387096774194
