CDR3,count,relative.frequency
CAISARQGVYSPLHF,3,0.0379746835443
CAISEEQGRQPQHF,2,0.0253164556962
CAISGHETNTEAFF,2,0.0253164556962
CAISPSAPLGRQPQHF,2,0.0253164556962
CASNPGPVDGELFF,6,0.0759493670886
CASSEGPSTEAFF,2,0.0253164556962
CASSILLGTGNTEAFF,2,0.0253164556962
CASSLDPEGQLYNEQFF,5,0.0632911392405
CASSLESGSPYEQYF,3,0.0379746835443
CASSPLGYEQYF,2,0.0253164556962
CASSPTANEQFF,5,0.0632911392405
CASSRTGVAEAFF,2,0.0253164556962
CASSTIGTGGYEQYF,7,0.0886075949367
CASTLDLTGGTEAFF,6,0.0759493670886
CASTYFAGELFF,10,0.126582278481
CATSDTPGTDTQYF,2,0.0253164556962
CQQYNILYTF,8,0.101265822785
CRSSRCPASTSPTSGRETQYF,2,0.0253164556962
CSARGIYNEQFF,6,0.0759493670886
CSARSRDRGSYNEQFF,2,0.0253164556962
