CDR3,count,relative.frequency
CACPSGGPRGFSGLHLINGPFIF,2,0.0869565217391
CAFGIEQEPNRHIPGLHSHTNLIF,2,0.0869565217391
CAQYFDSPLYIF,2,0.0869565217391
CAVESDKIIF,2,0.0869565217391
CCAYAGADTLIF,2,0.0869565217391
CLMSLVCSSMGDWFSPLAF,2,0.0869565217391
CQSYDGSNRNLIF,2,0.0869565217391
CQVWDTPTDRFIF,2,0.0869565217391
CSSSASSNSLIF,3,0.130434782609
CSSYTDRNTLIF,2,0.0869565217391
CSSYTTSRIVIF,2,0.0869565217391
