VJ,count,relative.frequency
TRAV34-TRAJ35,3,0.136363636364
TRAV36/DV7-TRAJ36,19,0.863636363636
