CDR3,count,relative.frequency
CANYGYTF,15,0.294117647059
CASSLVQDGYGYTF,2,0.0392156862745
CSNQPQHF,21,0.411764705882
CSYNSPLHF,13,0.254901960784
