CDR3,count,relative.frequency
CAFKSQGLTFLFIDEFGNSQF,2,0.027397260274
CALPIYNDMRF,2,0.027397260274
CANQAGTALIF,5,0.0684931506849
CASGGSYIPTF,4,0.0547945205479
CATHIPGESVVGLGTGSPGRF,2,0.027397260274
CAYRSRMNYGGSQGNLIF,2,0.027397260274
CCILPHAGYVRVKEWGRGF,3,0.041095890411
CGCENSGGSNYKLTF,2,0.027397260274
CGDNYGQNFVF,2,0.027397260274
CGGEAVLCYPPSLTLAWKLGF,2,0.027397260274
CGSPHLLLPITSSSEIGGF,5,0.0684931506849
CQTGANNLFF,40,0.547945205479
CVVTLGTGGFKTIF,2,0.027397260274
