CDR3,count,relative.frequency
CANYGYTF,22,0.349206349206
CSNQPQHF,29,0.460317460317
CSYNSPLHF,12,0.190476190476
