CDR3,count,relative.frequency
CANYGYTF,19,0.339285714286
CSNQPQHF,26,0.464285714286
CSYNSPLHF,11,0.196428571429
