CDR3,count,relative.frequency
CLQYNTYPQTF,4,0.210526315789
CMQGTHWPITF,2,0.105263157895
CQQFWTYPFTF,3,0.157894736842
CQQSHSTPLTF,3,0.157894736842
CQQSYITPWTF,2,0.105263157895
CQQYETSPWTF,3,0.157894736842
CQQYFTTPYTF,2,0.105263157895
