CDR3,count,relative.frequency
CALQREDWELLGSGRREGVRAEGVDSLGF,2,0.0194174757282
CANQAGTALIF,11,0.106796116505
CASGGSYIPTF,8,0.0776699029126
CAYSGAGSYQLTF,7,0.0679611650485
CDNNNDMRF,3,0.0291262135922
CGCENSGGSNYKLTF,6,0.0582524271845
CGTANGRLHFHAVHFMRTLPTGSVDPNF,2,0.0194174757282
CKGSSSCGKEGNRKFTF,2,0.0194174757282
CLLSAQKGKGRCCPPPQHRFSDALGPSTENF,3,0.0291262135922
CQTGANNLFF,48,0.466019417476
CQTGATNLFF,2,0.0194174757282
CQVGDNFILISIFVCDLPQPVVRVSF,4,0.0388349514563
CVFSGGYNKLIF,3,0.0291262135922
CVKPSYDKVIF,2,0.0194174757282
