CDR3,count,relative.frequency
CANYGYTF,15,0.283018867925
CASRYFMGQGNSPLHF,3,0.0566037735849
CSNQPQHF,16,0.301886792453
CSYNSPLHF,19,0.358490566038
