CDR3,count,relative.frequency
CAAWDASLNGVVF,2,0.00455580865604
CAAWDDSLNAWVF,2,0.00455580865604
CAAWDDSLNGPVF,3,0.00683371298405
CAAWDDSLNGVVF,26,0.0592255125285
CAAWDDSLSGWVF,7,0.0159453302961
CATRDDSLSGPVF,5,0.0113895216401
CCSYAGSSTLVF,2,0.00455580865604
CETWDSNLSAVVF,5,0.0113895216401
CGTWDSSLSAGVF,16,0.0364464692483
CQAWDNNTALF,179,0.407744874715
CQAWDSGTVLF,3,0.00683371298405
CQAWDSNTAVF,5,0.0113895216401
CQAWDSSPVVF,6,0.0136674259681
CQAWDSSTASVVF,9,0.0205011389522
CQAWDSSTAVF,3,0.00683371298405
CQAWDSSTEVF,5,0.0113895216401
CQAWDXNTALF,2,0.00455580865604
CQSADSSDTYSVF,2,0.00455580865604
CQSYDSRLVVF,2,0.00455580865604
CQSYDSSLSGFVVF,2,0.00455580865604
CQSYDSSLSGVVF,4,0.00911161731207
CQSYDSSLSGWVF,35,0.0797266514806
CQSYDSSLSGXVF,2,0.00455580865604
CQTWGTGFYGVF,2,0.00455580865604
CQVWDSSSDHFVF,33,0.0751708428246
CQVWDSSSDVVF,5,0.0113895216401
CQXYDSSLSGWVF,2,0.00455580865604
CSSYAGCNNFVVF,3,0.00683371298405
CSSYAGGNNFVVF,5,0.0113895216401
CSSYAGSNNYVF,37,0.0842824601367
CSSYTGSSTLVVF,2,0.00455580865604
CSSYTGTSTLVVF,4,0.00911161731207
CSSYTXTSTLVVF,2,0.00455580865604
CSYAGSYTWVF,2,0.00455580865604
CYSATDNNLWVF,12,0.0273348519362
CYSTDSSGYHWVF,3,0.00683371298405
