CDR3,count,relative.frequency
CAAREKIGF,2,0.0034965034965
CAKPQAGSGYRF,4,0.00699300699301
CALRGQGGGNF,3,0.00524475524476
CAVGGSQGNLIF,2,0.0034965034965
CESASCPEGNF,2,0.0034965034965
CESASXPEGNF,5,0.00874125874126
CESASYPEGNF,463,0.809440559441
CESASYPEXNF,6,0.0104895104895
CESASYREGNF,2,0.0034965034965
CHIFLLCSGNF,2,0.0034965034965
CHLKNNNNF,3,0.00524475524476
CQECNTWPPITF,2,0.0034965034965
CQHYGGSFTF,25,0.0437062937063
CQQCDRMPLTF,7,0.0122377622378
CQQCGQLPLTF,5,0.00874125874126
CQQCGRLPLTF,10,0.0174825174825
CQQHIDYPRTF,2,0.0034965034965
CQQSYRTPPTF,6,0.0104895104895
CQQYGSSQRTF,2,0.0034965034965
CQQYSGYTRTF,2,0.0034965034965
CQQYSRYTRTF,5,0.00874125874126
CQQYTRCPRTF,2,0.0034965034965
CQVWDSNVLF,2,0.0034965034965
CSSHSTTDIWGF,2,0.0034965034965
CTAPCFLLSSF,2,0.0034965034965
CXQCGQLPLTF,2,0.0034965034965
CXQCGRLPLTF,2,0.0034965034965
