VJ,count,relative.frequency
TRAV16-TRAJ48,3,0.0422535211268
TRAV20-TRAJ35,2,0.0281690140845
TRAV26-TRAJ35,2,0.0281690140845
TRAV26-TRAJ48,64,0.901408450704
