VJ,count,relative.frequency
TRAV30-TRAJ53,2,0.0588235294118
TRAV36/DV7-TRAJ36,29,0.852941176471
TRAV40-TRAJ35,3,0.0882352941176
