CDR3,count,relative.frequency
CANQAGTALIF,6,0.133333333333
CASGGSYIPTF,2,0.0444444444444
CAYSGAGSYQLTF,3,0.0666666666667
CGCENSGGSNYKLTF,2,0.0444444444444
CLLGQVMSGTWHPSLSHF,3,0.0666666666667
CQTGANNLFF,29,0.644444444444
