CDR3,count,relative.frequency
CANYGYTF,14,0.189189189189
CHCVNTEAFF,2,0.027027027027
CSNQPQHF,31,0.418918918919
CSSQPQHF,2,0.027027027027
CSYNSPLHF,25,0.337837837838
