CDR3,count,relative.frequency
CANLGQGLRRRRKRMLLGTGF,2,0.0487804878049
CASGGSYIPTF,2,0.0487804878049
CAYSGAGSYQLTF,3,0.0731707317073
CGMDSSYKLIF,4,0.0975609756098
CGSPHLLLPITSSSEIGGF,3,0.0731707317073
CGSVGDDQGKMEEGGSGCCF,2,0.0487804878049
CPLLGYLCGHSFGFRLHCF,2,0.0487804878049
CQTGANNLFF,13,0.317073170732
CSLRKLFSHNMTRLRKFMVYF,6,0.146341463415
CTSHLPLSHSPTWTALPGNF,2,0.0487804878049
CVDIWRLLVQGKQSGLTFF,2,0.0487804878049
