CDR3,count,relative.frequency
CANYGYTF,11,0.196428571429
CSNQPQHF,25,0.446428571429
CSYNEQFF,2,0.0357142857143
CSYNSPLHF,18,0.321428571429
