CDR3,count,relative.frequency
CAKAASLNYFDYW,12,0.141176470588
CARDYRLSNWFDPW,4,0.0470588235294
CAREPDYW,2,0.0235294117647
CAREWNGGSFAYW,5,0.0588235294118
CARRMYGYYFQYW,49,0.576470588235
CTGSSCWGFNYW,8,0.0941176470588
CVRGGFDSW,5,0.0588235294118
