CDR3,count,relative.frequency
CAAWDDSLGGDWVF,2,0.00740740740741
CAAWDDSLNAWVF,11,0.0407407407407
CAAWDDSLSGLLF,7,0.0259259259259
CAAWDDTLNGWVF,4,0.0148148148148
CGSWDDSLSGLVF,2,0.00740740740741
CLLYF,2,0.00740740740741
CLLYFGGAQPHVF,5,0.0185185185185
CLSADTSATYVF,2,0.00740740740741
CNSRDSSGNHLEVF,2,0.00740740740741
CQAWDRSTVVF,2,0.00740740740741
CQAWDSNTVVF,2,0.00740740740741
CQAWDSSTYVF,2,0.00740740740741
CQSADGSGTSYVF,27,0.1
CQSADSNGSWVF,3,0.0111111111111
CQSADSSGTHYVF,2,0.00740740740741
CQSGDSSNTYVVF,18,0.0666666666667
CQSVDSSGTYVIF,14,0.0518518518519
CQSYDANNHWVF,6,0.0222222222222
CQSYDNNNHWVF,4,0.0148148148148
CQSYDSGLSGSTVF,4,0.0148148148148
CQSYDSRLRARVF,13,0.0481481481481
CQSYDVNNHWVF,2,0.00740740740741
CQTWDTGPRVVF,2,0.00740740740741
CQTWGTGSGVF,2,0.00740740740741
CQTWGTGSVVF,13,0.0481481481481
CQTWGTGSWVF,6,0.0222222222222
CQVWDGSSDHPGVF,3,0.0111111111111
CQVWDGSTDPVF,2,0.00740740740741
CQVWDSGSDHAVF,3,0.0111111111111
CQVWDSGSDHYVF,3,0.0111111111111
CQVWDSSSDHQVF,15,0.0555555555556
CQVWDSSTDHQVF,4,0.0148148148148
CQVWISSNDHYVF,2,0.00740740740741
CSSYAGSYTLLF,2,0.00740740740741
CSSYITSSTLVF,37,0.137037037037
CSSYRSSSTLVF,28,0.103703703704
CSSYTDSSTLVF,5,0.0185185185185
CSSYTSSGTLVF,3,0.0111111111111
CSSYTSSSLWVF,2,0.00740740740741
CYSTDSSGNHRVF,2,0.00740740740741
