CDR3,count,relative.frequency
CAANSDHLNF,5,0.026455026455
CAARVAFSEALVF,7,0.037037037037
CAENNFNKFYF,2,0.010582010582
CAGDLGF,3,0.015873015873
CAGTKLRSSYGF,5,0.026455026455
CAKAVSFDF,2,0.010582010582
CARGF,2,0.010582010582
CARSSIVAEGF,2,0.010582010582
CARYSPNWF,2,0.010582010582
CAVPNQAGTALIF,2,0.010582010582
CESASYPEGNF,5,0.026455026455
CGAEAGGVPGGF,2,0.010582010582
CGKDSSGF,11,0.0582010582011
CHPSAWINLTF,2,0.010582010582
CHQRGNGLTF,14,0.0740740740741
CHQYDASPWTF,2,0.010582010582
CHQYYTAPWTF,61,0.322751322751
CISFLFFSFF,2,0.010582010582
CITASELLGRF,3,0.015873015873
CLLCSSRRAWSRF,2,0.010582010582
CLSSLLRYVKGF,2,0.010582010582
CQHYGNSLPITF,3,0.015873015873
CQQFYGPPYTF,6,0.031746031746
CQQRRSGATF,2,0.010582010582
CQQSYSTLTF,4,0.021164021164
CQQYHANPRTF,4,0.021164021164
CSCAGNVVQVF,2,0.010582010582
CSFSFCWSWSIF,8,0.042328042328
CSSDAYNTACGF,8,0.042328042328
CSSFTMTSTRVF,2,0.010582010582
CTSAVAHLLPGF,2,0.010582010582
CWQFGRSPYTF,2,0.010582010582
CYFCIFDRCYITF,2,0.010582010582
CYSTDRVF,6,0.031746031746
