CDR3,count,relative.frequency
CANYGYTF,7,0.318181818182
CSNQPQHF,3,0.136363636364
CSYNSPLHF,12,0.545454545455
