CDR3,count,relative.frequency
CANYGYTF,20,0.25974025974
CSNQPQHF,42,0.545454545455
CSYNSPLHF,15,0.194805194805
