CDR3,count,relative.frequency
CAHFGSGGFDYW,2,0.0277777777778
CARAAGYNFFDNW,2,0.0277777777778
CARDMDYW,2,0.0277777777778
CAREQGSFDYW,3,0.0416666666667
CARESAGSGFDYW,2,0.0277777777778
CARGDRGWFDSW,4,0.0555555555556
CARHGEDFDFW,4,0.0555555555556
CARLFPDFDSW,2,0.0277777777778
CARQDDGLFDSW,2,0.0277777777778
CARRSFDLW,4,0.0555555555556
CATYGSAGFDYW,6,0.0833333333333
CATYSGIYFDFW,11,0.152777777778
CGGDCGALDVW,2,0.0277777777778
CSDEHDAFDVW,2,0.0277777777778
CSGGSCYGFDYW,3,0.0416666666667
CSRHFDYW,5,0.0694444444444
CSSGRCSEQSDYW,8,0.111111111111
CTKGLSFFDDW,2,0.0277777777778
CTRDQDYSAPFDSW,4,0.0555555555556
CVRGMSYGDFW,2,0.0277777777778
