CDR3,count,relative.frequency
CAAWDDSLSGGGF,2,0.00512820512821
CAKDMGHF,2,0.00512820512821
CAKGGTRVGF,2,0.00512820512821
CAKRGSGF,8,0.0205128205128
CALSLNSGGGVGF,2,0.00512820512821
CARADYDFWSGF,20,0.0512820512821
CARAPNYF,2,0.00512820512821
CARDGRYSGYGF,2,0.00512820512821
CARGF,5,0.0128205128205
CARGPYYF,3,0.00769230769231
CATLPGTF,2,0.00512820512821
CCSHADTFFIF,2,0.00512820512821
CESASYPEGNF,204,0.523076923077
CGKNKVLTTF,2,0.00512820512821
CGSPEAF,4,0.0102564102564
CHHYDRSPMYNF,2,0.00512820512821
CHQSGTSRLTF,2,0.00512820512821
CILRRDKIIF,2,0.00512820512821
CISFLFFSFF,5,0.0128205128205
CLHHSTYPWTF,2,0.00512820512821
CLLLYSYLYAANF,2,0.00512820512821
CLLNDGGTQVF,5,0.0128205128205
CLLRSQLKQSF,2,0.00512820512821
CLQDYSYPLTF,6,0.0153846153846
CLQYSTYSGTF,2,0.00512820512821
CMLSLGSGILAF,2,0.00512820512821
CNSYTSSGTYVF,2,0.00512820512821
CQEYNTFSRTF,5,0.0128205128205
CQEYYNNHRTF,2,0.00512820512821
CQHYGGPPYTF,2,0.00512820512821
CQHYYTPPRTF,3,0.00769230769231
CQKYKTVWGF,2,0.00512820512821
CQKYKTVWTF,6,0.0153846153846
CQKYNFAPLTF,5,0.0128205128205
CQKYNSDLTF,2,0.00512820512821
CQKYRSAPFTF,2,0.00512820512821
CQQGYSSWTF,3,0.00769230769231
CQQRRNLYTF,2,0.00512820512821
CQQSFSSPWTF,3,0.00769230769231
CQQSYSIPPTF,3,0.00769230769231
CQQSYSNPFTF,2,0.00512820512821
CQQSYTFPTTF,2,0.00512820512821
CQQTRTTPRTF,4,0.0102564102564
CQQTSSAPYTF,3,0.00769230769231
CQQVYSSWTF,3,0.00769230769231
CQQYGDSPCTF,3,0.00769230769231
CQQYGTLPYTF,2,0.00512820512821
CQQYKTYWTF,2,0.00512820512821
CQQYTRLYTF,2,0.00512820512821
CQRYKTVWTF,2,0.00512820512821
CQTWGNGVGF,2,0.00512820512821
CQYDDRSYTF,2,0.00512820512821
CQYYGRSFWTF,2,0.00512820512821
CSPSDPMVFSSF,2,0.00512820512821
CSRDTF,3,0.00769230769231
CSSDLAGGF,2,0.00512820512821
CSSHTTSNTF,2,0.00512820512821
CSSYAGSDVYVF,2,0.00512820512821
CTGTLQPF,3,0.00769230769231
CTKDTF,3,0.00769230769231
CTTDLQGF,2,0.00512820512821
CVETNNGAGF,2,0.00512820512821
CVQGTHWPPLTF,2,0.00512820512821
