CDR3,count,relative.frequency
CCSFARSSLIF,2,0.153846153846
CCSYAVSDTLIF,3,0.230769230769
CQQLTIIPLIF,4,0.307692307692
CQWTYSIPYIF,2,0.153846153846
CSSYTRDNNLIF,2,0.153846153846
