CDR3,count,relative.frequency
CADGGSSAFDIW,2,0.00709219858156
CAGAEAEGWFDSW,2,0.00709219858156
CAGQLGALGDYW,2,0.00709219858156
CAGRWYFDLW,6,0.0212765957447
CAHRHVDFDFW,8,0.0283687943262
CAHRHVDFDYW,9,0.031914893617
CAKVGSSWQFDSW,2,0.00709219858156
CAMRSIVGPFDYW,5,0.0177304964539
CAPDYW,7,0.0248226950355
CARANIAVPGDYW,2,0.00709219858156
CARAPDYEQFDYW,3,0.0106382978723
CARASGFAFDIW,2,0.00709219858156
CARAWSGYVFDPW,6,0.0212765957447
CARDQGGIGYFDYW,3,0.0106382978723
CARDRLGYLDYW,2,0.00709219858156
CARDSASLDYW,5,0.0177304964539
CARDVNSWIFDHW,4,0.0141843971631
CARDVNSWIFDYW,26,0.0921985815603
CARGARFSDSSDYW,2,0.00709219858156
CARGMFQFDSW,2,0.00709219858156
CARGSLRWKGAFDIW,5,0.0177304964539
CARGVAGAFEIW,2,0.00709219858156
CARGWGYCDYW,2,0.00709219858156
CARLAAGGPFDFW,2,0.00709219858156
CARLRTTGWYFDLW,2,0.00709219858156
CARMRHLTGDFDYW,2,0.00709219858156
CARQADNWFDPW,4,0.0141843971631
CARQRGTYFHYW,2,0.00709219858156
CARSGHYGDDYW,2,0.00709219858156
CARSYSYGEFDSW,2,0.00709219858156
CARSYTGFDNW,3,0.0106382978723
CARTLQSYYFDNW,2,0.00709219858156
CARVLGAGWFDPW,2,0.00709219858156
CARVRSGARNWFDPW,2,0.00709219858156
CASQSGTYFHYW,30,0.106382978723
CATDYGAKYFRYW,2,0.00709219858156
CATETGMSRVFDYW,5,0.0177304964539
CATFYDTWYSDYW,2,0.00709219858156
CATGVTLDYW,5,0.0177304964539
CATQSGTYFHYW,6,0.0212765957447
CAYLDVW,2,0.00709219858156
CDSW,4,0.0141843971631
CDYW,5,0.0177304964539
CLLMHDAFDVW,2,0.00709219858156
CLVNSDNERDSW,3,0.0106382978723
CQRYFNYW,2,0.00709219858156
CSDGSCNFVYW,2,0.00709219858156
CSGGRCFSFDSW,5,0.0177304964539
CSGYPYSSYW,2,0.00709219858156
CSRDGSGWSRDYW,2,0.00709219858156
CSRDSSGWARDIW,2,0.00709219858156
CSSDICYFDYW,4,0.0141843971631
CSTEGDGGSYFDYW,2,0.00709219858156
CTGDCHGFDYW,2,0.00709219858156
CTKSDWFDTW,2,0.00709219858156
CTMSSGSHDYW,3,0.0106382978723
CTRDAGLHNWFDPW,2,0.00709219858156
CTRRGHFDYW,2,0.00709219858156
CTTRFCYTFDPW,2,0.00709219858156
CTTRFCYTFDQW,4,0.0141843971631
CVKEKAAYYFDSW,4,0.0141843971631
CVLSMAENFDHW,2,0.00709219858156
CVRAAFDVW,2,0.00709219858156
CVRDFDYW,2,0.00709219858156
CVRDNDVLTGFDYW,6,0.0212765957447
CVRELSFYFFDSW,3,0.0106382978723
CVSGWDYFDSW,2,0.00709219858156
CVSGWYYFDSW,15,0.0531914893617
CYISSGPLFDPW,2,0.00709219858156
CYSREASDYW,6,0.0212765957447
