VJ,count,relative.frequency
IGLV1-IGLJ6,2,0.0909090909091
IGLV2-IGLJ1,2,0.0909090909091
IGLV3-IGLJ5,18,0.818181818182
