CDR3,count,relative.frequency
CASSATGGTEAFF,4,0.020725388601
CASSIPGYGYTF,2,0.0103626943005
CASSQGPNYEQYF,2,0.0103626943005
CASSSAGELFF,3,0.0155440414508
CSSFTSTDTLLF,5,0.0259067357513
CTSVPETNYF,177,0.917098445596
