CDR3,count,relative.frequency
CARDLPNRVTIF,2,0.0144927536232
CARPKGRFTIF,5,0.036231884058
CARPKGRVTIF,64,0.463768115942
CASRDRSNDRLIF,2,0.0144927536232
CASRDRTTDHLIF,9,0.0652173913043
CASRVITTHHLIF,2,0.0144927536232
CCSYAPSSTLIF,2,0.0144927536232
CCSYSGSGTLIF,8,0.0579710144928
CCSYTNMNSLIF,4,0.0289855072464
CHQYYGRPLTF,3,0.0217391304348
CLQTLQTPLIF,4,0.0289855072464
CQAWDSRSVIF,3,0.0217391304348
CQHYHIQPLIF,4,0.0289855072464
CQHYHMHPLIF,2,0.0144927536232
CQQLNGSPFIF,2,0.0144927536232
CQQSDNLRALIF,2,0.0144927536232
CQQYQIRPLTF,2,0.0144927536232
CSSYANTNRLIF,2,0.0144927536232
CSSYRRANTLIF,2,0.0144927536232
CTSYTDSTLLIF,12,0.0869565217391
CTTIPRGDIF,2,0.0144927536232
