CDR3,count,relative.frequency
CHQTYSTPPYTF,2,0.00159362549801
CLQDHTYPLTF,37,0.0294820717131
CLQYGSSPETF,4,0.00318725099602
CMQALQTPLTF,140,0.111553784861
CMQALQTPPTF,283,0.225498007968
CMQATQFPFTF,4,0.00318725099602
CMQLIEFPYTF,2,0.00159362549801
CMQRIEFPYTF,204,0.162549800797
CQHYGGSPRLTF,19,0.0151394422311
CQHYNDWPLTF,2,0.00159362549801
CQQATSFPLTF,2,0.00159362549801
CQQFESYIGSF,14,0.0111553784861
CQQFGSSPKYTF,4,0.00318725099602
CQQRSNWPPLTF,153,0.121912350598
CQQSDHIPITF,16,0.0127490039841
CQQSDSMPWTF,9,0.00717131474104
CQQSFSTSYTF,4,0.00318725099602
CQQSHSTPLTF,4,0.00318725099602
CQQSYNPPLTF,7,0.00557768924303
CQQSYNTPITF,4,0.00318725099602
CQQSYSPPWTF,2,0.00159362549801
CQQSYSTPDTF,18,0.0143426294821
CQQYHIWPITF,2,0.00159362549801
CQQYKSYLWTF,50,0.0398406374502
CQQYKSYPTF,10,0.00796812749004
CQQYNDWPLTF,15,0.0119521912351
CQQYNFYPTF,4,0.00318725099602
CQQYNHYRYAF,3,0.00239043824701
CQQYNHYRYTF,130,0.103585657371
CQQYNLYPSTF,48,0.0382470119522
CQQYNLYSSTF,3,0.00239043824701
CQQYNNWPPITF,2,0.00159362549801
CQQYNNWPPLYSF,2,0.00159362549801
CQQYNSYPWTF,50,0.0398406374502
CQQYSNWAKTF,2,0.00159362549801
