CDR3,count,relative.frequency
CAAWDDSLNGYVF,2,0.00925925925926
CAAWDDSLSGWVF,5,0.0231481481481
CALYMGSGIWVF,14,0.0648148148148
CMIWHTSAWVF,2,0.00925925925926
CNSRDNSGNHWVF,2,0.00925925925926
CPSRDSSNNHVVF,2,0.00925925925926
CQAWDSSNVVF,4,0.0185185185185
CQSYDSSLSGLVF,2,0.00925925925926
CQVWDSSSDHVIF,11,0.0509259259259
CQVWDSSSEYVF,3,0.0138888888889
CQVWDSVSDHWVF,2,0.00925925925926
CQVWDTNSDHYVF,12,0.0555555555556
CSSYTSYRTLVF,75,0.347222222222
CTSRDSSNNHVVF,80,0.37037037037
