VJ,count,relative.frequency
TRAV10-TRAJ35,3,0.0483870967742
TRAV17-TRAJ35,3,0.0483870967742
TRAV26-TRAJ48,39,0.629032258065
TRAV27-TRAJ35,2,0.0322580645161
TRAV34-TRAJ35,5,0.0806451612903
TRAV36/DV7-TRAJ35,2,0.0322580645161
TRAV40-TRAJ48,2,0.0322580645161
TRAV8-TRAJ35,6,0.0967741935484
