CDR3,count,relative.frequency
CAARVAFSEALVF,3,0.0204081632653
CAATVDFQARF,3,0.0204081632653
CAGPTALLAHEIGF,2,0.0136054421769
CARDPHPGF,48,0.326530612245
CATVQSCSQRGF,3,0.0204081632653
CAVANACSPSTF,2,0.0136054421769
CAVRVGNDMRF,2,0.0136054421769
CESASYPEGNF,8,0.0544217687075
CGSPEAF,5,0.0340136054422
CHQYGGFEGTF,23,0.156462585034
CHRYNTYYWTF,10,0.0680272108844
CLLCSSRRAWSRF,2,0.0136054421769
CPILNSNPSQPSGGF,2,0.0136054421769
CQEYKGVSSTF,7,0.047619047619
CQQYDDGWTF,3,0.0204081632653
CQQYYNITFTF,3,0.0204081632653
CSRKPVARSTGF,3,0.0204081632653
CSRNF,5,0.0340136054422
CSSDAYNTACGF,6,0.0408163265306
CSSSLPWGGGGF,2,0.0136054421769
CVFLVRRFCCF,2,0.0136054421769
CVTVSSHEPHGF,3,0.0204081632653
