VJ,count,relative.frequency
TRAV26-TRAJ43,4,0.0869565217391
TRAV27-TRAJ48,2,0.0434782608696
TRAV30-TRAJ53,6,0.130434782609
TRAV34-TRAJ35,5,0.108695652174
TRAV35-TRAJ48,2,0.0434782608696
TRAV36/DV7-TRAJ36,25,0.54347826087
TRAV9-TRAJ59,2,0.0434782608696
