CDR3,count,relative.frequency
CAFNSQSSTCLMMEQF,2,0.0327868852459
CANQAGTALIF,3,0.0491803278689
CATAAGREWEAAGGSAGRWGGF,2,0.0327868852459
CAVSSGSARQLTF,4,0.0655737704918
CAYSGAGSYQLTF,2,0.0327868852459
CCVFSAHRVKSNFWFKWF,2,0.0327868852459
CDNNNDMRF,4,0.0655737704918
CGCENSGGSNYKLTF,6,0.0983606557377
CGSPHLLLPITSSSEIGGF,5,0.0819672131148
CIPFHSIQFHSVPFHSITF,2,0.0327868852459
CISLHSIPFHSVAFHSITF,2,0.0327868852459
CKGSSSCGKEGNRKFTF,2,0.0327868852459
CQTGANNLFF,25,0.409836065574
