CDR3,count,relative.frequency
CANYGYTF,9,0.147540983607
CHCVNTEAFF,3,0.0491803278689
CSNQPQHF,24,0.393442622951
CSYNEQFF,2,0.0327868852459
CSYNSPLHF,23,0.377049180328
