VJ,count,relative.frequency
TRAV34-TRAJ35,2,0.0869565217391
TRAV36/DV7-TRAJ36,21,0.913043478261
