CDR3,count,relative.frequency
CANYGYTF,19,0.431818181818
CSNQPQHF,15,0.340909090909
CSYNSPLHF,10,0.227272727273
