CDR3,count,relative.frequency
CAREESELPDYW,2,0.0298507462687
CARHAGEPLDYW,10,0.149253731343
CARHSGEPLDYW,26,0.388059701493
CSVDTCYNWFDPW,3,0.044776119403
CTPGNCYYDYW,10,0.149253731343
CVRDDDRYSLDYW,16,0.238805970149
