CDR3,count,relative.frequency
CLQHNSYPWSF,2,0.00488997555012
CMEALQTPWTF,2,0.00488997555012
CMQALQTLTF,2,0.00488997555012
CMQALQTPLTF,7,0.0171149144254
CMQALQTPYTF,4,0.00977995110024
CMQALQTQITF,4,0.00977995110024
CMQARQTPQTF,9,0.0220048899756
CMQASQLPHTF,3,0.00733496332518
CMQATHWPWTF,105,0.256723716381
CMQGIHIPRVF,4,0.00977995110024
CMQGTHWPITF,3,0.00733496332518
CMQGTQLPHTF,2,0.00488997555012
CMQSLQTLLTF,2,0.00488997555012
CMQTLQTPPFTF,7,0.0171149144254
CQHYGSSPPITF,5,0.0122249388753
CQKYNGLPLTF,49,0.119804400978
CQKYNSAPFTF,3,0.00733496332518
CQKYNSAPWTF,4,0.00977995110024
CQQANSFPLTF,3,0.00733496332518
CQQRSNRPPITF,2,0.00488997555012
CQQRSNWPQTF,5,0.0122249388753
CQQRTDWPLTF,2,0.00488997555012
CQQSDSVPITF,3,0.00733496332518
CQQSNFTPRTF,3,0.00733496332518
CQQSYSTPLTF,2,0.00488997555012
CQQTNSLPFTF,3,0.00733496332518
CQQYAYSPLTF,3,0.00733496332518
CQQYDDLYTF,7,0.0171149144254
CQQYDNLPLTF,2,0.00488997555012
CQQYDNLPVTF,2,0.00488997555012
CQQYDNPPYTF,2,0.00488997555012
CQQYGAPPRTF,74,0.180929095355
CQQYGGPPRTF,2,0.00488997555012
CQQYGSLPWTF,2,0.00488997555012
CQQYGSPRTF,2,0.00488997555012
CQQYGSSPITF,9,0.0220048899756
CQQYGTSPITF,2,0.00488997555012
CQQYGVPPRTF,24,0.0586797066015
CQQYKSHPLTF,6,0.0146699266504
CQQYNDWPRTF,4,0.00977995110024
CQQYNSYPGF,3,0.00733496332518
CQQYNTSPWTF,3,0.00733496332518
CQQYSKWPRTF,2,0.00488997555012
CQQYSNWPQTF,4,0.00977995110024
CQQYYDTPLSF,7,0.0171149144254
CQQYYGTPGTF,2,0.00488997555012
CQQYYVPPRTF,7,0.0171149144254
