CDR3,count,relative.frequency
CAAWDDRLAGWVF,55,0.111561866126
CAAWDDSLNSWLF,5,0.0101419878296
CAAWDDSLSGPVF,2,0.00405679513185
CGTWDSSLSAGVF,2,0.00405679513185
CLLSYPGARVF,3,0.00608519269777
CLLYQGGAWVF,2,0.00405679513185
CQAWDTTTAVF,2,0.00405679513185
CQSADSSGTYWVF,2,0.00405679513185
CQSYDSSNVVF,2,0.00405679513185
CQTWGTGFRVF,3,0.00608519269777
CQTWGTWAF,2,0.00405679513185
CQTWGTWVF,388,0.787018255578
CQVWESSSDHWVF,2,0.00405679513185
CSSFTSSTTLVF,2,0.00405679513185
CSSYAGSNWVF,2,0.00405679513185
CSSYTSISTWVF,2,0.00405679513185
CSSYTSSSTLGVF,15,0.0304259634888
CSSYTSSSTVVF,2,0.00405679513185
