CDR3,count,relative.frequency
CAARVAFSEALVF,3,0.0280373831776
CAGDEKDEF,6,0.0560747663551
CAGF,6,0.0560747663551
CAGPTALLAHEIGF,2,0.018691588785
CALRPSGTYKYIF,2,0.018691588785
CCLLLLCWFAGFLGF,2,0.018691588785
CESASYPEGNF,5,0.0467289719626
CGAWDDSVAGWGF,2,0.018691588785
CHHYHTSPWTF,3,0.0280373831776
CHSYDVRRNVF,2,0.018691588785
CIQALQSPHTF,3,0.0280373831776
CISFLFFSFF,3,0.0280373831776
CLLLLCWFAGFLGF,2,0.018691588785
CLQHNSYPLTF,3,0.0280373831776
CLSRFRLCTF,2,0.018691588785
CMQARQTQITF,4,0.0373831775701
CQHYFETPLNF,8,0.0747663551402
CQHYGSARYTF,2,0.018691588785
CQNYNTARRTF,11,0.102803738318
CQQGFTTF,2,0.018691588785
CQQTFGTPFTF,5,0.0467289719626
CQQTYTMPYTF,2,0.018691588785
CQQYAVPPRTF,5,0.0467289719626
CQQYGTSPWTF,2,0.018691588785
CQVWDNFYVF,4,0.0373831775701
CREKGVFGF,3,0.0280373831776
CSFSVAAIKGF,2,0.018691588785
CSLQPLPPGF,2,0.018691588785
CSPSDPMVFSSF,3,0.0280373831776
CSSFAGSLYFF,2,0.018691588785
CSSLLYLCCTF,2,0.018691588785
CVVNWGGNKLTF,2,0.018691588785
