VJ,count,relative.frequency
TRAV1-TRAJ35,2,0.0425531914894
TRAV13-TRAJ35,2,0.0425531914894
TRAV26-TRAJ35,6,0.127659574468
TRAV26-TRAJ48,27,0.574468085106
TRAV34-TRAJ35,2,0.0425531914894
TRAV35-TRAJ48,3,0.063829787234
TRAV38-TRAJ35,2,0.0425531914894
TRAV9-TRAJ35,3,0.063829787234
