CDR3,count,relative.frequency
CANQAGTALIF,4,0.0481927710843
CASGGSYIPTF,11,0.132530120482
CAYSGAGSYQLTF,3,0.0361445783133
CDNNNDMRF,2,0.0240963855422
CGCENSGGSNYKLTF,3,0.0361445783133
CGMDSSYKLIF,6,0.0722891566265
CGSPHLLLPITSSSEIGGF,5,0.0602409638554
CQTGANNLFF,45,0.542168674699
CRAASPPEAEMQDRGAHTF,2,0.0240963855422
CVFSGGYNKLIF,2,0.0240963855422
