VJ,count,relative.frequency
TRAV26-TRAJ43,2,0.0512820512821
TRAV30-TRAJ53,3,0.0769230769231
TRAV34-TRAJ35,4,0.102564102564
TRAV35-TRAJ4,2,0.0512820512821
TRAV36/DV7-TRAJ36,28,0.717948717949
