CDR3,count,relative.frequency
CAFNSQSLTFLFIEQF,2,0.0377358490566
CANQAGTALIF,5,0.0943396226415
CAVCEILARAPCDGPFETF,3,0.0566037735849
CAYSGAGSYQLTF,2,0.0377358490566
CDNNNDMRF,2,0.0377358490566
CGCENSGGSNYKLTF,3,0.0566037735849
CGSPHLLLPITSSSEIGGF,4,0.0754716981132
CNGVTYGMNTGGTIDKLTF,2,0.0377358490566
CQTGANNLFF,28,0.528301886792
CVFSGGYNKLIF,2,0.0377358490566
