CDR3,count,relative.frequency
CAARDDSLNGHVF,2,0.00421052631579
CAAWDDRLKGFVF,2,0.00421052631579
CAAWDDSLDGLVF,3,0.00631578947368
CAAWDDSLEGYVF,3,0.00631578947368
CAAWDDSLNGRWVF,6,0.0126315789474
CAAWDDSLNGRYVF,2,0.00421052631579
CAAWDDSLNGWVF,12,0.0252631578947
CAAWDDSLNGYVF,6,0.0126315789474
CAAWDDSLSAWVF,2,0.00421052631579
CAAWDDSLSGPVF,3,0.00631578947368
CAAWDDSLSGSWVF,18,0.0378947368421
CAAWDDSLSGYVVF,6,0.0126315789474
CAAWDDSRSGVVF,4,0.00842105263158
CAAWDDTLTGPVF,2,0.00421052631579
CAAWDERLNGYVF,4,0.00842105263158
CAAWDNSLNGPVF,3,0.00631578947368
CAAWGDSLSGPVF,2,0.00421052631579
CCSYAGRTTLGVLF,32,0.0673684210526
CCSYAGSSTPHYVF,4,0.00842105263158
CCSYAGSSTSRNWIF,3,0.00631578947368
CGSWDSSLTAYVF,3,0.00631578947368
CGTWDNSLSSGGVF,3,0.00631578947368
CGTWDSSLSAVVF,16,0.0336842105263
CHSADSSGSSYVF,13,0.0273684210526
CHVWDAISDLLVF,2,0.00421052631579
CLLSYGGADVVF,2,0.00421052631579
CLLSYSGARVF,3,0.00631578947368
CMIWHSSALVF,5,0.0105263157895
CMIWHSSASVF,8,0.0168421052632
CMLYLGSGISVF,2,0.00421052631579
CNSRDSSGNHLVF,43,0.0905263157895
CNSRDSSGNHWVF,4,0.00842105263158
CNSRESSGNHLVF,2,0.00421052631579
CNSRGSSGNHFLFFFFFFF,2,0.00421052631579
CNSYTSIRTYVF,3,0.00631578947368
CQAWDRSSASYVF,20,0.0421052631579
CQAWDSDTVRVF,6,0.0126315789474
CQAWDSSTAIF,2,0.00421052631579
CQSADHSGIDNVF,2,0.00421052631579
CQSADISGTYAVF,3,0.00631578947368
CQSADNRGTYWVF,2,0.00421052631579
CQSADSSGSYWVF,2,0.00421052631579
CQSADSSGTSPYVF,65,0.136842105263
CQSADSSGTYVVF,7,0.0147368421053
CQSDDSSGTYPIF,4,0.00842105263158
CQSSDSSGTYYVF,2,0.00421052631579
CQSVDGSGTYVF,6,0.0126315789474
CQSVDSSGIYPHVVF,5,0.0105263157895
CQSYDNNLSGYVF,9,0.0189473684211
CQSYDSNDQGVF,16,0.0336842105263
CQSYDSSLGGSWVF,6,0.0126315789474
CQSYDSSLSASVF,7,0.0147368421053
CQSYDSSLSGWVF,2,0.00421052631579
CQSYDSSLSNVF,4,0.00842105263158
CQSYDSSLSVLVF,2,0.00421052631579
CQSYDTSLSGSRVF,5,0.0105263157895
CQTWGAGIWVF,2,0.00421052631579
CQTWGTGGGFLTAPKKF,5,0.0105263157895
CQTWGTGGGFLVVWCVF,1,0.00210526315789
CQTWGTGIRVF,3,0.00631578947368
CQTWGTGIVLF,2,0.00421052631579
CQTWGTGIVLFGGVTLVGRIF,4,0.00842105263158
CQTWGTGIVVF,10,0.0210526315789
CQVWDSDSDHPYVF,4,0.00842105263158
CQVWDSNTFVF,4,0.00842105263158
CQVWDSSGDHSYVF,4,0.00842105263158
CSAWDSSLSAHVF,6,0.0126315789474
CSSFTSSSTAIYVF,2,0.00421052631579
CSSYAGSNNFDVF,2,0.00421052631579
CSSYTSSGTQVF,3,0.00631578947368
CSSYTSSSTPWVF,4,0.00842105263158
CVCVCVCVCVCVF,6,0.0126315789474
CVFYMGSGIYVF,6,0.0126315789474
