VJ,count,relative.frequency
TRBV10-TRBJ1,8,0.533333333333
TRBV12-TRBV12,2,0.133333333333
TRBV5-TRBJ2,2,0.133333333333
TRBV7-TRBV7,3,0.2
