CDR3,count,relative.frequency
CAISHLGTVYGYTF,4,0.0869565217391
CAPPRLANFCIF,3,0.0652173913043
CASPAPRLPSQPAPNRHYEQLF,2,0.0434782608696
CASRKRMGLNTGELFF,5,0.108695652174
CASSEARREQYF,2,0.0434782608696
CASSENGWETQYF,4,0.0869565217391
CASSLAANYEQYF,2,0.0434782608696
CASSLEGSEAFF,2,0.0434782608696
CASSLSGGQSQETQYF,5,0.108695652174
CASSPGVGYGYTF,2,0.0434782608696
CGQAHIAASTSSTQETALF,2,0.0434782608696
CLSSGVRDQPGHGGSSLQPRHF,2,0.0434782608696
CQTSGYTF,4,0.0869565217391
CRASRRLAKTSRGF,2,0.0434782608696
CSSYRSGNTYIF,5,0.108695652174
