CDR3,count,relative.frequency
CAAEAHAHRALSLCFPFPVPGF,2,0.0526315789474
CANQAGTALIF,2,0.0526315789474
CDNNNDMRF,3,0.0789473684211
CFSASSSKGGSMRKSGCLTCGF,2,0.0526315789474
CGCENSGGSNYKLTF,2,0.0526315789474
CGSPHLLLPITSSSEIGGF,4,0.105263157895
CQTGANNLFF,23,0.605263157895
