CDR3,count,relative.frequency
CANYGYTF,17,0.333333333333
CASSLGGEGAAEAFF,2,0.0392156862745
CSARDPPKGEAFF,2,0.0392156862745
CSNQPQHF,21,0.411764705882
CSYNSPLHF,9,0.176470588235
