CDR3,count,relative.frequency
CAAMRGGSYIPTF,2,0.0526315789474
CAMREGRDFNKFYF,3,0.0789473684211
CANQAGTALIF,2,0.0526315789474
CASGGSYIPTF,8,0.210526315789
CQTGANNLFF,23,0.605263157895
