VJ,count,relative.frequency
TRAV1-TRAJ6,8,0.258064516129
TRAV36/DV7-TRAJ36,23,0.741935483871
