CDR3,count,relative.frequency
CANYGYTF,23,0.348484848485
CSNQPQHF,24,0.363636363636
CSYNEQFF,5,0.0757575757576
CSYNSPLHF,14,0.212121212121
