CDR3,count,relative.frequency
CANYGYTF,17,0.28813559322
CSNQPQHF,27,0.457627118644
CSYNEQFF,2,0.0338983050847
CSYNSPLHF,13,0.220338983051
