VJ,count,relative.frequency
TRAV34-TRAJ35,4,0.444444444444
TRAV36/DV7-TRAJ36,5,0.555555555556
