CDR3,count,relative.frequency
CAAKHNSGYYIYW,2,0.0100502512563
CAAKHRSGYYAYW,4,0.0201005025126
CAAKHTSGYYVYW,2,0.0100502512563
CAATTKPRIVDYW,3,0.0150753768844
CAKAFNGYNLDYW,6,0.0301507537688
CAKDIW,2,0.0100502512563
CAKFGEDYYFDNW,2,0.0100502512563
CAKTSSGSYMDYW,2,0.0100502512563
CALDSGSYQFDYW,3,0.0150753768844
CARDEDDSRFDYW,2,0.0100502512563
CARDWGRGFDYW,2,0.0100502512563
CARETSHFDFW,2,0.0100502512563
CARFPAGDDFDIW,3,0.0150753768844
CARFPDQGAFDVW,2,0.0100502512563
CARGPGWFDPW,2,0.0100502512563
CARGPYGGHFEYW,6,0.0301507537688
CARGRGGYMHLDYW,2,0.0100502512563
CARLPYNDYGDAW,2,0.0100502512563
CARLYYYYMDLW,14,0.070351758794
CARRGAGYNDRW,2,0.0100502512563
CARRLGRAYDIW,2,0.0100502512563
CARSGSYYIDIW,19,0.0954773869347
CARSLSFAYW,2,0.0100502512563
CARSPSSNFLDSW,4,0.0201005025126
CARSQREDDYW,6,0.0301507537688
CARTIWKEHTPDYW,2,0.0100502512563
CARVLRGHSFDYW,2,0.0100502512563
CATMETGVGYFDHW,2,0.0100502512563
CAVAIDYW,15,0.0753768844221
CFDSW,5,0.0251256281407
CHLNHSDYW,4,0.0201005025126
CQQYSEYW,2,0.0100502512563
CSGKNCRFDPW,2,0.0100502512563
CSKTTWFDSW,2,0.0100502512563
CSRDSCYFDPW,4,0.0201005025126
CSRSRCRVDYW,2,0.0100502512563
CSRTYFSHW,2,0.0100502512563
CSSVFTYYFEHW,2,0.0100502512563
CSTTRCPIPDYW,2,0.0100502512563
CSTTSCYLVYW,4,0.0201005025126
CTDTGCYDDYW,5,0.0251256281407
CTTVVGARHLDYW,2,0.0100502512563
CVNFFGVGFDRW,2,0.0100502512563
CVRDADDHW,10,0.0502512562814
CVRDADDLW,4,0.0201005025126
CVRGDRWSLFDAW,2,0.0100502512563
CVRGDRWSLFDSW,3,0.0150753768844
CVSPTLDYW,11,0.0552763819095
CVSTTLDYW,4,0.0201005025126
CYLLFDRW,2,0.0100502512563
CYNGMDVW,2,0.0100502512563
CYPRVDYW,2,0.0100502512563
