VJ,count,relative.frequency
IGHV1-IGHJ4,13,0.433333333333
IGHV3-IGHJ4,10,0.333333333333
IGHV4-IGHJ4,3,0.1
IGHV7-IGHJ4,4,0.133333333333
