VJ,count,relative.frequency
IGLV2-IGLJ5,86,0.955555555556
IGLV3-IGLJ7,4,0.0444444444444
