CDR3,count,relative.frequency
CARDRGPTIF,2,0.0571428571429
CHQYGTYPLTF,4,0.114285714286
CHSYYSGLSALIF,2,0.0571428571429
CMQALHPPCIF,2,0.0571428571429
CPQIYTIPYIF,2,0.0571428571429
CQQYDNLPYIF,2,0.0571428571429
CSSHAGINDLIF,2,0.0571428571429
CSSYAGNNDLIF,17,0.485714285714
CSSYAGNTYLIF,2,0.0571428571429
