VJ,count,relative.frequency
TRAV27-TRAJ48,2,0.333333333333
TRAV34-TRAJ35,4,0.666666666667
