VJ,count,relative.frequency
TRAV34-TRAJ35,5,0.384615384615
TRAV36/DV7-TRAJ36,8,0.615384615385
