CDR3,count,relative.frequency
CANYGYTF,18,0.367346938776
CSNQPQHF,22,0.448979591837
CSYNSPLHF,9,0.183673469388
