CDR3,count,relative.frequency
CAAWDDSLNGWVF,2,0.0869565217391
CLLYYGDSQVVF,2,0.0869565217391
CQAWDSRTAVVF,4,0.173913043478
CQAWDSSTVVF,2,0.0869565217391
CQSYDSGTWVF,2,0.0869565217391
CQSYDSSLSGRVVF,2,0.0869565217391
CQVWDSDSDHWVF,5,0.217391304348
CQVWDSSSDDPVF,2,0.0869565217391
CQVWDSSSDLPVF,2,0.0869565217391
