VJ,count,relative.frequency
TRAV26-TRAJ48,2,0.285714285714
TRAV34-TRAJ35,2,0.285714285714
TRAV36/DV7-TRAJ48,3,0.428571428571
