VJ,count,relative.frequency
TRAV1-TRAJ42,2,0.0869565217391
TRAV36/DV7-TRAJ36,19,0.826086956522
TRAV9-TRAJ35,2,0.0869565217391
