VJ,count,relative.frequency
TRAV26-TRAJ35,2,0.0952380952381
TRAV34-TRAJ35,3,0.142857142857
TRAV36/DV7-TRAJ36,16,0.761904761905
