CDR3,count,relative.frequency
CANYGYTF,7,0.162790697674
CASSIRNTEAFF,2,0.046511627907
CSNQPQHF,18,0.418604651163
CSYNSPLHF,16,0.372093023256
