CDR3,count,relative.frequency
CANQAGTALIF,2,0.046511627907
CASGGSYIPTF,3,0.0697674418605
CATLRVESLPSSSGMPASCRSF,2,0.046511627907
CAYSGAGSYQLTF,2,0.046511627907
CDNNNDMRF,3,0.0697674418605
CGMDSSYKLIF,2,0.046511627907
CGSPHLLLPITSSSEIGGF,2,0.046511627907
CQTGANNLFF,27,0.627906976744
