CDR3,count,relative.frequency
CANYGYTF,21,0.45652173913
CHCVTTEAFF,2,0.0434782608696
CSNQPQHF,18,0.391304347826
CSYNSPLHF,5,0.108695652174
