VJ,count,relative.frequency
TRAV10-TRAJ35,2,0.111111111111
TRAV34-TRAJ35,4,0.222222222222
TRAV36/DV7-TRAJ36,12,0.666666666667
