VJ,count,relative.frequency
IGHV3-IGHJ4,60,0.967741935484
IGHV4-IGHJ4,2,0.0322580645161
