CDR3,count,relative.frequency
CAKDRWFDSW,6,0.0275229357798
CAKVINGSFVYW,2,0.00917431192661
CAKVYSSTWGGFDYW,2,0.00917431192661
CAKYSGYVNYW,7,0.0321100917431
CARDYGDYVFDSW,25,0.114678899083
CARGRQLLFDSW,15,0.0688073394495
CARGSGYEHFDYW,2,0.00917431192661
CARQRGNRLLFDYW,8,0.0366972477064
CARRKPRMGWFDPW,2,0.00917431192661
CARRWTRAFDYW,3,0.0137614678899
CARVSWIDPHFDYW,48,0.220183486239
CASGDYCDYW,10,0.045871559633
CRTHGVKNFFDYW,2,0.00917431192661
CSRRSFDYW,55,0.252293577982
CSSTSCYLDYW,5,0.0229357798165
CTGGSCYSDYW,2,0.00917431192661
CTRQDSGSYFDYW,10,0.045871559633
CTRVSWIDPHFDYW,5,0.0229357798165
CVKMFSSSRYRDYW,3,0.0137614678899
CW,6,0.0275229357798
