CDR3,count,relative.frequency
CAASGFSLSGF,2,0.00412371134021
CAHTTPTGF,2,0.00412371134021
CAKVGF,6,0.0123711340206
CARDYGGF,7,0.0144329896907
CARGIRVTF,20,0.0412371134021
CARGTRFRF,2,0.00412371134021
CATPHPFPLNNYF,2,0.00412371134021
CCSYVGRYVYVF,3,0.00618556701031
CESASYPEGNF,8,0.0164948453608
CGSEELGCRNF,2,0.00412371134021
CHQYDTHSYTF,3,0.00618556701031
CISFLFFSFF,12,0.0247422680412
CMQTIAVPRTF,23,0.0474226804124
CNYYDYPHYTF,2,0.00412371134021
CQEYGSPTGTF,2,0.00412371134021
CQHQRTF,4,0.00824742268041
CQHYKSYWTF,5,0.0103092783505
CQQLRTF,215,0.443298969072
CQQNGSSPPTF,2,0.00412371134021
CQQRTNWLYTF,68,0.140206185567
CQQSFDYPQTF,2,0.00412371134021
CQQSLTSPTTF,2,0.00412371134021
CQQTYTIPYTF,2,0.00412371134021
CQQYGSSPGF,7,0.0144329896907
CQQYHDWWTF,17,0.0350515463918
CQQYHSMYTF,2,0.00412371134021
CQWRGKWLTF,3,0.00618556701031
CQYYGNSVTF,19,0.039175257732
CRTAGKVCTSNF,2,0.00412371134021
CSSDLPWGF,2,0.00412371134021
CSSHADSSTYVF,37,0.0762886597938
