CDR3,count,relative.frequency
CMQALQTPFTF,2,0.015503875969
CMQALQTPLTF,5,0.0387596899225
CMQALQTPRFTF,2,0.015503875969
CMQALQTPRTF,2,0.015503875969
CMQATRFRTF,2,0.015503875969
CMQGIHWPPTF,2,0.015503875969
CMQGTHWPPYTF,2,0.015503875969
CMQGTHWTPTF,4,0.031007751938
CMQSKDFPLTF,3,0.0232558139535
CMQVLQTPYTF,11,0.0852713178295
CQKYNSYSTF,9,0.0697674418605
CQQAESFPITF,4,0.031007751938
CQQRSSWPRGSF,6,0.046511627907
CQQSAITPPWTF,3,0.0232558139535
CQQSYNTPRTF,2,0.015503875969
CQQSYSAPPTF,2,0.015503875969
CQQTNSIPRTF,2,0.015503875969
CQQYDILPITF,2,0.015503875969
CQQYDNFFWTF,2,0.015503875969
CQQYDRPPWTF,5,0.0387596899225
CQQYGASMYTF,11,0.0852713178295
CQQYGNSPRLTF,2,0.015503875969
CQQYGSSPFTF,4,0.031007751938
CQQYKSYPWTF,3,0.0232558139535
CQQYKVYPWTF,10,0.077519379845
CQQYNEWPRTF,15,0.116279069767
CQQYNNWPLTF,2,0.015503875969
CQQYNRWPYTF,2,0.015503875969
CQQYNSYPYTF,2,0.015503875969
CQQYYATPYTF,2,0.015503875969
CQQYYSLWTF,2,0.015503875969
CQQYYSTPYTF,2,0.015503875969
