CDR3,count,relative.frequency
CAAWDDSLNGHVVF,2,0.0833333333333
CQAWASSTVVF,2,0.0833333333333
CQLWDSSSDHVVF,7,0.291666666667
CQTWDTGIVVF,4,0.166666666667
CQVWDSSFGVF,2,0.0833333333333
CQVWDSSTDQVVF,3,0.125
CSSYVGSNNLVF,4,0.166666666667
