CDR3,count,relative.frequency
CASASYPEGNF,2,0.000138802137553
CDSASYPEGNF,3,0.000208203206329
CESASCPEGNF,3,0.000208203206329
CESASDPEGNF,2,0.000138802137553
CESASHPEGNF,4,0.000277604275106
CESASSPEGNF,2,0.000138802137553
CESASXPEGNF,3,0.000208203206329
CESASYAEGNF,3,0.000208203206329
CESASYPAGNF,4,0.000277604275106
CESASYPDGNF,2,0.000138802137553
CESASYPEANF,3,0.000208203206329
CESASYPEENF,2,0.000138802137553
CESASYPEGNF,14263,0.989867443959
CESASYPEGTF,5,0.000347005343882
CESASYPERNF,7,0.000485807481435
CESASYPGGNF,10,0.000694010687765
CESASYPKGNF,6,0.000416406412659
CESASYPVGNF,5,0.000347005343882
CESASYPXGNF,6,0.000416406412659
CESASYREGNF,2,0.000138802137553
CESASYSEGNF,4,0.000277604275106
CESASYTEGNF,5,0.000347005343882
CESASYXEGNF,9,0.000624609618988
CESDSYPEGNF,2,0.000138802137553
CGAMEGGFGSDF,2,0.000138802137553
CGSASYPEGNF,9,0.000624609618988
CGSPEAF,5,0.000347005343882
CISFLFFSFF,5,0.000347005343882
CKSASYPEGNF,7,0.000485807481435
CQEYSDLPFTF,2,0.000138802137553
CQLYDNSIFTF,3,0.000208203206329
CQQSFTTLWTF,4,0.000277604275106
CQQYGATMYTF,3,0.000208203206329
CSPSDPMVFSSF,3,0.000208203206329
CTILRVLSSNF,3,0.000208203206329
CVSASYPEGNF,4,0.000277604275106
CYHYGNSPNTF,2,0.000138802137553
