VJ,count,relative.frequency
TRAV1-TRAJ15,2,0.133333333333
TRAV30-TRAJ53,2,0.133333333333
TRAV36/DV7-TRAJ36,11,0.733333333333
