CDR3,count,relative.frequency
CANYGYTF,14,0.358974358974
CSNQPQHF,18,0.461538461538
CSYNSPLHF,7,0.179487179487
