VJ,count,relative.frequency
TRAV26-TRAJ48,2,0.0363636363636
TRAV35-TRAJ48,53,0.963636363636
