CDR3,count,relative.frequency
CASGGSYIPTF,6,0.142857142857
CDNNNDMRF,3,0.0714285714286
CGCENSGGSNYKLTF,3,0.0714285714286
CGMDSSYKLIF,3,0.0714285714286
CKGSSSCGKEGNRKFTF,2,0.047619047619
CQTGANNLFF,23,0.547619047619
CQTGANTLFF,2,0.047619047619
