CDR3,count,relative.frequency
CANYGYTF,6,0.260869565217
CSNQPQHF,10,0.434782608696
CSYNSPLHF,7,0.304347826087
