CDR3,count,relative.frequency
CAEGKAFDYW,75,0.334821428571
CAKLATPAVGDDYW,4,0.0178571428571
CARGAAVAGLDYW,29,0.129464285714
CARGEGKQWFDFW,10,0.0446428571429
CARGEGKQWFDYW,33,0.147321428571
CARPEHGDYVAYW,25,0.111607142857
CARREASGWIFDHW,2,0.00892857142857
CARRVSGWYFDLW,2,0.00892857142857
CATEVANVFDVW,2,0.00892857142857
CSRARDGDFWFDPW,2,0.00892857142857
CVKGEGKQWFDFW,40,0.178571428571
