CDR3,count,relative.frequency
CAAWDDSLNGWIF,6,0.0101180438449
CAAWDDSLNGWVF,6,0.0101180438449
CAAWDDSLSGWVF,10,0.0168634064081
CAAWDDSVNGWVF,15,0.0252951096121
CATWDDSLRGVF,2,0.00337268128162
CATWDDSLSGWVF,6,0.0101180438449
CCSYAGSSTLIF,2,0.00337268128162
CCSYAGSYTGVF,121,0.204047217538
CGTWDSSLGAVF,2,0.00337268128162
CNSRDSSGDHLVF,70,0.118043844857
CNSYTSSRTLVF,2,0.00337268128162
CNSYTSSSILHVF,8,0.0134907251265
CNSYTSSSILYVF,169,0.284991568297
CQAWDISTAVF,2,0.00337268128162
CQAWDSSTGVF,2,0.00337268128162
CQAWDSSTVVF,7,0.0118043844857
CQSADSSGTLVVF,6,0.0101180438449
CQSTDSSGSYVIF,2,0.00337268128162
CQSYDSSLSGWRVF,10,0.0168634064081
CQSYDSSLSGYVF,2,0.00337268128162
CQSYDVTNQVF,2,0.00337268128162
CQTWTTGIQVF,2,0.00337268128162
CQVWDGSSDHRGVF,8,0.0134907251265
CQVWDSSSDHYVF,4,0.00674536256324
CSSFTSSSTWVF,20,0.0337268128162
CSSHTSSDTFVF,2,0.00337268128162
CSSYAGNNLFVF,2,0.00337268128162
CSSYAGSNNFVVF,3,0.00505902192243
CSSYTSSNTLGVF,47,0.079258010118
CSSYTSSSTLVF,2,0.00337268128162
CSSYTSSSTLWVF,10,0.0168634064081
CSSYTTSSTWVF,4,0.00674536256324
CSYAGSDTFAVF,4,0.00674536256324
CSYAGSYTGVF,33,0.0556492411467
