CDR3,count,relative.frequency
CAANSDHLNF,2,0.00626959247649
CAAWDDRLGGYVF,9,0.0282131661442
CAAWDDRLNTYVF,2,0.00626959247649
CAHTTLTIF,13,0.0407523510972
CARLNF,105,0.329153605016
CATRDPAAGRGF,3,0.00940438871473
CESASYPEGNF,26,0.0815047021944
CHHYGNSPYTF,4,0.012539184953
CHHYGYSPYTF,2,0.00626959247649
CHLGSLQPPPPGF,2,0.00626959247649
CHQHSNGLTF,2,0.00626959247649
CHQYGTAPVTF,2,0.00626959247649
CHQYHHLPYTF,2,0.00626959247649
CHQYYDLPLTF,2,0.00626959247649
CISFLFFSFF,4,0.012539184953
CLEKESSTETF,2,0.00626959247649
CLLFFFFFLFF,2,0.00626959247649
CLLIGLVCTF,2,0.00626959247649
CLQYDSLYTF,2,0.00626959247649
CLVLSLPFLGF,2,0.00626959247649
CMQGISTRTF,2,0.00626959247649
CMQVVQIPHTF,3,0.00940438871473
CQCRYNWLTF,36,0.112852664577
CQEHGRSPQTF,2,0.00626959247649
CQHFGWSSSTF,2,0.00626959247649
CQQFDDLPYTF,5,0.0156739811912
CQQHGTSSFTF,14,0.0438871473354
CQQRRSAIYTF,2,0.00626959247649
CQQYDRSLTF,4,0.012539184953
CQQYDTFPSTF,2,0.00626959247649
CQQYDTNGF,2,0.00626959247649
CQQYTTWTF,32,0.100313479624
CSDVIIARCGF,2,0.00626959247649
CSPSDPMVFSSF,2,0.00626959247649
CTASGFDF,2,0.00626959247649
CTHTTLTIF,9,0.0282131661442
CTILNYCLSTF,4,0.012539184953
CVRSITPLTF,2,0.00626959247649
CVTVSSHEPHGF,2,0.00626959247649
