CDR3,count,relative.frequency
CHQSFSAPWTF,2,0.046511627907
CMQAAQTPYTF,3,0.0697674418605
CMQALQTPFTF,5,0.116279069767
CMQATQLPHTF,2,0.046511627907
CQKYNSAPRTF,4,0.093023255814
CQQHYNYPTF,3,0.0697674418605
CQQMYITPRTF,2,0.046511627907
CQQNYNTPYDF,2,0.046511627907
CQQSYSAPYTF,2,0.046511627907
CQQYDSYSWTF,2,0.046511627907
CQQYGDSPRITF,2,0.046511627907
CQQYGGSLWTF,2,0.046511627907
CQQYGSSPATF,2,0.046511627907
CQQYGSSPVTF,2,0.046511627907
CQQYNNWPPWTF,2,0.046511627907
CQQYNSYPLTF,4,0.093023255814
CQQYSTDPVTF,2,0.046511627907
