CDR3,count,relative.frequency
CAAWDDILSGVVF,2,0.111111111111
CAAWDDSLKGRVF,4,0.222222222222
CAAWDDSLSSVVF,2,0.111111111111
CQSADSSNSYRVF,2,0.111111111111
CQSYDSSLSAYVF,2,0.111111111111
CQSYDSTNLVF,2,0.111111111111
CQVWDNGSDHPVF,2,0.111111111111
CQVWDSSSDHVVF,2,0.111111111111
