VJ,count,relative.frequency
TRAV26-TRAJ48,2,0.222222222222
TRAV30-TRAJ35,2,0.222222222222
TRAV34-TRAJ35,5,0.555555555556
