CDR3,count,relative.frequency
CALPICISELF,2,0.000467508181393
CALVDGCLRGF,2,0.000467508181393
CDSASYPEGNF,3,0.00070126227209
CESASHPEGNF,3,0.00070126227209
CESASYHEGNF,3,0.00070126227209
CESASYPEANF,2,0.000467508181393
CESASYPEENF,2,0.000467508181393
CESASYPEGNF,4222,0.986909770921
CESASYPEGTF,3,0.00070126227209
CESASYPERNF,3,0.00070126227209
CESASYPEXNF,3,0.00070126227209
CESASYPGGNF,5,0.00116877045348
CESASYPKGNF,2,0.000467508181393
CESASYPQGNF,2,0.000467508181393
CESASYPVGNF,2,0.000467508181393
CESATYPEGNF,2,0.000467508181393
CGSASYPEGNF,2,0.000467508181393
CGSPEAF,5,0.00116877045348
CGTWKSAIYGF,2,0.000467508181393
CISFLFFSFF,2,0.000467508181393
CLLLYSYLYAANF,2,0.000467508181393
CLRETHLPCTF,2,0.000467508181393
CQKYGGSDTF,2,0.000467508181393
