CDR3,count,relative.frequency
CQQANSFPHTF,3,0.333333333333
CQQYDHLPTF,2,0.222222222222
CQQYDNWPYTF,2,0.222222222222
CQQYYSTPRTF,2,0.222222222222
