VJ,count,relative.frequency
TRAV1-TRAJ35,2,0.0833333333333
TRAV13-TRAJ35,2,0.0833333333333
TRAV17-TRAJ48,2,0.0833333333333
TRAV20-TRAJ48,2,0.0833333333333
TRAV24-TRAJ35,2,0.0833333333333
TRAV27-TRAJ35,3,0.125
TRAV34-TRAJ35,2,0.0833333333333
TRAV35-TRAJ35,3,0.125
TRAV40-TRAJ35,2,0.0833333333333
TRAV8-TRAJ35,4,0.166666666667
