CDR3,count,relative.frequency
CAATVDFQARF,2,0.0357142857143
CALLGMDGF,3,0.0535714285714
CALVDGCLRGF,2,0.0357142857143
CATPHPFPLNNYF,2,0.0357142857143
CESASYPEGNF,15,0.267857142857
CGSPEAF,2,0.0357142857143
CGSYLWSRHF,2,0.0357142857143
CISFLFFSFF,7,0.125
CITAVCFRHFDPNF,3,0.0535714285714
CKESVCCACF,2,0.0357142857143
CKLLQQSHLFPGF,2,0.0357142857143
CKPSSLWF,2,0.0357142857143
CLRPAPGSGHF,2,0.0357142857143
CLSSLLRYVKGF,3,0.0535714285714
CSDVIIARCGF,3,0.0535714285714
CSLQPPPPGF,2,0.0357142857143
CVMQMCPGF,2,0.0357142857143
