VJ,count,relative.frequency
IGKJ2-IGKJ2,3,0.0810810810811
IGKJ3-IGKJ3,30,0.810810810811
IGKV2D-IGKJ3,4,0.108108108108
