CDR3,count,relative.frequency
CAIGSNYGYTF,3,0.0491803278689
CASGPDTQYF,5,0.0819672131148
CASSEVVRDRNTEAFF,8,0.131147540984
CASSLEGTAYNEQFF,4,0.0655737704918
CASSLGGKQDTQYF,4,0.0655737704918
CASSLGGNQDTQYF,5,0.0819672131148
CASSPGTDPSYEQYF,3,0.0491803278689
CASSPLAGGLETQYF,2,0.0327868852459
CASSSLGQGGTDTQYF,7,0.114754098361
CASTWDRYSNQPQHF,3,0.0491803278689
CATFLSLYLTQIRNSIKEKLFF,3,0.0491803278689
CATVVAIFFFFFSFETEAGF,2,0.0327868852459
CKVIGLLPIGWGGGVWQKTPYF,2,0.0327868852459
CSAEGGSSYVQYF,2,0.0327868852459
CSAPTSSGSSDTQYF,2,0.0327868852459
CSAYTSGNTWVF,2,0.0327868852459
CSQCSLWLPPPLAASPGTEASF,2,0.0327868852459
CSWGLRLVPITMDTQYF,2,0.0327868852459
