CDR3,count,relative.frequency
CDLRTLLSITVRKMRRDRDTIF,3,0.136363636364
CKVWHSGPAIF,2,0.0909090909091
CLGEFSTVSFANSF,2,0.0909090909091
CQHRTDWPLIF,2,0.0909090909091
CQHYERRPLTF,4,0.181818181818
CQSWDSNIELIF,3,0.136363636364
CSSFTSTNCLIF,6,0.272727272727
