VJ,count,relative.frequency
TRDV1-TRDV1,2,0.142857142857
TRDV2-TRDJ4,3,0.214285714286
TRDV3-TRDJ1,6,0.428571428571
TRDV3-TRDJ4,3,0.214285714286
