VJ,count,relative.frequency
TRAV34-TRAJ35,3,0.157894736842
TRAV36/DV7-TRAJ36,16,0.842105263158
