CDR3,count,relative.frequency
CANYGYTF,12,0.315789473684
CSNQPQHF,14,0.368421052632
CSYNSPLHF,12,0.315789473684
