CDR3,count,relative.frequency
CHQYNNWPLTF,4,0.034188034188
CMQAIQTPYSF,2,0.017094017094
CMQALQTPYTF,9,0.0769230769231
CMQAVQSPPYSF,2,0.017094017094
CMQGIQTPYSF,5,0.042735042735
CMQGLQIPQTF,2,0.017094017094
CMQGLQTPYTF,2,0.017094017094
CMQGTHWPLTF,3,0.025641025641
CMQGTLWPWTF,2,0.017094017094
CMQSIQLPLTF,2,0.017094017094
CMQVVQTPYTF,4,0.034188034188
CQQANSFPLTF,6,0.0512820512821
CQQFNSYPYTF,2,0.017094017094
CQQLKSYPLTF,14,0.119658119658
CQQLNSYPRTF,2,0.017094017094
CQQSDSLPWTF,3,0.025641025641
CQQSHSVPATF,2,0.017094017094
CQQSYSPVISF,2,0.017094017094
CQQSYSTPWTF,4,0.034188034188
CQQSYTTPLTF,2,0.017094017094
CQQTYNAPRTF,2,0.017094017094
CQQYDDLPYTF,5,0.042735042735
CQQYDDVPYTF,2,0.017094017094
CQQYDNLPTF,3,0.025641025641
CQQYGGSPLTF,2,0.017094017094
CQQYGSSPRTF,4,0.034188034188
CQQYGSSPWTF,2,0.017094017094
CQQYGSSVRLTF,9,0.0769230769231
CQQYGSSVWTF,2,0.017094017094
CQQYHSLPLTF,2,0.017094017094
CQQYNDWPRTF,4,0.034188034188
CQQYNLWPFTF,2,0.017094017094
CQQYYRDPPTF,4,0.034188034188
