CDR3,count,relative.frequency
CGTWDSRLSAPWVF,2,0.047619047619
CHSAADNNLVF,3,0.0714285714286
CNSRDSSGNRGVF,5,0.119047619048
CQAWDSSIVVF,3,0.0714285714286
CQAWDSSTGVF,2,0.047619047619
CQAWDSSTVVF,3,0.0714285714286
CQSPDSSASSWVF,3,0.0714285714286
CQSVDSSGIDVVF,3,0.0714285714286
CQSYDDNNWVF,2,0.047619047619
CQSYDFSNQVF,2,0.047619047619
CQSYDISNVVF,2,0.047619047619
CQSYDSHNCVF,2,0.047619047619
CQSYDSSLLDVVF,2,0.047619047619
CQSYDSSLWVF,2,0.047619047619
CSSYAGSNNLVF,2,0.047619047619
CSSYSSSSTLYVF,2,0.047619047619
CSSYTSSSFVVF,2,0.047619047619
