CDR3,count,relative.frequency
CAANSDHLNF,3,0.125
CAANSDHLNFGLF,2,0.0833333333333
CDVGLLQPLLLGF,2,0.0833333333333
CESASYPEGNF,3,0.125
CHQYTFSRTF,2,0.0833333333333
CLLLYSYLYAANF,2,0.0833333333333
CMQGLHFLTF,2,0.0833333333333
CQQSFATPLTF,2,0.0833333333333
CQQSFSSLFTF,2,0.0833333333333
CSSFSSSSTLYVF,2,0.0833333333333
CVRHGSSLF,2,0.0833333333333
