VJ,count,relative.frequency
TRAV26-TRAJ48,2,0.333333333333
TRAV35-TRAJ35,2,0.333333333333
TRAV38-TRAJ48,2,0.333333333333
