CDR3,count,relative.frequency
CALPICYLVFGQGWWVGF,2,0.027397260274
CANQAGTALIF,4,0.0547945205479
CASGGSYIPTF,4,0.0547945205479
CDNNNDMRF,2,0.027397260274
CGMDSSYKLIF,6,0.0821917808219
CGSPHLLLPITSSSEIGGF,2,0.027397260274
CQTGANNLFF,49,0.671232876712
CRLLQSFCLQENLINLKSLF,2,0.027397260274
CSILPAFVPVPVAARAHPCPGF,2,0.027397260274
