VJ,count,relative.frequency
TRAV26-TRAJ35,2,0.015503875969
TRAV26-TRAJ48,2,0.015503875969
TRAV27-TRAJ35,2,0.015503875969
TRAV35-TRAJ48,94,0.728682170543
TRAV36/DV7-TRAJ36,23,0.178294573643
TRAV36/DV7-TRAJ48,2,0.015503875969
TRAV8-TRAJ37,2,0.015503875969
TRAV9-TRAJ48,2,0.015503875969
