CDR3,count,relative.frequency
CLQYNSYSPGGTF,3,0.0171428571429
CLQYYTTPHTF,4,0.0228571428571
CMQALETLLTF,5,0.0285714285714
CMQALQAPGTF,2,0.0114285714286
CMQALQIPWTF,2,0.0114285714286
CMQALQTPPTF,2,0.0114285714286
CMQALQTPTF,6,0.0342857142857
CMQALQTPYTF,2,0.0114285714286
CMQALRTPLTF,2,0.0114285714286
CMQGIHLPLTF,3,0.0171428571429
CMQGIHLPPSF,2,0.0114285714286
CMQGINLPLTF,2,0.0114285714286
CMQGTHWPLTF,5,0.0285714285714
CMQGTHWPYTF,2,0.0114285714286
CMQGTRWPPGTF,2,0.0114285714286
CMQPLQAPYSF,2,0.0114285714286
CMQTLQSPVTF,7,0.04
CMQTLQTPWAF,4,0.0228571428571
CQHYNSYSRTF,4,0.0228571428571
CQKYNSVPPYTF,2,0.0114285714286
CQQFGSSPLTF,9,0.0514285714286
CQQRSNWLF,6,0.0342857142857
CQQRSNWPLTF,2,0.0114285714286
CQQRSNWPRSITF,2,0.0114285714286
CQQRSNWPSF,2,0.0114285714286
CQQSFSTPWTF,2,0.0114285714286
CQQSHSTPVTF,9,0.0514285714286
CQQSYSTPPTF,9,0.0514285714286
CQQSYTTPQTF,4,0.0228571428571
CQQYDNLLTF,4,0.0228571428571
CQQYDNWLLWTF,2,0.0114285714286
CQQYDSSPPGVWTF,2,0.0114285714286
CQQYDSVSITF,3,0.0171428571429
CQQYGNSPYSF,2,0.0114285714286
CQQYGSSITF,2,0.0114285714286
CQQYGSSPFVTF,2,0.0114285714286
CQQYGSSPLTF,3,0.0171428571429
CQQYGSSPRTF,2,0.0114285714286
CQQYNDWPLTF,2,0.0114285714286
CQQYNHYPLTF,2,0.0114285714286
CQQYNNWPLTF,2,0.0114285714286
CQQYNRYSWTF,14,0.08
CQQYNSYPLTF,2,0.0114285714286
CQQYNTYPETF,3,0.0171428571429
CQQYYFTPITF,8,0.0457142857143
CQQYYNKPRTF,2,0.0114285714286
CQQYYNSPFSF,2,0.0114285714286
CQQYYSPPYSF,2,0.0114285714286
CQQYYSTPYTF,2,0.0114285714286
CQQYYTTPYTF,2,0.0114285714286
CTQATHFPYSF,2,0.0114285714286
