CDR3,count,relative.frequency
CAAWDDSLNGRVF,4,0.108108108108
CAAWDDSLSARVF,5,0.135135135135
CATWDDSLNGRVF,18,0.486486486486
CLLYYGGARVF,2,0.0540540540541
CNSRDSSGNHWVF,2,0.0540540540541
CQTWGTDIRWVF,4,0.108108108108
CSSYTSSSTVVF,2,0.0540540540541
