CDR3,count,relative.frequency
CAARVAFSEALVF,3,0.0225563909774
CARMNGNF,2,0.015037593985
CCSYAGRDTFVF,4,0.0300751879699
CDSAHCGSKIF,3,0.0225563909774
CESASFPEGNF,2,0.015037593985
CESASYPAGNF,2,0.015037593985
CESASYPEGNF,44,0.330827067669
CESASYPGGNF,6,0.0451127819549
CGAGSSRCLLLGF,4,0.0300751879699
CGFGGVLSCEF,2,0.015037593985
CGSASYPEGNF,4,0.0300751879699
CGSVWCVAWF,2,0.015037593985
CHLGSLQPPRPGF,2,0.015037593985
CHQYYAAPYTF,4,0.0300751879699
CIPKYVSCLF,2,0.015037593985
CISFLFFSFF,12,0.0902255639098
CLLLYSYLYAANF,3,0.0225563909774
CLLVSSKDPF,2,0.015037593985
CPADRLTTPF,2,0.015037593985
CQQCDGSPFTF,2,0.015037593985
CQQYGRSPITF,3,0.0225563909774
CQQYSRVPYTF,2,0.015037593985
CSASRAASHLRWGF,2,0.015037593985
CSCFTTTTTHF,2,0.015037593985
CSGTCDGQKQKGF,2,0.015037593985
CSLQRPPPGF,2,0.015037593985
CSPSDPMVFSSF,5,0.0375939849624
CTILNYCLSTF,4,0.0300751879699
CTSAVAHLLPGF,2,0.015037593985
CTTYLPTSRDF,2,0.015037593985
