VJ,count,relative.frequency
TRAV1-TRAJ6,2,0.105263157895
TRAV36/DV7-TRAJ36,17,0.894736842105
