CDR3,count,relative.frequency
CANQAGTALIF,2,0.0869565217391
CASGGSYIPTF,2,0.0869565217391
CGRETSVKSLVRLGSCGSF,2,0.0869565217391
CQTGANNLFF,17,0.739130434783
