VJ,count,relative.frequency
IGHV2-IGHJ4,8,0.121212121212
IGHV3-IGHJ4,39,0.590909090909
IGHV3-IGHJ5,19,0.287878787879
