CDR3,count,relative.frequency
CAEGFKGPFDYW,6,0.00896860986547
CAHRNSGPRVFDYW,2,0.00298953662182
CAHSTGDGYFDLW,3,0.00448430493274
CAHYIDHYYDYW,3,0.00448430493274
CAIQGEGFDNW,4,0.00597907324365
CAKDALRNRGFDYW,4,0.00597907324365
CAKDKSVNAFDVW,8,0.0119581464873
CAKDKSWLVDYW,30,0.0448430493274
CAKEYGRYW,8,0.0119581464873
CAKGKAYFDYW,26,0.0388639760837
CAKVSWGNAFDIW,3,0.00448430493274
CARAEGDYW,48,0.0717488789238
CARAVRGHFDYW,2,0.00298953662182
CARDSNWNYFDYW,13,0.0194319880419
CARDVGILSAFDIW,9,0.0134529147982
CARDWRSAFDSW,6,0.00896860986547
CARDWRSSFDSW,10,0.0149476831091
CAREALRYLDHW,10,0.0149476831091
CAREFSLSFDPW,2,0.00298953662182
CAREGRLYDYW,227,0.339312406577
CARESLGANWFDSW,2,0.00298953662182
CARGDLIDYW,13,0.0194319880419
CARGGDDGFDYW,15,0.0224215246637
CARGGGTSSPHDYW,11,0.01644245142
CARGGSDDAFDIW,6,0.00896860986547
CARGNFDHW,2,0.00298953662182
CARHPRALDIW,15,0.0224215246637
CARLDSSGYFDYW,4,0.00597907324365
CARPGAYSGSFDYW,2,0.00298953662182
CARQTLDGSAFDIW,3,0.00448430493274
CARRGTSGSDYW,4,0.00597907324365
CARRPGNRDHLDYW,3,0.00448430493274
CARVDGFTYLDYW,12,0.0179372197309
CARVFSLSFDPW,2,0.00298953662182
CARVGREDVFDLW,2,0.00298953662182
CARVLGLYGFDIW,5,0.00747384155456
CARVMRLADFDHW,4,0.00597907324365
CASNPYSKYWFDPW,2,0.00298953662182
CASQSFDYW,13,0.0194319880419
CATSALDYW,3,0.00448430493274
CAVVSVPDYW,2,0.00298953662182
CAWGTGPFDSW,3,0.00448430493274
CDFW,2,0.00298953662182
CGMDVW,3,0.00448430493274
CSCGVASDYW,4,0.00597907324365
CSGGNCYFDYW,2,0.00298953662182
CSGGRCLNWFDAW,16,0.0239162929746
CSGGSCYSPFDYW,2,0.00298953662182
CSGVGCHYDYW,20,0.0298953662182
CSRASCYWFDPW,3,0.00448430493274
CSRGGWADYW,7,0.0104633781764
CSRPYFDFW,4,0.00597907324365
CTRDRMSWFDPW,3,0.00448430493274
CTRGTFDYW,10,0.0149476831091
CTSGYGPEAFDTW,2,0.00298953662182
CTTGLRLTDMDYW,8,0.0119581464873
CTTNNCYPKFDPW,5,0.00747384155456
CVRGEVWFDYW,2,0.00298953662182
CVRHADYW,22,0.0328849028401
CVRVSLDYW,2,0.00298953662182
