VJ,count,relative.frequency
IGLV2-IGLJ1,4,0.190476190476
IGLV3-IGLJ6,12,0.571428571429
IGLV7-IGLJ3,5,0.238095238095
