CDR3,count,relative.frequency
CAKVEDLIF,5,0.178571428571
CARDRRAIF,6,0.214285714286
CARDTIF,3,0.107142857143
CARMTIF,10,0.357142857143
CASEVKRISIF,2,0.0714285714286
CQQLHRPLTF,2,0.0714285714286
