CDR3,count,relative.frequency
CAFDSRSLTYLFIQQF,2,0.0277777777778
CAFNSQSFFLFIQQFGNTLF,2,0.0277777777778
CAFNSQSLTFLFIQQFGNTLF,2,0.0277777777778
CAFNSQSSTCLMMEQF,6,0.0833333333333
CANQAGTALIF,2,0.0277777777778
CASGGSYIPTF,3,0.0416666666667
CCCCCCCCCCCCCCCSSF,2,0.0277777777778
CDNNNDMRF,3,0.0416666666667
CGMDSSYKLIF,2,0.0277777777778
CHLHINTTLVIGTLYAENKF,2,0.0277777777778
CILFHSIPFHSVAFHSITF,3,0.0416666666667
CILFHSIQFHSVTFHSITF,2,0.0277777777778
CIPFHSIPFHSVAFHSITF,3,0.0416666666667
CIPSHSIPFQSVAFHSITF,3,0.0416666666667
CIPSHSIQFHSVPFHSITF,2,0.0277777777778
CNIYFWYFDILCTVYNTNF,2,0.0277777777778
CNTYFGFFDILCTVYNTYF,2,0.0277777777778
CQTGANNLFF,15,0.208333333333
CSAMCAFNSQSLTFLFIQQF,3,0.0416666666667
CSHSHSHTCRGHWTVF,2,0.0277777777778
CTVYYICLVTFIFYVQYIIHIF,2,0.0277777777778
CTVYYKCLVTFIFYVQYIIHIF,5,0.0694444444444
CVVCIQLTELNDSLHRADLRHTF,2,0.0277777777778
