VJ,count,relative.frequency
IGHV3-IGHJ4,25,0.806451612903
IGHV4-IGHJ3,2,0.0645161290323
IGHV7-IGHJ4,4,0.129032258065
