CDR3,count,relative.frequency
CAGGTCYDYW,4,0.0388349514563
CAHFGGYFDYW,8,0.0776699029126
CALDVW,2,0.0194174757282
CARGGFYLDYW,5,0.0485436893204
CARNVNWFDPW,6,0.0582524271845
CARSSGYYSFDYW,7,0.0679611650485
CSGDICPPFDYW,6,0.0582524271845
CSGDICSPFDSW,21,0.203883495146
CSGDICSPFDYW,4,0.0388349514563
CSGDVCSPFDYW,11,0.106796116505
CSGGGCYSAYW,2,0.0194174757282
CSGGICSPFDYW,2,0.0194174757282
CSPFDSW,9,0.0873786407767
CSPFDYW,4,0.0388349514563
CTGDSDYW,3,0.0291262135922
CTSISCFLDYW,3,0.0291262135922
CVRDKDWSFDYW,6,0.0582524271845
