CDR3,count,relative.frequency
CAAWDDSLNVVF,3,0.0198675496689
CAAWDDSLSAWVF,3,0.0198675496689
CAAWDDSLSGLF,2,0.0132450331126
CAAWDDSLSGLWVF,3,0.0198675496689
CAAWDDSLSGVVF,2,0.0132450331126
CAAWDGSLNGVVF,2,0.0132450331126
CASYTGSSTLVF,2,0.0132450331126
CATWDDSLNGHVVF,2,0.0132450331126
CATWDSSLSAVVF,3,0.0198675496689
CCSYAGSSTLVF,3,0.0198675496689
CCSYAGSYTLVF,3,0.0198675496689
CCSYTSSSILVF,5,0.0331125827815
CGTWDNSLSAVVF,2,0.0132450331126
CGTWDSSLSAGVF,2,0.0132450331126
CHVWDSSSEHHVF,3,0.0198675496689
CNSRDSSGDHLVF,6,0.0397350993377
CQAWDGSTCVF,3,0.0198675496689
CQAWDSNTAPWVF,2,0.0132450331126
CQAWDSSTALF,3,0.0198675496689
CQAWDSSTVVF,13,0.0860927152318
CQSADNSGSYVIF,2,0.0132450331126
CQSADSTGTYPVF,6,0.0397350993377
CQSFDSSLSGSVF,2,0.0132450331126
CQSRDSSGHYWLF,2,0.0132450331126
CQSWGTGAVVF,2,0.0132450331126
CQSYDNSILWVF,2,0.0132450331126
CQSYDSGLSGLVF,3,0.0198675496689
CQSYDSGLSGYVF,3,0.0198675496689
CQSYDSSLSGPVF,2,0.0132450331126
CQSYDSSLSGSVF,2,0.0132450331126
CQSYDSSSVVF,2,0.0132450331126
CQSYDSSTWIF,2,0.0132450331126
CQTWDSNTVVF,4,0.0264900662252
CQTWGSGIWVF,9,0.0596026490066
CQTWGTGTLVF,2,0.0132450331126
CSSRDSSGDHVVF,2,0.0132450331126
CSSSTDSSTLF,2,0.0132450331126
CSSYAGSNNFLF,6,0.0397350993377
CSSYAGSNNLVF,2,0.0132450331126
CSSYTSSDTVVF,2,0.0132450331126
CSSYTSSNTLVF,2,0.0132450331126
CSSYTSSPVF,2,0.0132450331126
CSSYTSSSTPVVF,2,0.0132450331126
CSSYTSSSTRVF,2,0.0132450331126
CSSYTSSSTWVF,3,0.0198675496689
CSSYTSSSTYVF,4,0.0264900662252
CSYAGSYTFVIF,2,0.0132450331126
CVLYMGSGVSVF,2,0.0132450331126
CYSAADKIRVF,2,0.0132450331126
CYSATDNNLVF,4,0.0264900662252
