CDR3,count,relative.frequency
CALSENDMRF,2,0.00851063829787
CAREFNQLLFF,16,0.068085106383
CARRWNF,4,0.0170212765957
CATGGF,2,0.00851063829787
CCSYAGSSTF,4,0.0170212765957
CESASYPEGNF,101,0.429787234043
CGMISDAGAGF,2,0.00851063829787
CGSEELGCRNF,2,0.00851063829787
CGSLHLWSQHF,2,0.00851063829787
CGSPEAF,4,0.0170212765957
CGTGRGQALGF,2,0.00851063829787
CGTLENPAGF,2,0.00851063829787
CHQHAASPDTF,2,0.00851063829787
CHQYGTSTQTF,7,0.0297872340426
CISFLFFSFF,5,0.0212765957447
CLLLYSYLYAANF,2,0.00851063829787
CLQHHSFPLTF,5,0.0212765957447
CLQHSTSPWTF,2,0.00851063829787
CLQNGDLPLTF,2,0.00851063829787
CLQTLQAPWTF,3,0.0127659574468
CMQALHTPLTF,2,0.00851063829787
CMQAQHPPYTF,2,0.00851063829787
CMQTTRGYTF,2,0.00851063829787
CMQVLHTPLTF,7,0.0297872340426
CQHFNTYFGFTF,4,0.0170212765957
CQHYVSFFEWTF,2,0.00851063829787
CQQFATSRTF,2,0.00851063829787
CQQFYITGGTF,2,0.00851063829787
CQQLGPSGWTF,3,0.0127659574468
CQQLNNYPRGF,3,0.0127659574468
CQQTFSDPQTF,2,0.00851063829787
CQQWYTF,2,0.00851063829787
CQQYADVPRTF,2,0.00851063829787
CQQYDIFHTF,2,0.00851063829787
CQQYDTFHTF,2,0.00851063829787
CQQYEYPPFTF,3,0.0127659574468
CQQYFGARTF,4,0.0170212765957
CQQYGSSRTF,2,0.00851063829787
CQQYHAPPYTF,2,0.00851063829787
CQQYKTNWTF,3,0.0127659574468
CQQYSFGWTF,2,0.00851063829787
CQQYYTSLYTF,5,0.0212765957447
CTSAVAHLLPGF,2,0.00851063829787
CVLYLGTGVVF,2,0.00851063829787
