CDR3,count,relative.frequency
CASSGGPGELFF,8,0.036866359447
CASSLVNYEQYF,2,0.00921658986175
CASSPLTDTQYF,2,0.00921658986175
CASSSTGAHTYNEQFF,16,0.073732718894
CATSAQETSTDTQYF,3,0.0138248847926
CFPDTRVF,2,0.00921658986175
CQHYNNYPYTF,38,0.175115207373
CQHYSIYPYTF,12,0.0552995391705
CQQYDRSAGYTF,3,0.0138248847926
CQQYSNSLYTF,5,0.0230414746544
CSARERTTFATNEKLFF,6,0.0276497695853
CSLAIRAKSIIFKKPNTTDFF,2,0.00921658986175
CSSMRNTGELFF,2,0.00921658986175
CSSYSSSITPVVF,111,0.511520737327
CSSYSSTITPVVF,5,0.0230414746544
