CDR3,count,relative.frequency
CACVHRVHISHHKDHLIF,7,0.0330188679245
CAFSGFAIYRMVWEANDEAALIF,2,0.00943396226415
CARDPIF,7,0.0330188679245
CARDRNVIF,6,0.0283018867925
CCSYGITSLIF,147,0.693396226415
CDTYVSMSWRRNLGGYIAPLILF,2,0.00943396226415
CLKKKKKKKKKTEKNPKIF,2,0.00943396226415
CMQVQQPPPLTF,2,0.00943396226415
CQQRKYWPLIF,2,0.00943396226415
CTAWDDILNVLIF,35,0.165094339623
