VJ,count,relative.frequency
TRAV34-TRAJ35,6,0.176470588235
TRAV36/DV7-TRAJ36,28,0.823529411765
