CDR3,count,relative.frequency
CAGRREEFDYW,2,0.133333333333
CARDADDAFDIW,5,0.333333333333
CARGALSAFDIW,2,0.133333333333
CARSINSGFDSW,2,0.133333333333
CVSSQGPFDYW,4,0.266666666667
