CDR3,count,relative.frequency
CAAWDDSLNAVVF,2,0.025974025974
CAAWDDSLNGVVF,2,0.025974025974
CAAWDDSLNGWVF,2,0.025974025974
CAAWDDSLSAWVF,2,0.025974025974
CATWDDSLNGYVF,6,0.0779220779221
CCSYAGSSTWVF,3,0.038961038961
CCSYAGSYTLVF,2,0.025974025974
CCSYTSTSTLYVF,2,0.025974025974
CMIWHSSVGVVF,3,0.038961038961
CQAWDNSTAVF,2,0.025974025974
CQAWDSGTAVF,3,0.038961038961
CQAWDSNTLVF,2,0.025974025974
CQAWDSSTAVF,4,0.0519480519481
CQAWDSSTGVF,8,0.103896103896
CQAWDSTIAVF,2,0.025974025974
CQSSDSSAPIRVF,2,0.025974025974
CQSYDSRLSVVVF,2,0.025974025974
CQSYDSSLNGWVF,2,0.025974025974
CQSYDSSLSAVVF,4,0.0519480519481
CQVWDSSDDQVVF,2,0.025974025974
CQVWDSSSDHRVF,5,0.0649350649351
CQVWDSSTVVF,2,0.025974025974
CQVWDTTSDHYVF,2,0.025974025974
CSSYTSSSTLYVF,3,0.038961038961
CSSYTSSSTPERLF,2,0.025974025974
CSSYVGSNNLVF,4,0.0519480519481
CYSATDDNRVF,2,0.025974025974
