CDR3,count,relative.frequency
CAAWDDNLIGYVF,2,0.0135135135135
CALPILNGGF,2,0.0135135135135
CARACMKTF,2,0.0135135135135
CARASMKTF,2,0.0135135135135
CARGALVTF,2,0.0135135135135
CARLTAIKWF,8,0.0540540540541
CASSAPRGPLHF,4,0.027027027027
CESASYPEGNF,5,0.0337837837838
CGDASCYLSGTF,2,0.0135135135135
CGSPEAF,4,0.027027027027
CHQSHTISYTF,2,0.0135135135135
CIQGVQTGITF,4,0.027027027027
CISFLFFSFF,3,0.0202702702703
CKQALQSGFTF,24,0.162162162162
CLLSQVMHCTF,2,0.0135135135135
CLQSKTYPLTF,2,0.0135135135135
CMHSLQTAFTF,10,0.0675675675676
CMQGLERFTF,2,0.0135135135135
CMQGVQTGITF,9,0.0608108108108
CMQSLRLPVTF,2,0.0135135135135
CQAWARTPVGF,2,0.0135135135135
CQHSYSLPYTF,3,0.0202702702703
CQQHGSSPWTF,5,0.0337837837838
CQQSHRFPLTF,3,0.0202702702703
CQQSYTPPWTF,26,0.175675675676
CQQTFTTPPGNF,4,0.027027027027
CQQYRIWWTF,2,0.0135135135135
CTSYTGASYVF,2,0.0135135135135
CTSYTTSGTVVF,2,0.0135135135135
CVKDVGVVTAGF,2,0.0135135135135
CVQGVQTGITF,4,0.027027027027
