CDR3,count,relative.frequency
CAFDSRSLTYLFIQQF,7,0.023569023569
CAFIPRNSAFLLIEQF,2,0.00673400673401
CAFISECSTFLLIESF,3,0.010101010101
CAFISGRRNFLLMEQF,3,0.010101010101
CAFISQSSKFLFMEHF,3,0.010101010101
CAFISQSSTFLFIQQF,2,0.00673400673401
CAFNSHSLTFLFIDEF,2,0.00673400673401
CAFNSQCLPFLFIEQF,3,0.010101010101
CAFNSQSFTYLFVQQF,3,0.010101010101
CAFNSQSLTFLFIDEF,57,0.191919191919
CAFNSQSLTFLFIEEF,2,0.00673400673401
CAFNSQSLTFLFIEQF,4,0.013468013468
CAFNSQSLTFLFIQQF,11,0.037037037037
CAFNSQSLTFLFIQQFGNTLF,2,0.00673400673401
CAFNSQSSTCLMMEQF,7,0.023569023569
CAFNSQSSTFLFIDEF,4,0.013468013468
CAFNSRSLSFLFIEYF,2,0.00673400673401
CAFNSWSSTFLLIQQF,9,0.030303030303
CAFSSQSLTFLFIEQF,2,0.00673400673401
CAFTSQFKNFLFIQLF,2,0.00673400673401
CAFVSQISTLLLIDQF,2,0.00673400673401
CAGALAACPGCLALRF,2,0.00673400673401
CALNSQCLTLIFIEHF,2,0.00673400673401
CALNSQCLTLLFIEHF,92,0.309764309764
CALNSQCLTLLFIEHFGNSQF,4,0.013468013468
CALNSQCLTLLFIEQF,2,0.00673400673401
CALNSQSLTFLFIEQF,2,0.00673400673401
CANQAGTALIF,2,0.00673400673401
CASGGSYIPTF,4,0.013468013468
CAVCPQLTELNHWIQHF,4,0.013468013468
CAVWKLSFCRICQWTF,2,0.00673400673401
CDVRVQLTEFNLSLIEQF,2,0.00673400673401
CGFLSVMSLSIDGLTGF,2,0.00673400673401
CGMDSSYKLIF,3,0.010101010101
CHKQFSQKATVSFLCEDIAF,3,0.010101010101
CHSIPFHSIPFHSVPFHSITF,2,0.00673400673401
CIPSHSIPFQSVAFHSITF,3,0.010101010101
CLVTFMFYVHYIIHIF,2,0.00673400673401
CQTGANNLFF,17,0.0572390572391
CSAMCAFNSQSLTFLFIQQF,2,0.00673400673401
CTCVFNSQCLTFLFIEQF,4,0.013468013468
CTVYYKCLVTFIFYVEYIIHIF,2,0.00673400673401
CTVYYKCLVTFMFYVQYIIHIF,2,0.00673400673401
CVHLTELSILLNEKF,2,0.00673400673401
CVVCVQLTEFNLSLIEQF,3,0.010101010101
