VJ,count,relative.frequency
TRAV1-TRAJ6,4,0.0952380952381
TRAV23/DV6-TRAJ12,3,0.0714285714286
TRAV23/DV6-TRAJ48,3,0.0714285714286
TRAV26-TRAJ48,4,0.0952380952381
TRAV34-TRAJ35,2,0.047619047619
TRAV35-TRAJ48,5,0.119047619048
TRAV36/DV7-TRAJ36,17,0.404761904762
TRAV4-TRAJ48,2,0.047619047619
TRAV8-TRAJ35,2,0.047619047619
