VJ,count,relative.frequency
TRAV12-TRAJ56,2,0.0588235294118
TRAV23/DV6-TRAJ12,4,0.117647058824
TRAV27-TRAJ48,2,0.0588235294118
TRAV30-TRAJ53,2,0.0588235294118
TRAV34-TRAJ35,2,0.0588235294118
TRAV36/DV7-TRAJ36,22,0.647058823529
