CDR3,count,relative.frequency
CANYGYTF,8,0.235294117647
CSNQPQHF,20,0.588235294118
CSYNSPLHF,6,0.176470588235
