VJ,count,relative.frequency
TRAV35-TRAJ48,2,0.0645161290323
TRAV36/DV7-TRAJ36,29,0.935483870968
