VJ,count,relative.frequency
TRAV26-TRAJ43,2,0.166666666667
TRAV26-TRAJ48,2,0.166666666667
TRAV34-TRAJ35,2,0.166666666667
TRAV34-TRAJ48,4,0.333333333333
TRAV9-TRAJ35,2,0.166666666667
