CDR3,count,relative.frequency
CANYGYTF,11,0.234042553191
CSNQPQHF,16,0.340425531915
CSYNSPLHF,20,0.425531914894
