CDR3,count,relative.frequency
CMQALLTPLTF,2,0.0714285714286
CMQGLHVPYTF,2,0.0714285714286
CQQALSFPFTF,4,0.142857142857
CQQFYSTPLTF,4,0.142857142857
CQQSYRIPLTF,5,0.178571428571
CQQYDNLVRTF,4,0.142857142857
CQQYDNWPGFTF,3,0.107142857143
CQQYGSTPLTF,2,0.0714285714286
CQQYNHWPPYTF,2,0.0714285714286
