CDR3,count,relative.frequency
CAAQLLAKTDGF,2,0.047619047619
CAGHLCCRSWGF,2,0.047619047619
CESASYPEGNF,8,0.190476190476
CGAEAGGVPGGF,4,0.0952380952381
CGSPEAF,7,0.166666666667
CGTKESCLQSGRGF,2,0.047619047619
CILLDKEMHF,2,0.047619047619
CLLKHCQF,2,0.047619047619
CLLPYQCMYSSTF,4,0.0952380952381
CPSVCLVSGF,2,0.047619047619
CSESFCSDGF,2,0.047619047619
CVCGVGVNGF,2,0.047619047619
CVYCGDNWSENF,3,0.0714285714286
