VJ,count,relative.frequency
TRAV35-TRAJ48,2,0.0147058823529
TRAV36/DV7-TRAJ36,132,0.970588235294
TRAV6-TRAJ35,2,0.0147058823529
