CDR3,count,relative.frequency
CLQHTDYPLTF,4,0.0201005025126
CMQAAQFPYTF,2,0.0100502512563
CMQALQGWTF,3,0.0150753768844
CMQALQTPYTF,4,0.0201005025126
CMQAVQAPYTF,4,0.0201005025126
CMQGLQTPRTF,2,0.0100502512563
CMQGTHWPRTF,11,0.0552763819095
CQDRSKWPGTF,9,0.0452261306533
CQHYKSFPYTF,8,0.0402010050251
CQQANSFGAF,3,0.0150753768844
CQQHNSYPITF,3,0.0150753768844
CQQLNSKPYSF,2,0.0100502512563
CQQLNSYPLTF,2,0.0100502512563
CQQRYNWPRTF,3,0.0150753768844
CQQSYRTLTF,3,0.0150753768844
CQQSYSGISF,2,0.0100502512563
CQQSYSGITF,29,0.145728643216
CQQYATFPYAF,5,0.0251256281407
CQQYDSFSWTF,2,0.0100502512563
CQQYDTYSQTF,2,0.0100502512563
CQQYGESPRTF,12,0.0603015075377
CQQYGNSLWAF,3,0.0150753768844
CQQYGSPQWTF,2,0.0100502512563
CQQYGSSLLTF,3,0.0150753768844
CQQYGSSPRTF,2,0.0100502512563
CQQYGSSPTF,4,0.0201005025126
CQQYGSSQWTF,8,0.0402010050251
CQQYIDYPLTF,5,0.0251256281407
CQQYKIYPLSF,4,0.0201005025126
CQQYKSQPLTF,2,0.0100502512563
CQQYLSSPVTF,9,0.0452261306533
CQQYMTYPYAF,5,0.0251256281407
CQQYNSYPYTF,2,0.0100502512563
CQQYVSSPQTF,7,0.035175879397
CQQYYDFPRF,3,0.0150753768844
CQQYYRTPWTF,5,0.0251256281407
CQQYYSDPLTF,10,0.0502512562814
CQQYYSISTF,4,0.0201005025126
CQQYYSSPQTF,4,0.0201005025126
CQQYYYTPPWTF,2,0.0100502512563
