CDR3,count,relative.frequency
CCSYAGSYTWVF,5,0.0588235294118
CETWDSGTPLVF,2,0.0235294117647
CGTWDSSLNAGVF,5,0.0588235294118
CMIWHNSAWVF,2,0.0235294117647
CQAWDSSTLVF,6,0.0705882352941
CQAWDSSTVVF,6,0.0705882352941
CQSYDSGNHVVF,4,0.0470588235294
CQSYDSVLSGSVF,6,0.0705882352941
CQTWGTAVF,2,0.0235294117647
CQTWGTVAF,2,0.0235294117647
CQTWGTVVF,38,0.447058823529
CQTWTTGIVVF,4,0.0470588235294
CSSYAGSNNVVF,3,0.0352941176471
