CDR3,count,relative.frequency
CALPICPAAGRGF,3,0.0283018867925
CALPISAAGRGF,2,0.0188679245283
CALPISDSATSPGF,2,0.0188679245283
CALTIQGGSEKLVF,14,0.132075471698
CATDHGSGSNFVSVF,2,0.0188679245283
CATWDTRLSVMLF,5,0.0471698113208
CESASYPEGNF,7,0.0660377358491
CGIWVSAQF,18,0.169811320755
CHQHNDWPRTF,4,0.0377358490566
CINPKILNF,4,0.0377358490566
CINPKIWNF,7,0.0660377358491
CLLPPAAVGF,4,0.0377358490566
CLNIYIYIYDGF,2,0.0188679245283
CQAWDTSVHYVF,4,0.0377358490566
CQHYGDSRFTF,10,0.0943396226415
CQQAYDFPTF,2,0.0188679245283
CQQYNFGHAF,8,0.0754716981132
CQYFCSSPLNF,2,0.0188679245283
CSGTEIKGRVF,2,0.0188679245283
CVVLGKSVGF,2,0.0188679245283
CVVWGEGVGF,2,0.0188679245283
