CDR3,count,relative.frequency
CANYGYTF,10,0.212765957447
CSNQPQHF,16,0.340425531915
CSYNEQFF,4,0.0851063829787
CSYNSPLHF,17,0.36170212766
