VJ,count,relative.frequency
TRAV23/DV6-TRAJ12,2,0.0833333333333
TRAV36/DV7-TRAJ36,20,0.833333333333
TRAV40-TRAJ48,2,0.0833333333333
