CDR3,count,relative.frequency
CANYGYTF,24,0.461538461538
CASSSSTRYSNQPQHF,2,0.0384615384615
CSNQPQHF,17,0.326923076923
CSYNSPLHF,9,0.173076923077
