CDR3,count,relative.frequency
CANYGYTF,13,0.351351351351
CSNQPQHF,21,0.567567567568
CSYNSPLHF,3,0.0810810810811
