CDR3,count,relative.frequency
CAKGEYIDSFDIW,3,0.0222222222222
CAKGEYIDSFDMW,4,0.0296296296296
CAKLCGGDGFDYW,2,0.0148148148148
CAKVAVSRGFEYW,19,0.140740740741
CAKVTKYYFDYW,13,0.0962962962963
CARAFDCW,2,0.0148148148148
CARDDAFDIW,4,0.0296296296296
CARDFSSSDYW,2,0.0148148148148
CARDVAFDIW,2,0.0148148148148
CARDVDWSFDFW,3,0.0222222222222
CAREDAAYFFDFW,15,0.111111111111
CAREDGYSNWFDPW,2,0.0148148148148
CAREDYYAMDVW,27,0.2
CARGDTMDVW,2,0.0148148148148
CARGDYGDFFDFW,9,0.0666666666667
CARGGYAGYWDHW,6,0.0444444444444
CARTRLDALDIW,2,0.0148148148148
CASSSGYYSGFDYW,4,0.0296296296296
CMGVW,2,0.0148148148148
CSGGGCYFDVW,4,0.0296296296296
CSRRYYYFDSW,2,0.0148148148148
CTSTSCSYFDYW,6,0.0444444444444
