CDR3,count,relative.frequency
CAFLDDSMFTF,2,0.00208333333333
CAGCPTHPEMGF,2,0.00208333333333
CAKDHTF,4,0.00416666666667
CAKLNSGNF,2,0.00208333333333
CAKVF,2,0.00208333333333
CAMRADKLIF,2,0.00208333333333
CAREF,2,0.00208333333333
CAREKGF,3,0.003125
CARESPVVGF,11,0.0114583333333
CARGF,2,0.00208333333333
CARSSLYSWNF,29,0.0302083333333
CASAEGF,35,0.0364583333333
CASSLGGF,2,0.00208333333333
CATNAYTGNQFYF,2,0.00208333333333
CATWDDSLQARGF,4,0.00416666666667
CAVGNNDMRF,2,0.00208333333333
CAVPSNTGGFKTIF,2,0.00208333333333
CCSSTICATRLF,2,0.00208333333333
CESASYPEGNF,90,0.09375
CESASYPGGNF,4,0.00416666666667
CGAWDSSLSVGGF,2,0.00208333333333
CGSEELGCRNF,2,0.00208333333333
CGSPEAF,32,0.0333333333333
CGYLDRHEAFF,3,0.003125
CHQLHPYPPWTF,2,0.00208333333333
CHQLHTYPPWTF,2,0.00208333333333
CHQSSNWGGTF,10,0.0104166666667
CHQYITSPRTF,2,0.00208333333333
CHQYYNSPQTF,14,0.0145833333333
CKPSSLWF,2,0.00208333333333
CLHHYYYGMTF,4,0.00416666666667
CLLAICISSF,2,0.00208333333333
CLLGQNGWHISGF,14,0.0145833333333
CLLLFLWLF,2,0.00208333333333
CLLSDKGISKHF,2,0.00208333333333
CLQHNGRPYTF,2,0.00208333333333
CLQHYNDLWTF,4,0.00416666666667
CLQTLQPSYTF,2,0.00208333333333
CLQYHSAPQTF,2,0.00208333333333
CMQTLQSRWTF,2,0.00208333333333
CQAWDSRTVGF,2,0.00208333333333
CQAWDTNSLGF,2,0.00208333333333
CQESYSPAYTF,5,0.00520833333333
CQEWDSGTGVF,2,0.00208333333333
CQHSKNWPYTF,2,0.00208333333333
CQHYDDWPYTF,2,0.00208333333333
CQHYGTSRTF,8,0.00833333333333
CQHYNKWPYTF,10,0.0104166666667
CQQAKTIPFTF,41,0.0427083333333
CQQCLRTPTF,2,0.00208333333333
CQQFGFSLPHTF,54,0.05625
CQQHFSSKTF,2,0.00208333333333
CQQHFTAPFTF,3,0.003125
CQQIDTFPFTF,2,0.00208333333333
CQQLGNWPPGATF,2,0.00208333333333
CQQLRTF,2,0.00208333333333
CQQRASGLTF,2,0.00208333333333
CQQSFSSVWTF,7,0.00729166666667
CQQSGTF,2,0.00208333333333
CQQSKGYSTF,2,0.00208333333333
CQQSYITPITF,3,0.003125
CQQSYSTPYTF,10,0.0104166666667
CQQTFRTHTF,2,0.00208333333333
CQQTYRTHTF,10,0.0104166666667
CQQTYSNLWTF,2,0.00208333333333
CQQTYTVPLTF,3,0.003125
CQQYASSVMYTF,3,0.003125
CQQYDTYAVTF,4,0.00416666666667
CQQYKYSLWTF,3,0.003125
CQVWDSGTGVF,441,0.459375
CSPSDPMVFSSF,5,0.00520833333333
CSSDAYNTACGF,2,0.00208333333333
CTSF,3,0.003125
CVKGTATF,2,0.00208333333333
CYYCQKYNSAPLTF,2,0.00208333333333
