CDR3,count,relative.frequency
CASSEEAYEQYF,3,0.103448275862
CASSFSEGYTEAFF,2,0.0689655172414
CASSLPRGEQYF,2,0.0689655172414
CASSQVGRGSTEAFF,4,0.137931034483
CASSYASRLETQYF,8,0.275862068966
CASTQVGGTEAFF,6,0.206896551724
CASWSLNTEAFF,2,0.0689655172414
CSASDEAFF,2,0.0689655172414
