VJ,count,relative.frequency
IGHV3-IGHJ4,39,0.906976744186
IGHV3-IGHJ6,2,0.046511627907
IGHV5-IGHJ4,2,0.046511627907
