CDR3,count,relative.frequency
CALKLDRTYFDHW,9,0.0130624092888
CARADYYPKFDPW,2,0.00290275761974
CARASYGVFYFDYW,12,0.0174165457184
CARDAYDRSDYW,8,0.011611030479
CARDFDYW,3,0.00435413642961
CARDRNAFDIW,7,0.0101596516691
CARDTYDSSDYW,2,0.00290275761974
CARDVW,8,0.011611030479
CARGGLSAFDIW,3,0.00435413642961
CARGGSTWYIDSW,2,0.00290275761974
CARGPPFDYVW,3,0.00435413642961
CARGRVDRFDYW,4,0.00580551523948
CARGWASTWYYFDYW,2,0.00290275761974
CARHDSHPDYW,518,0.751814223512
CARHDSNPDYW,2,0.00290275761974
CARVKEGARYFDW,9,0.0130624092888
CMDGW,2,0.00290275761974
CSDTSCHYFDYW,2,0.00290275761974
CSGGNCDIDYW,37,0.0537010159652
CSGNDCYPEGFDYW,2,0.00290275761974
CTFFDYW,14,0.0203193033382
CTRDNGHFDFW,13,0.0188679245283
CTRDNGHFDLW,15,0.021770682148
CVKSGIYGDYSDYW,2,0.00290275761974
CW,8,0.011611030479
