CDR3,count,relative.frequency
CAAAGGTSYGKLTF,2,0.00182481751825
CAGRLPHF,2,0.00182481751825
CALSIGEKGF,2,0.00182481751825
CALSTGEKGF,18,0.0164233576642
CALSTREKGF,2,0.00182481751825
CARAGTRIF,2,0.00182481751825
CARECSSLGF,29,0.0264598540146
CARGAFGF,4,0.0036496350365
CARQFSGWYNF,2,0.00182481751825
CATTTSGLETF,45,0.0410583941606
CATWDDSLSGWGF,10,0.00912408759124
CAVYPDSWGKLQF,2,0.00182481751825
CCSHAGSDIYVF,2,0.00182481751825
CCSYAGSFVF,37,0.0337591240876
CESASYPEGNF,2,0.00182481751825
CGSPEAF,8,0.00729927007299
CHQRWGWPLTF,7,0.00638686131387
CISFLFFSFF,12,0.0109489051095
CLLLCERQKGFF,4,0.0036496350365
CLLLCERQKRFF,3,0.00273722627737
CLLYLGSGISVF,3,0.00273722627737
CMQSLQKEFTF,3,0.00273722627737
CQAWDSNTAGF,4,0.0036496350365
CQHFKDWPRTF,2,0.00182481751825
CQHLNTYWTF,3,0.00273722627737
CQHYDRTF,13,0.0118613138686
CQQCYRTSVTF,2,0.00182481751825
CQQFDTSPWTF,5,0.00456204379562
CQQFGRSSMTF,2,0.00182481751825
CQQFKDWPCTF,3,0.00273722627737
CQQFKDWPRTF,361,0.329379562044
CQQFNVYSTF,5,0.00456204379562
CQQRLTF,2,0.00182481751825
CQQSFGNTCSF,2,0.00182481751825
CQQSKGLTF,3,0.00273722627737
CQQTFITPFTF,3,0.00273722627737
CQQTHSAPTF,7,0.00638686131387
CQQTTGIPITF,3,0.00273722627737
CQQTYTNPWTF,2,0.00182481751825
CQQYGGPLTF,4,0.0036496350365
CQQYIVYSTF,2,0.00182481751825
CQQYNSYSRNF,457,0.41697080292
CSSDAYNTACGF,6,0.00547445255474
CTRLGRNYDF,2,0.00182481751825
CVLLRITLVF,2,0.00182481751825
