CDR3,count,relative.frequency
CAKDTRSSGWIDSW,19,0.0913461538462
CAKERVWSGSSCLTIDYW,3,0.0144230769231
CARAGGKGFDHW,6,0.0288461538462
CARASTVTTWTFDYW,7,0.0336538461538
CARCLTTVTTCYYYYGMDVW,2,0.00961538461538
CARDSDGHAFDIW,7,0.0336538461538
CARDVSSSWSATNWFDPW,2,0.00961538461538
CARGAQRGYDILTGYGEFDYW,10,0.0480769230769
CARGEGGNYVSYGMDVW,5,0.0240384615385
CARHGRGGEYAEFDYW,4,0.0192307692308
CARHPSYDFWSGYYSFDYW,4,0.0192307692308
CARIRRFDRHPFDSW,2,0.00961538461538
CARKFYSSSWSTYWYFDLW,6,0.0288461538462
CARLRIARGNDYAMDVW,2,0.00961538461538
CARPSRVREVTYGWGAFDIW,2,0.00961538461538
CARSDYYDTSGYWRYFDYW,3,0.0144230769231
CARTGYFQDSTGYRSHFDLW,3,0.0144230769231
CARTVLYEDWFDPW,26,0.125
CARVSYGDNINWFDPW,5,0.0240384615385
CASSIFGVEYYYYGMDVW,12,0.0576923076923
CATPWEGVDAFDIW,8,0.0384615384615
CSLSISLGLYGSSSSFDYW,4,0.0192307692308
CTRHPYTSGWYEDSW,35,0.168269230769
CTTDLSARMPGPFDYW,24,0.115384615385
CTTDRYYDSSGYYYDISFDHW,2,0.00961538461538
CVRDDSAGGHAFDIW,3,0.0144230769231
CYSDTVPKLSDYIRWYFDLW,2,0.00961538461538
