CDR3,count,relative.frequency
CFFFFFFFFFFFF,77,0.129411764706
CLQHNSYPRTF,9,0.0151260504202
CLQHNTYPLTF,4,0.00672268907563
CLQYNSYPRTF,33,0.0554621848739
CMQALQAPRTF,5,0.00840336134454
CMQALQIMYTF,13,0.0218487394958
CMQALQTLYTF,2,0.00336134453782
CMQALQTPLTF,2,0.00336134453782
CMQALQTPLYTF,2,0.00336134453782
CMQALQTPPLTF,2,0.00336134453782
CMQALQTPRTF,2,0.00336134453782
CMQARQTPWTF,3,0.00504201680672
CMQGTHWPLWTF,12,0.0201680672269
CMQGTHWPRTF,3,0.00504201680672
CMQRIEFPFTF,9,0.0151260504202
CMQRIEFPYTF,2,0.00336134453782
CMQRKEFPYTF,7,0.0117647058824
CMQTIQVPPITF,3,0.00504201680672
CMQVLRTPVTF,30,0.0504201680672
CQHYDNLPITF,4,0.00672268907563
CQKYDSAPKTF,3,0.00504201680672
CQLLNTYLRTF,8,0.0134453781513
CQQANSFPSLTF,9,0.0151260504202
CQQFHNYPITF,3,0.00504201680672
CQQFNSYPRTF,2,0.00336134453782
CQQRSAWDYTF,10,0.0168067226891
CQQRSSRPPLTF,4,0.00672268907563
CQQRSYWPGTF,7,0.0117647058824
CQQSNNWPYTF,4,0.00672268907563
CQQSYNTPLTF,75,0.126050420168
CQQSYSTLITF,7,0.0117647058824
CQQSYSTPFTF,2,0.00336134453782
CQQSYSTPPFTF,2,0.00336134453782
CQQSYSTPRTF,5,0.00840336134454
CQQSYSTPYTF,7,0.0117647058824
CQQSYSTSWTF,4,0.00672268907563
CQQSYTTPWTF,2,0.00336134453782
CQQYATSPTF,6,0.0100840336134
CQQYDNLPPTF,7,0.0117647058824
CQQYDNPRNTF,28,0.0470588235294
CQQYDNSPWTF,6,0.0100840336134
CQQYGNSPLTF,4,0.00672268907563
CQQYGNSPPITF,2,0.00336134453782
CQQYGRSPRTF,4,0.00672268907563
CQQYGSSPPITF,17,0.0285714285714
CQQYGSSPYTF,9,0.0151260504202
CQQYGTFPLTF,3,0.00504201680672
CQQYNDLPLTF,13,0.0218487394958
CQQYNKWPPWTF,2,0.00336134453782
CQQYNNRPPYTF,2,0.00336134453782
CQQYNNWPPHTF,2,0.00336134453782
CQQYNNWPPYTF,2,0.00336134453782
CQQYNNWPQTF,3,0.00504201680672
CQQYNNWPQYTF,6,0.0100840336134
CQQYNNWPRTF,3,0.00504201680672
CQQYNSYPLTF,8,0.0134453781513
CQQYVTSPKTF,8,0.0134453781513
CQQYYITPETF,2,0.00336134453782
CQQYYNWLTF,46,0.0773109243697
CQQYYRTPWTF,5,0.00840336134454
CQQYYSYLRTF,2,0.00336134453782
CVFKHVQQKFSTLF,27,0.0453781512605
