CDR3,count,relative.frequency
CAASDDSLNGLVF,2,0.00379506641366
CAAWDDSLSAHNYVF,3,0.00569259962049
CAAWDDSLSGVVF,2,0.00379506641366
CCSYAGSSTFYVF,7,0.0132827324478
CFLSYSGGRVF,9,0.0170777988615
CGTWDSSLSAGVF,3,0.00569259962049
CPGTAACTSRAAF,2,0.00379506641366
CQAWDRNTAFVF,14,0.0265654648956
CQAWDSSTAWGVF,6,0.011385199241
CQSADSSGTYQVF,3,0.00569259962049
CQSADSSGTYVVF,8,0.0151802656546
CQSADSSGTYWVF,21,0.0398481973435
CQSADTSGSYVVF,2,0.00379506641366
CQSYDRSLREVF,291,0.552182163188
CQSYDSSNHVVF,33,0.0626185958254
CQSYDSSNPVVF,6,0.011385199241
CQSYDSSNVVF,2,0.00379506641366
CQSYDSTNRVF,4,0.00759013282732
CQVWDMNSDHVVF,4,0.00759013282732
CQVWDSSSDHPVF,12,0.022770398482
CQVWDSSSDHVVF,12,0.022770398482
CSSYAGSNKGVF,2,0.00379506641366
CSSYAGSNNLVF,4,0.00759013282732
CSSYAGSNNYYVF,35,0.0664136622391
CSSYSSSATLYVF,3,0.00569259962049
CSSYTSGSTLVVF,4,0.00759013282732
CSSYTSSSTLRVF,2,0.00379506641366
CSSYTSSSTLVF,26,0.0493358633776
CSSYTSTSTLVF,2,0.00379506641366
CVWQQPGPIQEVEF,3,0.00569259962049
