CDR3,count,relative.frequency
CAAAPYHGSGHDYW,2,0.00353356890459
CAAGPYHESGHDYW,3,0.00530035335689
CAAGPYHGSGDDYW,4,0.00706713780919
CAAGPYHGSGHDYW,145,0.256183745583
CALQPVTTTYFEYW,4,0.00706713780919
CARDRAAGGFDYW,182,0.321554770318
CARDRAAGXFDYW,5,0.00883392226148
CARERGVFDFW,5,0.00883392226148
CARGELGDFDSW,129,0.227915194346
CARGFYFDPW,2,0.00353356890459
CARGGSDWNWCDPW,13,0.0229681978799
CARHADPRRFDDW,5,0.00883392226148
CARNRAAGGFGYW,2,0.00353356890459
CARNRGGYLDFW,2,0.00353356890459
CATGELAGNFDYW,41,0.0724381625442
CAVVKGGSYSDYW,4,0.00706713780919
CSGGSCYPFDYW,8,0.0141342756184
CTRARGPFDYW,2,0.00353356890459
CTYTDYVDYW,2,0.00353356890459
CVDYW,3,0.00530035335689
CVRDLYGRDDYW,3,0.00530035335689
