VJ,count,relative.frequency
IGHV1-IGHJ4,195,0.9375
IGHV3-IGHJ4,10,0.0480769230769
IGHV4-IGHJ4,3,0.0144230769231
