CDR3,count,relative.frequency
CAACDDSLNGYVVF,2,0.000783699059561
CAAWDDSLGGLVF,138,0.0540752351097
CAAWDDSLNAWVF,124,0.0485893416928
CAAWDDSLNGWVF,6,0.00235109717868
CAAWDDSLNGYVVF,3,0.00117554858934
CAAWDDSLNPWVF,2,0.000783699059561
CAAWDDSLNVWVF,4,0.00156739811912
CAAWDDSLRGVIF,2,0.000783699059561
CAAWDDSLSGFVF,200,0.0783699059561
CAAWDDSLTVVF,6,0.00235109717868
CAAWDDSVSGFVF,2,0.000783699059561
CAAWDNSLSGFVF,2,0.000783699059561
CAAWEDSLSGFVF,2,0.000783699059561
CATWDDSLNGPVF,8,0.00313479623824
CATWDDSLNGYVF,31,0.0121473354232
CATWDDSRSGWVF,2,0.000783699059561
CATWDTSLSAGVF,3,0.00117554858934
CDSRDRSGNHPVF,6,0.00235109717868
CETWDKSTVF,2,0.000783699059561
CQAWDKSTVF,12,0.00470219435737
CQAWDRSAADF,2,0.000783699059561
CQAWDRSAAVF,978,0.383228840125
CQAWDRSPAVF,2,0.000783699059561
CQAWDSSSHLVF,2,0.000783699059561
CQAWDSSYVVF,2,0.000783699059561
CQAWHSSIAEVF,3,0.00117554858934
CQGWESSSDHYVF,2,0.000783699059561
CQSADSSGSDPWVF,2,0.000783699059561
CQSSDSSGTMGVF,2,0.000783699059561
CQSYDDSNHLWVF,2,0.000783699059561
CQSYDNSLHVYVF,297,0.116379310345
CQSYDNSLSVFVF,4,0.00156739811912
CQSYDSSNLWMF,37,0.0144984326019
CQSYDTSLSGVVF,14,0.00548589341693
CQSYESNNWVF,17,0.00666144200627
CQTWDKNTVF,2,0.000783699059561
CQTWDKSTAF,2,0.000783699059561
CQTWDSNTRVF,2,0.000783699059561
CQTWDTGVVF,80,0.0313479623824
CQTWGTGNLF,31,0.0121473354232
CQTWGTVVF,7,0.00274294670846
CQVWDSRSSHNVF,2,0.000783699059561
CQVWDSSIDHRGVF,4,0.00156739811912
CQVWDSSSDHPVF,21,0.00822884012539
CQVWDSSSDHVIF,2,0.000783699059561
CQVWDSSSDVVF,2,0.000783699059561
CQVWDSTTDHLVF,45,0.0176332288401
CQVWESSSDHYVF,300,0.117554858934
CSSYAGSNNLGF,2,0.000783699059561
CSSYAGSNNLVF,73,0.028605015674
CSSYASSSTLIVF,2,0.000783699059561
CSSYTSSSTPVVF,3,0.00117554858934
CSSYTTSSTVF,40,0.0156739811912
CSYAGSRTFVF,2,0.000783699059561
CVAWDDSLSGPVF,7,0.00274294670846
