VJ,count,relative.frequency
TRAV17-TRAJ48,37,0.007500506791
TRAV20-TRAJ35,4,0.000810865599027
TRAV26-TRAJ35,4,0.000810865599027
TRAV26-TRAJ48,4878,0.988850598013
TRAV34-TRAJ35,4,0.000810865599027
TRAV34-TRAJ48,2,0.000405432799513
TRAV8-TRAJ35,4,0.000810865599027
