CDR3,count,relative.frequency
CANQAGTALIF,5,0.0961538461538
CASGGSYIPTF,5,0.0961538461538
CGCENRGGSNYKLTF,3,0.0576923076923
CGCENSGGSNYKLTF,2,0.0384615384615
CGMDSSYKLIF,3,0.0576923076923
CGSPHLLLPITSSSEIGGF,5,0.0961538461538
CQTGANNLFF,22,0.423076923077
CQTGATNLFF,2,0.0384615384615
CVVILHGGYNKLIF,3,0.0576923076923
CYTGANSKLTF,2,0.0384615384615
