CDR3,count,relative.frequency
CANYGYTF,24,0.269662921348
CASNLLGTGGAETQYF,2,0.0224719101124
CSNQPQHF,35,0.393258426966
CSYNSPLHF,28,0.314606741573
