VJ,count,relative.frequency
TRAV27-TRAJ48,2,0.111111111111
TRAV34-TRAJ35,2,0.111111111111
TRAV36/DV7-TRAJ36,14,0.777777777778
