CDR3,count,relative.frequency
CANYGYTF,6,0.153846153846
CASRRDRAYEQYF,2,0.0512820512821
CSNQPQHF,19,0.487179487179
CSYNSPLHF,12,0.307692307692
