CDR3,count,relative.frequency
CAAWDDSLSGILF,2,0.00793650793651
CAAWDDSLSGVF,6,0.0238095238095
CATWDNSLSGVF,17,0.0674603174603
CCSYAGSYNLVF,2,0.00793650793651
CHSYDSSLRVVF,2,0.00793650793651
CLLSFSGVRVF,3,0.0119047619048
CLLSYSGAWVF,2,0.00793650793651
CLLYYGPGQWVF,9,0.0357142857143
CLLYYNGALVF,7,0.0277777777778
CQASDSSTVVF,2,0.00793650793651
CQAWDSSAALF,3,0.0119047619048
CQAWDSSTALF,2,0.00793650793651
CQAWDSSTVF,3,0.0119047619048
CQAWDSSTVVF,36,0.142857142857
CQAWDSTAKVF,2,0.00793650793651
CQSADDSGNVF,10,0.0396825396825
CQSADSSGAYEVF,4,0.015873015873
CQSADSSGPYWVF,2,0.00793650793651
CQSADSSGSYLVF,7,0.0277777777778
CQSADSSGTYVVF,48,0.190476190476
CQSYDNHNWVF,2,0.00793650793651
CQSYDRSLNVVF,2,0.00793650793651
CQSYDSSLRGWVF,2,0.00793650793651
CQSYDSSLSGWVF,3,0.0119047619048
CQSYDSSLSNWVF,7,0.0277777777778
CQSYDTDNHWVF,3,0.0119047619048
CQSYDTSLSGRVF,12,0.047619047619
CQVWDSGGDHVVF,12,0.047619047619
CQVWDSNSAHVVF,2,0.00793650793651
CQVWDSSGDRVVF,2,0.00793650793651
CQVWDSSSDHSVF,3,0.0119047619048
CQVWDSSSDHYVF,2,0.00793650793651
CSSYAGSNNFVLF,2,0.00793650793651
CSSYTSGSTYVVF,20,0.0793650793651
CSSYTSSSTLVVF,2,0.00793650793651
CSYAGSYTWVF,3,0.0119047619048
CTSYTSSNTLVVF,2,0.00793650793651
CYSAGDNSVVF,2,0.00793650793651
