CDR3,count,relative.frequency
CAANSDHLNF,2,0.00884955752212
CAATVDFQARF,3,0.0132743362832
CALPIWKF,2,0.00884955752212
CALSTGEKGF,2,0.00884955752212
CARGRYNF,25,0.110619469027
CATTPSYLLFFNF,2,0.00884955752212
CESASYPEGNF,5,0.0221238938053
CGKDSSGF,4,0.0176991150442
CGSPEAF,5,0.0221238938053
CGTRSVSNVFGF,3,0.0132743362832
CHFFPNF,2,0.00884955752212
CHQTTDLPPTF,2,0.00884955752212
CHQYRGDPWTF,2,0.00884955752212
CKQYYTSLTF,6,0.0265486725664
CLHICFALTQF,3,0.0132743362832
CLLCSSRRAWSRF,2,0.00884955752212
CLLSGTKGASF,2,0.00884955752212
CLQKSSVLWTF,7,0.0309734513274
CLQRNTSPTF,4,0.0176991150442
CQDLKSSPFTF,16,0.070796460177
CQESWTGRTF,2,0.00884955752212
CQHYAFSPYTF,6,0.0265486725664
CQHYYNFPHTF,28,0.12389380531
CQQHYLYSTF,37,0.163716814159
CQQSHTIPLTF,5,0.0221238938053
CQQTFSIPWTF,3,0.0132743362832
CQQYDRFSDTF,2,0.00884955752212
CQQYDTSPLTF,11,0.0486725663717
CQQYDTYLKTF,5,0.0221238938053
CQQYEYNTVTF,2,0.00884955752212
CQQYYTSLTF,6,0.0265486725664
CQVRDTDTEHYFF,2,0.00884955752212
CSFSFCWSWSIF,3,0.0132743362832
CSSDAYNTACGF,2,0.00884955752212
CSSSTSSATQVF,2,0.00884955752212
CTTRITNF,9,0.0398230088496
CVTVSSHEPHGF,2,0.00884955752212
