CDR3,count,relative.frequency
CANYGYTF,22,0.372881355932
CSNQPQHF,24,0.406779661017
CSYNEQFF,3,0.0508474576271
CSYNSPLHF,10,0.169491525424
