CDR3,count,relative.frequency
CANYGYTF,17,0.326923076923
CSNQPQHF,19,0.365384615385
CSYNEQFF,2,0.0384615384615
CSYNSPLHF,14,0.269230769231
