VJ,count,relative.frequency
TRAV1-TRAJ6,2,0.0645161290323
TRAV34-TRAJ35,2,0.0645161290323
TRAV36/DV7-TRAJ36,27,0.870967741935
