CDR3,count,relative.frequency
CANYGYTF,11,0.407407407407
CSNQPQHF,6,0.222222222222
CSYNSPLHF,10,0.37037037037
