CDR3,count,relative.frequency
CALRGQGGGNF,4,0.153846153846
CARDSGTSAF,2,0.0769230769231
CESASYPEGNF,5,0.192307692308
CGKDSSGF,2,0.0769230769231
CISFLFFSFF,7,0.269230769231
CLLLYSYLYAANF,2,0.0769230769231
CSSDAYNTACGF,2,0.0769230769231
CYVGTLVTWGF,2,0.0769230769231
