VJ,count,relative.frequency
TRAV1-TRAJ35,2,0.333333333333
TRAV25-TRAJ35,2,0.333333333333
TRAV8-TRAJ35,2,0.333333333333
