VJ,count,relative.frequency
TRAV34-TRAJ35,3,0.25
TRAV36/DV7-TRAJ36,7,0.583333333333
TRAV40-TRAJ35,2,0.166666666667
