CDR3,count,relative.frequency
CANYGYTF,15,0.365853658537
CSNQPQHF,19,0.463414634146
CSYNSPLHF,7,0.170731707317
