CDR3,count,relative.frequency
CLQDYGYPRTF,2,0.0217391304348
CLQHNTYPRTF,4,0.0434782608696
CMQATQFLSF,3,0.0326086956522
CMQATQFPYTF,2,0.0217391304348
CMQATQSPTF,2,0.0217391304348
CMQGAHWPRTF,2,0.0217391304348
CMQGTHWFTF,22,0.239130434783
CMQGTHWPPRITF,2,0.0217391304348
CMQNTHWPWTF,2,0.0217391304348
CMQSTKFPSF,2,0.0217391304348
CMQTTQFPHTF,2,0.0217391304348
CQESYSNPPTYTF,2,0.0217391304348
CQHYGSSPWTF,2,0.0217391304348
CQKYNSAPLTF,2,0.0217391304348
CQQFHNIPFTF,2,0.0217391304348
CQQFYTTPTF,2,0.0217391304348
CQQSYSPPLTF,4,0.0434782608696
CQQSYSTRLTF,2,0.0217391304348
CQQSYTTAWSF,2,0.0217391304348
CQQYDDLQTF,2,0.0217391304348
CQQYDNLPLTF,2,0.0217391304348
CQQYDSYLTF,2,0.0217391304348
CQQYFTTPITF,2,0.0217391304348
CQQYGSSPKTF,2,0.0217391304348
CQQYHFWPWTF,2,0.0217391304348
CQQYNNWPPYTF,5,0.054347826087
CQQYSSSPPTF,2,0.0217391304348
CQQYYNAPPTF,2,0.0217391304348
CQQYYSLRTF,2,0.0217391304348
CQQYYSSPQTF,2,0.0217391304348
CQQYYSTPPTF,2,0.0217391304348
CQQYYSTPYTF,2,0.0217391304348
