CDR3,count,relative.frequency
CAAWDDSLSGFVF,2,0.0416666666667
CGTWDNSLSAMVF,2,0.0416666666667
CLLFYGGAWVF,2,0.0416666666667
CNSRDSSDNHWVF,2,0.0416666666667
CNSRDSSGNLIF,2,0.0416666666667
CQAWDSTTVVF,2,0.0416666666667
CQAWHSSTARVF,2,0.0416666666667
CQSADSSGIVVF,2,0.0416666666667
CQSYDRSLSGSRVF,2,0.0416666666667
CQSYDSSLSGYVVF,4,0.0833333333333
CQTWDSDTVVF,3,0.0625
CSAWDDSLNGRVVF,2,0.0416666666667
CSSIDSSGSHRVF,4,0.0833333333333
CSYAGAYTWVF,2,0.0416666666667
CSYAGSSTFVVF,2,0.0416666666667
CSYAGSSTWVF,2,0.0416666666667
CTSYAGANNFVVF,5,0.104166666667
CYSAADHNRVF,2,0.0416666666667
CYSAADNNWVF,2,0.0416666666667
CYSAADNSWVF,2,0.0416666666667
