CDR3,count,relative.frequency
CALPISEPKGF,2,7.39644970414e-05
CALRGQGGGNF,2,7.39644970414e-05
CASASYPEGNF,6,0.000221893491124
CATWDSSLIAGDVF,2,7.39644970414e-05
CDSASYPEGNF,12,0.000443786982249
CESAIYPEGNF,8,0.000295857988166
CESASCPEGNF,14,0.00051775147929
CESASDPEGNF,10,0.000369822485207
CESASFPEGNF,9,0.000332840236686
CESASHPEGNF,11,0.000406804733728
CESASNPEGNF,17,0.000628698224852
CESASSPEGNF,13,0.000480769230769
CESASWPEGNF,2,7.39644970414e-05
CESASYAEGNF,12,0.000443786982249
CESASYHEGNF,26,0.000961538461538
CESASYLEGNF,7,0.000258875739645
CESASYPAGNF,9,0.000332840236686
CESASYPDGNF,7,0.000258875739645
CESASYPEANF,13,0.000480769230769
CESASYPEENF,12,0.000443786982249
CESASYPEGNF,26578,0.982914201183
CESASYPEGTF,5,0.000184911242604
CESASYPERNF,25,0.000924556213018
CESASYPEVNF,3,0.000110946745562
CESASYPGGNF,49,0.00181213017751
CESASYPKGNF,14,0.00051775147929
CESASYPQGNF,7,0.000258875739645
CESASYPVGNF,14,0.00051775147929
CESASYSEGNF,10,0.000369822485207
CESASYTEGNF,8,0.000295857988166
CESATYPEGNF,6,0.000221893491124
CESDSYPEGNF,12,0.000443786982249
CGAHLRHSGF,3,0.000110946745562
CGSASYPEGNF,26,0.000961538461538
CGSASYPGGNF,3,0.000110946745562
CHQYNSAPPTF,2,7.39644970414e-05
CISFLFFSFF,5,0.000184911242604
CKSASYPEGNF,18,0.000665680473373
CLQYDDWPTF,2,7.39644970414e-05
CLQYYYPPFTF,2,7.39644970414e-05
CQNF,2,7.39644970414e-05
CQQYDNWPLTF,2,7.39644970414e-05
CQSASYPEGNF,5,0.000184911242604
CSSFAGTGVVF,4,0.000147928994083
CSTAVHMEPF,2,7.39644970414e-05
CSVQEEPQVQTF,2,7.39644970414e-05
CSVREEPQVQTF,7,0.000258875739645
CSVRVEPQVQTF,5,0.000184911242604
CTILRVLSSNF,2,7.39644970414e-05
CVSASYPEGNF,23,0.000850591715976
