VJ,count,relative.frequency
TRAV34-TRAJ35,3,0.214285714286
TRAV36/DV7-TRAJ36,11,0.785714285714
