VJ,count,relative.frequency
TRAV35-TRAJ48,5,0.0806451612903
TRAV36/DV7-TRAJ36,55,0.887096774194
TRAV5-TRAJ30,2,0.0322580645161
