VJ,count,relative.frequency
TRAV26-TRAJ43,2,0.0285714285714
TRAV27-TRAJ42,2,0.0285714285714
TRAV35-TRAJ4,2,0.0285714285714
TRAV35-TRAJ48,39,0.557142857143
TRAV36/DV7-TRAJ36,23,0.328571428571
TRAV8-TRAJ48,2,0.0285714285714
