CDR3,count,relative.frequency
CAAWDERMYALIF,2,0.001998001998
CALWEVGLRRVVPLPHLFGLIF,2,0.001998001998
CARDTIF,3,0.002997002997
CARESMRFTIF,3,0.002997002997
CARESMRLTIF,10,0.00999000999001
CCAYAGNNILIF,5,0.004995004995
CCSEAGPYTPKWIF,13,0.012987012987
CCSFAGSKRFVIF,12,0.011988011988
CCSYADPTTPVIF,9,0.00899100899101
CCSYGGTSVPWIF,3,0.002997002997
CCSYVDTYRLIF,3,0.002997002997
CCSYVGRIPFIF,9,0.00899100899101
CDLRGPGDHEGVLGF,828,0.827172827173
CDTLLGVTRLEGVIYRPLDF,2,0.001998001998
CDTLLGVTRVEGGIHRPLYF,2,0.001998001998
CHSFDNNLRGVIF,18,0.017982017982
CKILILLTILEIAVAGGGGPLIF,2,0.001998001998
CLHYYTVPYIF,5,0.004995004995
CPLAPDIKSAREVFSYGVVLIF,6,0.00599400599401
CQHYGTSLIF,14,0.013986013986
CQQLSSPALIF,4,0.003996003996
CQSYDNTLRRYVIF,11,0.010989010989
CSSYTETDFLVF,6,0.00599400599401
CTTWDDGLRSPIF,27,0.026973026973
CVSPVRLLLHLPNIF,2,0.001998001998
