VJ,count,relative.frequency
TRAV34-TRAJ35,2,0.222222222222
TRAV36/DV7-TRAJ36,7,0.777777777778
