CDR3,count,relative.frequency
CANYGYTF,24,0.387096774194
CSNQPQHF,25,0.403225806452
CSYNSPLHF,13,0.209677419355
