VJ,count,relative.frequency
TRAV34-TRAJ35,2,0.181818181818
TRAV36/DV7-TRAJ36,9,0.818181818182
