CDR3,count,relative.frequency
CANYGYTF,14,0.325581395349
CSNQPQHF,15,0.348837209302
CSYNSPLHF,14,0.325581395349
