CDR3,count,relative.frequency
CASKACHQKNGYPAFKKEYGYSF,2,0.00544959128065
CASKDSTYNEQFF,2,0.00544959128065
CASQVRSFAHQARWLSLQSQHF,2,0.00544959128065
CASRYSGRNTEAFF,8,0.0217983651226
CASSPEGLAGGAGDYEQYF,3,0.00817438692098
CATKIVIRDMKGNEKLFF,2,0.00544959128065
CATSNMTQSLWPVLGPVYGPTF,1,0.00272479564033
CATYYCQQYDSGYTF,48,0.130790190736
CDDSIPFHLKMIPF,259,0.705722070845
CDSGHYHYYGMDVW,10,0.0272479564033
CGSRGCPLALEMVF,8,0.0217983651226
CLSKHGSGAQYF,2,0.00544959128065
CSFTLAEECFTSNYVVTF,2,0.00544959128065
CSIAGEELHSF,3,0.00817438692098
CSSHSPFVF,3,0.00817438692098
CSSYVDSGTFVAF,10,0.0272479564033
CTSVPSVSRQGSEETQYF,2,0.00544959128065
