CDR3,count,relative.frequency
CACWDDTLNNLIF,12,0.0191387559809
CARAHPTPGIF,12,0.0191387559809
CARLDRPPIF,2,0.00318979266348
CDLRGPGDHEGVLGF,496,0.791068580542
CDLRVREIMRVSLGF,2,0.00318979266348
CNRTEASEITPHIYNHLIF,2,0.00318979266348
CQAWDTTTPIIF,4,0.00637958532695
CQQYEVRPLTF,8,0.0127591706539
CQVWHNSRDVIF,3,0.00478468899522
CRDEPAFESSGSKHSFCGIRKGIF,55,0.0877192982456
CRDEPAFESSGSKHSFCGIRKWIF,3,0.00478468899522
CRDEPAFESSGSKHSFCGIRRGIF,1,0.00159489633174
CRDEPAFESSGSKHSFCGNRKGIF,3,0.00478468899522
CSSYASGTTLIF,20,0.0318979266348
CVRAHPTPGIF,4,0.00637958532695
