VJ,count,relative.frequency
TRDV2-TRDJ4,62,0.109347442681
TRDV2-TRDV2,498,0.878306878307
TRDV3-TRDJ4,7,0.0123456790123
