CDR3,count,relative.frequency
CAAWDDSLSAVVF,2,0.0208333333333
CAAWDGSLSEVF,2,0.0208333333333
CAIWHSSAWVF,2,0.0208333333333
CCSYAGSSLLVF,2,0.0208333333333
CETWDSNTHVF,2,0.0208333333333
CETWNSNTWVF,2,0.0208333333333
CGTWDSSLSAFVF,4,0.0416666666667
CGTWDTSLSAYVF,2,0.0208333333333
CLLYYGGGQRVF,6,0.0625
CLSYAGSSTVVF,3,0.03125
CMIWHRGASVF,2,0.0208333333333
CMLYLGSGIWVF,4,0.0416666666667
CQSADSSGIPLGF,2,0.0208333333333
CQSADSSGIPLVF,2,0.0208333333333
CQSADSSGNYVLF,2,0.0208333333333
CQSFDSSSLWVF,2,0.0208333333333
CQSYDDSVVF,4,0.0416666666667
CQSYDSNIVVF,2,0.0208333333333
CQSYDSTNVVF,2,0.0208333333333
CQVWDGSSVHVVF,3,0.03125
CQVWDKRSDHVVF,2,0.0208333333333
CQVWDSSTVVF,11,0.114583333333
CQVWDSTSDHSF,2,0.0208333333333
CSSYTLRSTLVF,2,0.0208333333333
CSSYTSSSTVVF,2,0.0208333333333
CSSYTSTNTLVF,3,0.03125
CSYAGSGTLVF,2,0.0208333333333
CTSRDSSGNPYVF,2,0.0208333333333
CVLYLGGGITVF,2,0.0208333333333
CVLYMGPGIYVF,2,0.0208333333333
CYSADSSGNLWVF,2,0.0208333333333
CYSTDSRGNPVF,12,0.125
