CDR3,count,relative.frequency
CAAGLF,2,0.0172413793103
CAFLLIDQF,3,0.0258620689655
CAKYDGF,2,0.0172413793103
CANFLAGF,2,0.0172413793103
CARATF,5,0.0431034482759
CARGF,2,0.0172413793103
CATWDTSRSAYVF,2,0.0172413793103
CEALNSEHPF,2,0.0172413793103
CEKGWF,2,0.0172413793103
CESASYPEGNF,3,0.0258620689655
CHQYNYWPSTF,2,0.0172413793103
CHQYYDTWTF,2,0.0172413793103
CHQYYRIPYTF,2,0.0172413793103
CISFLFFSFF,6,0.051724137931
CKQSAQHPKTF,2,0.0172413793103
CLEYNFGYTF,2,0.0172413793103
CLLFGTQLVFF,5,0.0431034482759
CLLGQNGWHISGF,2,0.0172413793103
CLRNCRVTGF,2,0.0172413793103
CMESLRTPYTF,2,0.0172413793103
CMHTLQAPYTF,2,0.0172413793103
CMQAVQSSWTF,2,0.0172413793103
CMQNLQMDTF,3,0.0258620689655
CMQSLHIPPRTF,2,0.0172413793103
CMQSLNLLYTF,9,0.0775862068966
CNSYASPSTRVF,2,0.0172413793103
CQHYGSSPYTF,2,0.0172413793103
CQHYGTSFMYTF,2,0.0172413793103
CQHYVTHSTF,2,0.0172413793103
CQQHINSPFTF,4,0.0344827586207
CQQSFGLPLTF,2,0.0172413793103
CQQSFTTPRTF,2,0.0172413793103
CQQSSISTWTF,2,0.0172413793103
CQQTFSTF,3,0.0258620689655
CQQYFLNPTF,4,0.0344827586207
CQQYNTFVTF,2,0.0172413793103
CSDVIIARCGF,2,0.0172413793103
CSDVIVARCSF,2,0.0172413793103
CSSLTSSEAGF,2,0.0172413793103
CSSSTTSNTYVF,2,0.0172413793103
CSVEGGPYGYTF,2,0.0172413793103
CTTIRGTLITNF,4,0.0344827586207
CVLRSEDFRCNF,2,0.0172413793103
CVQSTQSWTF,3,0.0258620689655
