CDR3,count,relative.frequency
CAARYGQNFVF,2,0.0253164556962
CALVPENGWCPIDMRRRAKDRGF,2,0.0253164556962
CANQAGTALIF,2,0.0253164556962
CASGGSYIPTF,7,0.0886075949367
CDNNNDMRF,2,0.0253164556962
CGCENSGGSNYKLTF,7,0.0886075949367
CGMDSSYKLIF,6,0.0759493670886
CQTGANNLFF,46,0.582278481013
CVFSGGYNKLIF,3,0.0379746835443
CYTGANSKLTF,2,0.0253164556962
