CDR3,count,relative.frequency
CANYGYTF,21,0.212121212121
CHCVNTEAFF,2,0.020202020202
CSNQPQHF,48,0.484848484848
CSYNEQFF,2,0.020202020202
CSYNSPLHF,26,0.262626262626
