CDR3,count,relative.frequency
CAFISQSGTSLLIEEF,2,0.0125786163522
CAFKSQSLTFLFIEQF,2,0.0125786163522
CAFNSQSLNFLFIVQF,2,0.0125786163522
CAFNSQSLTFLFIDEF,22,0.138364779874
CAFNSQSLTFLFIEQF,2,0.0125786163522
CAFNSQSLTFLFIQQF,4,0.0251572327044
CAFNSQSLTFLLIEQF,2,0.0125786163522
CAFNSQSSTCLMMEQF,5,0.0314465408805
CAFNSQSSTFLFIDEF,2,0.0125786163522
CAFNSWSSTFLLIQQF,8,0.0503144654088
CAFSSQSFTFLFIEQF,4,0.0251572327044
CAFSSQSSTFLFIEQF,2,0.0125786163522
CAGALAACPGCLALRF,3,0.0188679245283
CALNSQCLTLLFIEHF,37,0.232704402516
CALNSQSLTFLFIQQF,2,0.0125786163522
CANQAGTALIF,6,0.0377358490566
CASGGSYIPTF,2,0.0125786163522
CATFPRNGVPGGAGGF,3,0.0188679245283
CAVCPQLTELNHWIQHF,2,0.0125786163522
CDNNNDMRF,4,0.0251572327044
CGCENSGGSNYKLTF,4,0.0251572327044
CGSPHLLLPITSSSEIGGF,2,0.0125786163522
CGVCIHLTDENFLLIQEF,2,0.0125786163522
CIHLTELNFTLIEQF,3,0.0188679245283
CIPSHSIPFQSVAFHSITF,2,0.0125786163522
CLLWCVVYVLCLTIVVLF,2,0.0125786163522
CQTGANNLFF,20,0.125786163522
CSAMCVFNSQSLTFLFIQQF,2,0.0125786163522
CSDLYYFLSSAGFGF,2,0.0125786163522
CTGLSDFVSPEPHVGF,2,0.0125786163522
CVVVVGCLCVGCLVGGFGF,2,0.0125786163522
