VJ,count,relative.frequency
TRAV17-TRAJ35,3,0.0652173913043
TRAV26-TRAJ43,4,0.0869565217391
TRAV27-TRAJ35,2,0.0434782608696
TRAV30-TRAJ53,4,0.0869565217391
TRAV34-TRAJ35,2,0.0434782608696
TRAV35-TRAJ35,2,0.0434782608696
TRAV35-TRAJ48,2,0.0434782608696
TRAV36/DV7-TRAJ36,20,0.434782608696
TRAV40-TRAJ48,2,0.0434782608696
TRAV8-TRAJ35,3,0.0652173913043
TRAV8-TRAJ48,2,0.0434782608696
