CDR3,count,relative.frequency
CANYGYTF,9,0.204545454545
CGSQTAGVCLLQLTHEAFF,2,0.0454545454545
CSGNTIYF,4,0.0909090909091
CSNQPQHF,16,0.363636363636
CSYNSPLHF,13,0.295454545455
