CDR3,count,relative.frequency
CALPISQSTGFGQYGSGSGQSSGF,2,0.0235294117647
CAMAKSSGDKLTF,2,0.0235294117647
CANQAGTALIF,2,0.0235294117647
CASGGSYIPTF,2,0.0235294117647
CDNNNDMRF,2,0.0235294117647
CGMDSSYKLIF,4,0.0470588235294
CGSPHLLLPITSSSEIGGF,6,0.0705882352941
CKGSSSCGKEGNRKFTF,4,0.0470588235294
CQTGANNLFF,57,0.670588235294
CSSDSHRGKGIAFTRSDAPTF,2,0.0235294117647
CTKESAVPSSALSDTGWSGF,2,0.0235294117647
