CDR3,count,relative.frequency
CANYGYTF,21,0.338709677419
CSNQPQHF,21,0.338709677419
CSYNSPLHF,20,0.322580645161
