CDR3,count,relative.frequency
CMQALQTFWTF,2,0.0444444444444
CMQALQTPYIF,9,0.2
CMQTLQTRTF,3,0.0666666666667
CQQHGDSPWTF,2,0.0444444444444
CQQRSNWPTF,12,0.266666666667
CQQSYNPPFAF,2,0.0444444444444
CQQSYSTPWSF,2,0.0444444444444
CQQYDNLRTF,4,0.0888888888889
CQQYGSSFRTF,3,0.0666666666667
CQQYNNF,4,0.0888888888889
CQQYYGYPLTF,2,0.0444444444444
