CDR3,count,relative.frequency
CAARVAFSEALVF,5,0.00604594921403
CAFIRKILSF,2,0.00241837968561
CAQFHPDGLIF,3,0.00362756952842
CAYLEDNDMRF,2,0.00241837968561
CAYRRHNNDMRF,2,0.00241837968561
CESASYHEGNF,2,0.00241837968561
CESASYPEGNF,775,0.937122128174
CESASYPGGNF,2,0.00241837968561
CESASYTEGNF,3,0.00362756952842
CGSASYPEGNF,2,0.00241837968561
CISLLYFLGTF,4,0.00483675937122
CLLLLCWFAGFLGF,3,0.00362756952842
CLLPYQCMYSSTF,2,0.00241837968561
CNVTARVVSSKGF,2,0.00241837968561
CPADRLTTPF,2,0.00241837968561
CQQTGRDQVIF,2,0.00241837968561
CSRKPVARSTGF,4,0.00483675937122
CSSLLYLCCTF,2,0.00241837968561
CSTLRPPTIGKTF,2,0.00241837968561
CTILRVLSSNF,2,0.00241837968561
CVETNNGAGF,2,0.00241837968561
CVSIFDQFFNF,2,0.00241837968561
