VJ,count,relative.frequency
TRAV35-TRAJ48,2,0.0645161290323
TRAV36/DV7-TRAJ36,27,0.870967741935
TRAV38-TRAJ48,2,0.0645161290323
