CDR3,count,relative.frequency
CASRAATYNEQFF,8,0.0592592592593
CASRSTGGTEAFF,6,0.0444444444444
CASRSTTAVYGYTF,2,0.0148148148148
CASSLGLANEQFF,3,0.0222222222222
CASSSPGQRQETQYF,3,0.0222222222222
CASYRSGNTKVF,3,0.0222222222222
CATSSNTGKLIF,3,0.0222222222222
CDSGLEGRWQTRQGGGGGQETPPF,2,0.0148148148148
CFFFFFFFFFFFFF,4,0.0296296296296
CGATSMDTFVF,5,0.037037037037
CGPPCLADSAFF,10,0.0740740740741
CPLAQLLPARKQVF,2,0.0148148148148
CQESSNSPYTF,9,0.0666666666667
CQHYSNWLYTF,2,0.0148148148148
CSARVKNTEAFF,2,0.0148148148148
CSCPEGTTTDAHF,15,0.111111111111
CSVTLSWELPDWRALSTFTLYF,56,0.414814814815
