VJ,count,relative.frequency
TRAV34-TRAJ35,3,0.166666666667
TRAV36/DV7-TRAJ36,15,0.833333333333
