CDR3,count,relative.frequency
CANYGYTF,8,0.347826086957
CSNQPQHF,11,0.478260869565
CSYNSPLHF,4,0.173913043478
