CDR3,count,relative.frequency
CAANSDHLNF,4,0.108108108108
CESASYPEGNF,5,0.135135135135
CGMISDAGAGF,2,0.0540540540541
CGSFWGWGGF,2,0.0540540540541
CGSSLLFF,2,0.0540540540541
CISFLFFSFF,8,0.216216216216
CISVIVFLDTF,4,0.108108108108
CLCAGSGVVF,2,0.0540540540541
CLYLFVFFWGF,2,0.0540540540541
CNLVACPQTF,2,0.0540540540541
CSAHGVLVPGGF,2,0.0540540540541
CSSDAYNTACGF,2,0.0540540540541
