CDR3,count,relative.frequency
CANYGYTF,28,0.363636363636
CSNQPQHF,19,0.246753246753
CSNRPQHF,2,0.025974025974
CSYNSPLHF,28,0.363636363636
