CDR3,count,relative.frequency
CAASGGSYIPPF,2,0.031746031746
CANQAGTALIF,3,0.047619047619
CAPGYSTLTF,2,0.031746031746
CGMDSSYKLIF,4,0.0634920634921
CGSPHLLLPITSSSEIGGF,6,0.0952380952381
CQTGANNLFF,46,0.730158730159
