VJ,count,relative.frequency
TRAV23/DV6-TRAJ12,4,0.0714285714286
TRAV34-TRAJ35,6,0.107142857143
TRAV36/DV7-TRAJ36,46,0.821428571429
