CDR3,count,relative.frequency
CANYGYTF,21,0.344262295082
CASSLRGQLTEAFF,3,0.0491803278689
CSNQPQHF,22,0.360655737705
CSYNSPLHF,15,0.245901639344
