CDR3,count,relative.frequency
CAIWYSNIVVF,14,0.0790960451977
CAKDLTVAGAGMRIDYW,2,0.0112994350282
CAKDLTVAGTGMSIDYW,7,0.0395480225989
CAKDLWLRESIGGIFDFW,6,0.0338983050847
CAKDLWLRESIGGIFDLW,5,0.0282485875706
CARAPTGDLGFDIW,7,0.0395480225989
CARDIW,8,0.045197740113
CARDLLYYDISGYSSNWFDPW,3,0.0169491525424
CARDPAWGAIDYW,13,0.0734463276836
CARGERRQPWEIDYW,9,0.0508474576271
CARGRGSSDYW,2,0.0112994350282
CARGTPRPGTDYW,9,0.0508474576271
CARLKTTMIVYAFDIW,6,0.0338983050847
CARSSNTLQHLEWLEAFDIW,3,0.0169491525424
CARVSMSSKAYWYFDLW,3,0.0169491525424
CARVSTTCHMCWFDPW,12,0.0677966101695
CARVVPAFCGGGTCYSGWFDSW,5,0.0282485875706
CARWASVYTNYHIVAKPLDYW,8,0.045197740113
CHLQGSPPFNVVGGVLWDNMDVW,2,0.0112994350282
CQSADRNATYGVF,6,0.0338983050847
CTRAGWELQTTQLFDYW,18,0.101694915254
CTTEIYTLSLHDALPIW,18,0.101694915254
CVRDENYGRFDPW,3,0.0169491525424
CVRKKKNSVEIRGEIDYW,2,0.0112994350282
CVRYHFDSW,6,0.0338983050847
