CDR3,count,relative.frequency
CAAWDDSLRGYVF,5,0.0111607142857
CAAWDDSLSGPVF,6,0.0133928571429
CAAWDDSLSRQYVF,6,0.0133928571429
CATWDDSLSGRVF,4,0.00892857142857
CAVWDDSLNDDVIF,30,0.0669642857143
CCSYEGTYTDVF,2,0.00446428571429
CFFFFFFFFFFFF,209,0.466517857143
CGHNFEAISITHF,2,0.00446428571429
CGTWDSSLSAVVF,9,0.0200892857143
CLLTYSGALVVF,4,0.00892857142857
CMIWHSSAWVF,2,0.00446428571429
CNSRDSSGNHRVF,2,0.00446428571429
CNSRDSTGNHVVF,2,0.00446428571429
CQAWDNSAAVF,3,0.00669642857143
CQAWDSDTAVF,2,0.00446428571429
CQAWDSGTVF,2,0.00446428571429
CQAWDSGTVVF,4,0.00892857142857
CQAWDSKTLVVF,10,0.0223214285714
CQAWDSSTVVF,2,0.00446428571429
CQAWYSSTVIF,3,0.00669642857143
CQAYDSSLSVVF,12,0.0267857142857
CQSADSGATYVF,2,0.00446428571429
CQSADSSGTYEVF,3,0.00669642857143
CQSADSSGTYVVF,3,0.00669642857143
CQSSDSSLSGSRVF,2,0.00446428571429
CQSYDNTLSGWVF,2,0.00446428571429
CQSYDSSILHWVF,4,0.00892857142857
CQSYDSSLHWVF,2,0.00446428571429
CQSYDSSLSASVF,2,0.00446428571429
CQTWDSTTGVF,2,0.00446428571429
CQTWGPGYQVF,5,0.0111607142857
CQTWGTGFQWVF,2,0.00446428571429
CQTWGTGIVVF,18,0.0401785714286
CQTWGTGVQFF,2,0.00446428571429
CQVWDSSSYHRVF,6,0.0133928571429
CSSHAGNNNLKF,3,0.00669642857143
CSSYAGSNNFYVVF,7,0.015625
CSSYAGSNNLIF,4,0.00892857142857
CSSYAGSNTLVF,12,0.0267857142857
CSSYAGSNTVVF,4,0.00892857142857
CSSYRSSSNFDVF,2,0.00446428571429
CSSYTRSSTVVF,2,0.00446428571429
CSSYTSISTWVF,3,0.00669642857143
CSSYTSSSTLVF,2,0.00446428571429
CSSYTSSSTLYVF,6,0.0133928571429
CSSYTSSSTPYVF,5,0.0111607142857
CSSYTSSSTTYVF,7,0.015625
CSSYTSSTTWVF,2,0.00446428571429
CSSYTTSSTRVVF,7,0.015625
CYSTDISGNPVF,4,0.00892857142857
CYSTDSSGNHRGVF,2,0.00446428571429
