VJ,count,relative.frequency
TRAV12-TRAJ56,2,0.0645161290323
TRAV30-TRAJ53,2,0.0645161290323
TRAV36/DV7-TRAJ36,27,0.870967741935
