CDR3,count,relative.frequency
CCQKYNSAPWTF,2,0.00188146754468
CHKYNSAPWTF,119,0.111947318909
CLKYNRAPWTF,4,0.00376293508937
CLKYNSAPWTF,327,0.307619943556
CQKDNSAPWTF,2,0.00188146754468
CQKNNSAPWTF,2,0.00188146754468
CQKYNSAPWPF,135,0.126999059266
CQKYNSAPWTF,396,0.372530573848
CQKYTSAPWTF,2,0.00188146754468
CQQLNSYPFTF,3,0.00282220131703
CQQLNSYPLTF,2,0.00188146754468
CQQTYRTPLTF,17,0.0159924741298
CQQYDDLTFLTF,2,0.00188146754468
CQQYDNLLLFTF,39,0.0366886171214
CQQYNSYPWTF,11,0.0103480714958
