CDR3,count,relative.frequency
CAANSDHLNF,2,0.0192307692308
CAAVHHGAGVF,2,0.0192307692308
CAFKRGSIVGPTF,2,0.0192307692308
CAMFSSYSWF,3,0.0288461538462
CCSFAGSSTYVF,52,0.5
CDLCAPGYYGF,2,0.0192307692308
CESASYPEGNF,11,0.105769230769
CGAGFGNEHGF,2,0.0192307692308
CGHREHF,2,0.0192307692308
CGSFGGWAGF,3,0.0288461538462
CLLPQKNNSF,2,0.0192307692308
CQQTYTTPLTF,13,0.125
CQVWDSSSDHWGF,2,0.0192307692308
CSAQTLGALPRF,2,0.0192307692308
CVCVYVCLCVCGF,2,0.0192307692308
CYFCIFDRCYITF,2,0.0192307692308
