VJ,count,relative.frequency
IGLV2-IGLJ1,2,0.222222222222
IGLV3-IGLJ1,5,0.555555555556
IGLV3-IGLJ7,2,0.222222222222
