CDR3,count,relative.frequency
CASIGWTEAFF,2,0.0512820512821
CASSFRGGGYTF,5,0.128205128205
CASSLGGGTEAFF,4,0.102564102564
CASSLRGQNTEAFF,3,0.0769230769231
CASSLRVGNTEAFF,4,0.102564102564
CASSPDSYNEQFF,2,0.0512820512821
CASSPLTDTQYF,2,0.0512820512821
CASSYSLNTEAFF,4,0.102564102564
CATEGFF,2,0.0512820512821
CQYKYTF,7,0.179487179487
CSAPLAGDLNEKLFF,2,0.0512820512821
CSAPVGGWEQYF,2,0.0512820512821
