CDR3,count,relative.frequency
CAKDRRTIF,3,0.047619047619
CAKTGRGGIF,12,0.190476190476
CARATIF,5,0.0793650793651
CARDRVSIF,3,0.047619047619
CARGPKIF,9,0.142857142857
CARLPQRMTIF,8,0.126984126984
CARNTIF,3,0.047619047619
CHSYDSDKMIF,3,0.047619047619
CLLFSGHEQLIF,2,0.031746031746
CLLFSRGEELIF,4,0.0634920634921
CQQYDALPQIF,2,0.031746031746
CQQYGNFPLIF,3,0.047619047619
CSSYTMAFTLIF,3,0.047619047619
CTRTTIF,3,0.047619047619
