CDR3,count,relative.frequency
CANYGYTF,17,0.303571428571
CASNPTGSNQPQHF,2,0.0357142857143
CSNQPQHF,19,0.339285714286
CSYNSPLHF,18,0.321428571429
