CDR3,count,relative.frequency
CMQATQFPLTF,2,0.105263157895
CMQGLQTPPTF,3,0.157894736842
CQQRSSWLLTF,2,0.105263157895
CQQSYSTLYTF,6,0.315789473684
CQQYDTYPTF,2,0.105263157895
CQQYGASPLTF,2,0.105263157895
CQQYGDSPLTF,2,0.105263157895
