CDR3,count,relative.frequency
CAANSDHLNF,3,0.063829787234
CANNSSRDMGF,2,0.0425531914894
CDSAHCGSKIF,2,0.0425531914894
CESASYPEGNF,20,0.425531914894
CGAGASAEGF,2,0.0425531914894
CGGSSCHLLGF,2,0.0425531914894
CISFLFFSFF,5,0.106382978723
CLLLYSYLYTANF,2,0.0425531914894
CQQNYVSPRTF,2,0.0425531914894
CSSLLYLCCTF,2,0.0425531914894
CTILNYCLSTF,3,0.063829787234
CVVWGGGVGF,2,0.0425531914894
