VJ,count,relative.frequency
TRAV26-TRAJ48,2,0.142857142857
TRAV27-TRAJ48,5,0.357142857143
TRAV34-TRAJ35,4,0.285714285714
TRAV36/DV7-TRAJ48,3,0.214285714286
