VJ,count,relative.frequency
TRAV30-TRAJ53,2,0.0952380952381
TRAV36/DV7-TRAJ36,19,0.904761904762
