CDR3,count,relative.frequency
CANYGYTF,16,0.432432432432
CSNQPQHF,6,0.162162162162
CSYNEQFF,3,0.0810810810811
CSYNSPLHF,12,0.324324324324
