CDR3,count,relative.frequency
CMQALQTPTF,2,0.0909090909091
CMQGLQTPRTF,4,0.181818181818
CMQGTYWPYTF,2,0.0909090909091
CQHYGSSPWTF,2,0.0909090909091
CQQHDNLPFTF,2,0.0909090909091
CQQSYSPPRGTF,2,0.0909090909091
CQQYGCSLPITF,3,0.136363636364
CQQYYNTPPTF,3,0.136363636364
CQQYYSTLTF,2,0.0909090909091
