CDR3,count,relative.frequency
CAANSDHLNF,5,0.0471698113208
CAAVYSNMSHNF,2,0.0188679245283
CALVDGCLRGF,2,0.0188679245283
CAVAHACNPSTF,2,0.0188679245283
CAVSAPNF,2,0.0188679245283
CDSAHCGSKIF,7,0.0660377358491
CESASYPEGNF,29,0.27358490566
CGPGSLPYGF,2,0.0188679245283
CGSPEAF,2,0.0188679245283
CILYLGPRYGF,2,0.0188679245283
CIPKYVSCLF,2,0.0188679245283
CISLLYFLGTF,2,0.0188679245283
CITAVCFRHFDPNF,4,0.0377358490566
CKESVCCACF,4,0.0377358490566
CLAESCQGRAF,2,0.0188679245283
CLLCSSRRAWSRF,2,0.0188679245283
CLLEAAPGPEGF,2,0.0188679245283
CLLPPAAVGF,3,0.0283018867925
CLLSFSGCLF,2,0.0188679245283
CLLSSTPHEHIF,2,0.0188679245283
CLSLFILCPGF,2,0.0188679245283
CPADRLTTPF,2,0.0188679245283
CSATSGWLTF,3,0.0283018867925
CSCAGNVVQVF,2,0.0188679245283
CSYLFLWQVF,2,0.0188679245283
CTGLTKALKCQNF,2,0.0188679245283
CVFLVRRFCCF,3,0.0283018867925
CVFPSVFDTF,3,0.0283018867925
CVVPDQLLVNF,4,0.0377358490566
CYFCIFDRCYITF,3,0.0283018867925
