CDR3,count,relative.frequency
CAGRGVDYW,6,0.0213523131673
CAHEKRWQHIDYW,2,0.00711743772242
CAHERRWRHIDYW,2,0.00711743772242
CAHSHLGNAFDSW,3,0.0106761565836
CARAIPDTDAFDFW,3,0.0106761565836
CARAPGRLDYW,4,0.0142348754448
CARDGGDYW,2,0.00711743772242
CARDRLYNNAFDVW,2,0.00711743772242
CARESSRGWFDPW,2,0.00711743772242
CAREWEAFDIW,4,0.0142348754448
CARGGEGFDYW,14,0.0498220640569
CARGGYWEPPDYW,18,0.0640569395018
CARGIDYW,2,0.00711743772242
CARGKNGGRFVYW,5,0.017793594306
CARGLHYFDHW,11,0.0391459074733
CARGRKNADYW,3,0.0106761565836
CARGTYLDAFDMW,5,0.017793594306
CARKGGDAFDLW,2,0.00711743772242
CARQKQQQQGLDYW,2,0.00711743772242
CARQQQHLGLDYW,3,0.0106761565836
CARQQQLAALDYW,3,0.0106761565836
CARQYAGFYFDPW,5,0.017793594306
CARVANRYFDLW,2,0.00711743772242
CARVGMQMFDYW,3,0.0106761565836
CASGYSYYFDSW,3,0.0106761565836
CATVGGSEAFDIW,2,0.00711743772242
CAYW,74,0.26334519573
CDHW,6,0.0213523131673
CEYW,8,0.0284697508897
CFDYW,3,0.0106761565836
CGMDVW,2,0.00711743772242
CHYW,2,0.00711743772242
CSGGQCNNWFDTW,10,0.0355871886121
CSRANCYRPYFDIW,4,0.0142348754448
CSRGYFQHW,3,0.0106761565836
CSSGWFGYW,2,0.00711743772242
CSSLDYW,3,0.0106761565836
CTGDNCPPFGYW,2,0.00711743772242
CTIALRWDYW,8,0.0284697508897
CTRGSCSQWFDPW,8,0.0284697508897
CTRLRIDSSSDYW,2,0.00711743772242
CTSTTCSFFDSW,2,0.00711743772242
CTTAGVFDPW,2,0.00711743772242
CTTDPAYNFNYW,2,0.00711743772242
CVRAAFAYW,6,0.0213523131673
CVRAAFDYW,2,0.00711743772242
CVRDTNWIFDSW,10,0.0355871886121
CVRDTNWIFDYW,3,0.0106761565836
CVRRSGYSHIDYW,2,0.00711743772242
CYYYYGMDVW,2,0.00711743772242
