VJ,count,relative.frequency
TRAV26-TRAJ43,4,0.266666666667
TRAV30-TRAJ35,2,0.133333333333
TRAV36/DV7-TRAJ36,9,0.6
