CDR3,count,relative.frequency
CANYGYTF,8,0.235294117647
CSNQPQHF,19,0.558823529412
CSYNSPLHF,7,0.205882352941
