CDR3,count,relative.frequency
CALAGVLTIAMPVPVIVNNF,2,0.0571428571429
CANQAGTALIF,4,0.114285714286
CASGGSYIPTF,3,0.0857142857143
CGMDSSYKLIF,2,0.0571428571429
CGSPHLLLPITSSSEIGGF,2,0.0571428571429
CIPSHSIQFHSVPFHSITF,2,0.0571428571429
CLVGDMYNAGNMLTF,2,0.0571428571429
CQTGANNLFF,15,0.428571428571
CVYSGGGADGLTF,3,0.0857142857143
