CDR3,count,relative.frequency
CAGQLVAGSNYKLTF,2,0.0357142857143
CANYGYTF,14,0.25
CSARDLTSSYEQYF,2,0.0357142857143
CSNQPQHF,20,0.357142857143
CSYNSPLHF,18,0.321428571429
