VJ,count,relative.frequency
TRAV34-TRAJ35,3,0.272727272727
TRAV36/DV7-TRAJ36,8,0.727272727273
