CDR3,count,relative.frequency
CANYGYTF,13,0.333333333333
CSNQPQHF,15,0.384615384615
CSYNSPLHF,11,0.282051282051
