VJ,count,relative.frequency
IGHV1-IGHJ3,154,0.974683544304
IGHV3-IGHJ4,4,0.0253164556962
