CDR3,count,relative.frequency
CAKGKCRGGSCYFFDNW,2,0.0112359550562
CARAADDIDLRWLYFESW,2,0.0112359550562
CARDPGDTDGWVYFDHW,3,0.0168539325843
CARETWELPDWYFDLW,2,0.0112359550562
CATEIYTLSLHDALPIW,154,0.865168539326
CFDHW,2,0.0112359550562
CRAALGRNYYDSSDYFSFDYW,2,0.0112359550562
CTKGYSGTAIYAFDVW,2,0.0112359550562
CTRGGIFDVLAGPPDYW,3,0.0168539325843
CVRRATPQYWYLDPW,2,0.0112359550562
CVTALGTTWGVYDYW,2,0.0112359550562
CWRRRELCWHEPQFLYW,2,0.0112359550562
