CDR3,count,relative.frequency
CHQYGNSPRTF,2,0.0185185185185
CMQALHTPWTF,3,0.0277777777778
CMQALQTPLTF,2,0.0185185185185
CMQGTHWPPWTF,4,0.037037037037
CQQGTSFPLTF,4,0.037037037037
CQQLNTYPITF,2,0.0185185185185
CQQNYNIPYTF,3,0.0277777777778
CQQRSNWPRLTF,3,0.0277777777778
CQQRSNWPSLTF,6,0.0555555555556
CQQSYFTPWTF,2,0.0185185185185
CQQSYRTPLTF,2,0.0185185185185
CQQSYSLPVTF,3,0.0277777777778
CQQYDDLPLTF,1,0.00925925925926
CQQYDDSPLTF,2,0.0185185185185
CQQYDDVPTWTF,2,0.0185185185185
CQQYDILPPTF,2,0.0185185185185
CQQYFSTPPTF,2,0.0185185185185
CQQYGTSPGTF,3,0.0277777777778
CQQYNNWPLLTF,2,0.0185185185185
CTFTAVIPTNVF,2,0.0185185185185
CVFKHVQQKFSTLF,56,0.518518518519
