CDR3,count,relative.frequency
CAAWDDGLNGVVF,3,0.0322580645161
CAAWDDGLRGPVF,4,0.0430107526882
CAAWDDSLIGHVF,3,0.0322580645161
CAAWDDSLNAYVF,4,0.0430107526882
CAAWDDSLNGWVF,3,0.0322580645161
CAAWDDSLSGWVF,2,0.0215053763441
CAVEALHGKDGEAYLLSFF,2,0.0215053763441
CDCRHAPPRLTGF,10,0.10752688172
CLFFFFFFFFFFFF,7,0.0752688172043
CLLYYDGVQVVF,2,0.0215053763441
CQAWDSSTAVF,2,0.0215053763441
CQAWDSSTDWGF,2,0.0215053763441
CQAWDSSTDWVF,4,0.0430107526882
CQAWDSSTTHVLF,2,0.0215053763441
CQAWDSSTVVF,2,0.0215053763441
CQQYHSLLSF,4,0.0430107526882
CQSFDRSLSGSWVF,4,0.0430107526882
CQSLIKGNFSTSPLSFGSGF,2,0.0215053763441
CQSYDSLNHWVF,3,0.0322580645161
CQSYDTSLRGWVF,7,0.0752688172043
CQTWGTGIQVF,2,0.0215053763441
CQTWVTGIWVF,2,0.0215053763441
CQVWDRGSDHVVF,4,0.0430107526882
CQVWDRSIDHWIF,2,0.0215053763441
CQVWDSRSDHRYVF,3,0.0322580645161
CSSYTSSDTYVF,3,0.0322580645161
CTSYTGINTLFVF,3,0.0322580645161
CYVSFFFFLIFFFFFF,2,0.0215053763441
