CDR3,count,relative.frequency
CAANSDHLNF,8,0.126984126984
CAGPTALLAHEIGF,3,0.047619047619
CALPGQLTF,3,0.047619047619
CAYLCGQKYLHLGF,2,0.031746031746
CDLCAPGYYGF,2,0.031746031746
CESASYPEGNF,12,0.190476190476
CFNLLLEF,2,0.031746031746
CGADACNPSTF,2,0.031746031746
CGSEELGCRNF,2,0.031746031746
CGSSLAF,2,0.031746031746
CHYHHLSHF,2,0.031746031746
CISFLFFSFF,9,0.142857142857
CKLLQQSHLFPGF,2,0.031746031746
CLCAGSGVVF,2,0.031746031746
CLLCSSRRAWSRF,2,0.031746031746
CLLPPAAVGF,2,0.031746031746
CLLSGTKGASF,2,0.031746031746
CPILNSNPSQPSGGF,2,0.031746031746
CSFSFCWSWSIF,2,0.031746031746
