CDR3,count,relative.frequency
CANYGYTF,29,0.239669421488
CSNQPQHF,52,0.429752066116
CSYNEQFF,5,0.0413223140496
CSYNSPLHF,35,0.289256198347
