CDR3,count,relative.frequency
CAKDGDGGYFDFW,4,0.0235294117647
CAKDGPESFDPW,10,0.0588235294118
CAKGGVQQLEFDYW,2,0.0117647058824
CAKILRDSSNFDYW,5,0.0294117647059
CAKRNYFDW,3,0.0176470588235
CARDGPESFDPW,13,0.0764705882353
CARDPEGWGWFDPW,2,0.0117647058824
CARDPFYYFDYW,2,0.0117647058824
CARESPMAVALDYW,8,0.0470588235294
CARGGAHHAFDIW,2,0.0117647058824
CARGGNYHAFDIW,4,0.0235294117647
CARGHTTSGLDYW,2,0.0117647058824
CARGNTDDAFDIW,2,0.0117647058824
CARGRTGWYFDCW,2,0.0117647058824
CARGWVSVRYFNYW,2,0.0117647058824
CARGYRRLHFDYW,31,0.182352941176
CARNDAGHFDFW,2,0.0117647058824
CARNEYGDLGDYW,4,0.0235294117647
CARQVSDYW,2,0.0117647058824
CARVAADAFDFW,6,0.0352941176471
CASSGWYRGYW,4,0.0235294117647
CATGYGDNNYFDPW,3,0.0176470588235
CGRWNFAFDIW,2,0.0117647058824
CKAAGVEGFDYW,2,0.0117647058824
CLRDAFDIW,2,0.0117647058824
CRRRGRYFDHW,6,0.0352941176471
CRRRRRYFDHW,2,0.0117647058824
CSRALNSYAMDVW,2,0.0117647058824
CSRSTSWYFDLW,4,0.0235294117647
CSSGNWFDPW,2,0.0117647058824
CSSGTCYNDDW,2,0.0117647058824
CTSEKYFEYW,5,0.0294117647059
CTSERYFEYW,2,0.0117647058824
CTTDAEDYW,2,0.0117647058824
CVLRSFYKNYW,2,0.0117647058824
CVRDFDCW,2,0.0117647058824
CVRGIFDLW,2,0.0117647058824
CVRGSLEFDYW,12,0.0705882352941
CYNRRKIPDYW,2,0.0117647058824
CYSTLFDTW,2,0.0117647058824
