CDR3,count,relative.frequency
CASARVPYEQYF,2,0.0666666666667
CASRRGSYGYTF,2,0.0666666666667
CASSEAGGETQYF,2,0.0666666666667
CASSFGGEETQYF,2,0.0666666666667
CASSLAGSEQYF,2,0.0666666666667
CASSLSTDSPLHF,2,0.0666666666667
CASSQGAGTGELFF,2,0.0666666666667
CASSSAYEQYF,4,0.133333333333
CASSSGPAYEQYF,4,0.133333333333
CASSYPGGSYEQYF,2,0.0666666666667
CSAGEAFF,4,0.133333333333
CSARDATSGNEQFF,2,0.0666666666667
