CDR3,count,relative.frequency
CARVKIF,4,0.333333333333
CQSYHTDNVIF,4,0.333333333333
CSSYTSTSAPLIF,2,0.166666666667
CSSYTTSRTVIF,2,0.166666666667
