VJ,count,relative.frequency
IGHV1-IGHJ4,23,0.165467625899
IGHV3-IGHJ4,109,0.784172661871
IGHV4-IGHJ4,7,0.0503597122302
