CDR3,count,relative.frequency
CASGTRNTDTQYF,2,0.0327868852459
CASNRFTGELFF,2,0.0327868852459
CASSHRWTAEAFF,2,0.0327868852459
CASSNMNTEAFF,2,0.0327868852459
CASSPGEGYGYTF,15,0.245901639344
CASSPTVNYGYTF,2,0.0327868852459
CASSVEWGYTF,15,0.245901639344
CATEQSLNTEAFF,2,0.0327868852459
CSAAGTGHPEQYF,4,0.0655737704918
CSAEGVSYEQYF,3,0.0491803278689
CSARYTTDTQYF,5,0.0819672131148
CSAVRTANYGYTF,2,0.0327868852459
CSVGTGGAEQYF,5,0.0819672131148
