CDR3,count,relative.frequency
CAKSPRITIF,27,0.457627118644
CARGQIVGLIF,3,0.0508474576271
CQHYDHLPPYIF,2,0.0338983050847
CQQYDSLPLIF,5,0.0847457627119
CQQYYTTPLIF,4,0.0677966101695
CQVWDTDNVIF,12,0.203389830508
CSSYAGNTNLIF,4,0.0677966101695
CSSYTSAYLIF,2,0.0338983050847
