CDR3,count,relative.frequency
CARDGSAVPDYW,2,0.0740740740741
CAREYRNYLDYW,5,0.185185185185
CARGITGDFDYW,2,0.0740740740741
CARMNGTSGFDSW,2,0.0740740740741
CARQKLAFDLW,2,0.0740740740741
CGKAPPFDPW,2,0.0740740740741
CTRNLDYW,5,0.185185185185
CVKGLYYIDVW,2,0.0740740740741
CVRGTDDDTFDFW,2,0.0740740740741
CVRVGSAFDVW,3,0.111111111111
