CDR3,count,relative.frequency
CAAWDDILNGVF,21,0.0985915492958
CAAWDDRLNGVVF,2,0.0093896713615
CAAWDDSLNGRVF,2,0.0093896713615
CAAWDDSLNGVVF,3,0.0140845070423
CAAWDDSLNGWVF,5,0.0234741784038
CAAWDDSLSGLVF,4,0.018779342723
CAAWDDSLSGVVF,3,0.0140845070423
CAAWDDSPNGPVF,9,0.0422535211268
CATWDDSLKGWVF,2,0.0093896713615
CATWDDSLSGWVF,9,0.0422535211268
CATWDSSLRALVF,7,0.0328638497653
CATWDSSLSAGVF,3,0.0140845070423
CCSYAGSSTLVF,9,0.0422535211268
CEAWDDSLNGPVF,20,0.093896713615
CEVVNPSILQVF,2,0.0093896713615
CGAWDSSLSAWVF,2,0.0093896713615
CGSYTSSSTLVF,2,0.0093896713615
CGTWDRSLSGWVF,2,0.0093896713615
CGTWDSSLRAGVF,2,0.0093896713615
CGTWDSSLSAGVF,5,0.0234741784038
CGTWDSSLSVVF,2,0.0093896713615
CGTWDSSLSVVVF,3,0.0140845070423
CLLSYNGARVF,2,0.0093896713615
CLLYYGGAWVF,2,0.0093896713615
CLLYYGPPQFWVF,2,0.0093896713615
CMIWHSSAYVF,3,0.0140845070423
CMIWPSDAYVVF,4,0.018779342723
CMIWPSNAWVF,2,0.0093896713615
CQAWDSSTAVF,2,0.0093896713615
CQAWDSSTVVF,5,0.0234741784038
CQSADSSGAYKVF,2,0.0093896713615
CQSADSSGTYPGVVF,2,0.0093896713615
CQSADSTGTFVVF,2,0.0093896713615
CQSAESSGTWVF,2,0.0093896713615
CQSGDSSGNVVF,2,0.0093896713615
CQSWDSSTVIF,2,0.0093896713615
CQSYDNYNVIF,7,0.0328638497653
CQSYDSGLSGPLF,4,0.018779342723
CQSYDSSLSSSVVF,2,0.0093896713615
CQSYDSTLSGVVF,3,0.0140845070423
CQSYDTSLSGSDVF,4,0.018779342723
CQVWDF,2,0.0093896713615
CQVWDSYSDHWVF,4,0.018779342723
CQVWQSSTYVVF,6,0.0281690140845
CSIYTSSSNLVF,2,0.0093896713615
CSSRDSSGDQWVF,2,0.0093896713615
CSSYTSGSTLVF,2,0.0093896713615
CSSYTSSNTVVF,4,0.018779342723
CSSYTSSSTLVF,2,0.0093896713615
CSSYTSSSTRVF,2,0.0093896713615
CSSYTSSSTWVF,3,0.0140845070423
CSSYTTSSTLLF,2,0.0093896713615
CSYAGSSTVMF,2,0.0093896713615
CYSTDSSGNLGVF,4,0.018779342723
CYSTDSSGYQKVF,3,0.0140845070423
