CDR3,count,relative.frequency
CAAWGDSLSAYVF,2,0.010101010101
CARDGNF,3,0.0151515151515
CARDGVVKVF,2,0.010101010101
CARLTGKTTF,8,0.040404040404
CARLVTSYNF,2,0.010101010101
CASYAGRNAPYFF,2,0.010101010101
CASYAGRNAPYVF,4,0.020202020202
CESASYPEGNF,12,0.0606060606061
CGAEAGGVPGGF,2,0.010101010101
CGGSPRITF,2,0.010101010101
CGQKYLHLGF,2,0.010101010101
CGSPEAF,3,0.0151515151515
CHRYGTTNTF,2,0.010101010101
CISFLFFSFF,3,0.0151515151515
CLQANTFPRTF,4,0.020202020202
CLQYSSPPRTF,2,0.010101010101
CLRNCRVTGF,2,0.010101010101
CMQATQTRGF,2,0.010101010101
CMQCLQTVFTF,2,0.010101010101
CMQSTQWPHTF,2,0.010101010101
CNSYAGRKGVF,2,0.010101010101
CQEYYTSRLGF,17,0.0858585858586
CQHRGNWLTF,2,0.010101010101
CQHSSPITF,2,0.010101010101
CQHYDTRLTFTF,2,0.010101010101
CQHYFSPPFTF,3,0.0151515151515
CQHYNGWPFTF,4,0.020202020202
CQHYSGTPPTF,2,0.010101010101
CQQGLGFPLTF,2,0.010101010101
CQQHYNWVTF,2,0.010101010101
CQQSSGSPFTF,2,0.010101010101
CQQSSGTPFTF,55,0.277777777778
CQQSYSTPRTF,3,0.0151515151515
CQQTYNLPPTF,3,0.0151515151515
CQQYAASRITF,7,0.0353535353535
CQQYDTCCTF,2,0.010101010101
CQQYGRSPQTF,4,0.020202020202
CQQYYTSLRTF,4,0.020202020202
CQYYNRDPYTF,2,0.010101010101
CSPSDPMVFSSF,2,0.010101010101
CSSLLYLCCTF,2,0.010101010101
CSSYAHNKNYVF,3,0.0151515151515
CSSYTNRNTPVF,2,0.010101010101
CVLFMSSGTVF,2,0.010101010101
CVRAEGF,4,0.020202020202
