CDR3,count,relative.frequency
CANYGYTF,9,0.214285714286
CSNQPQHF,22,0.52380952381
CSYNSPLHF,11,0.261904761905
