CDR3,count,relative.frequency
CANQAGTALIF,4,0.0888888888889
CAYSGAGSYQLTF,4,0.0888888888889
CGCENSGGSNYKLTF,6,0.133333333333
CGMDSSYKLIF,2,0.0444444444444
CGSPHLLLPITSSSEIGGF,3,0.0666666666667
CMLPHPPLPRSLVRSTTKTF,2,0.0444444444444
CQTGANNLFF,22,0.488888888889
CQTGANTLFF,2,0.0444444444444
