CDR3,count,relative.frequency
CANYGYTF,15,0.208333333333
CSARTGNTEAFF,2,0.0277777777778
CSATYPGGTEAFF,2,0.0277777777778
CSNQPQHF,18,0.25
CSYNEQFF,3,0.0416666666667
CSYNSPLHF,32,0.444444444444
