CDR3,count,relative.frequency
CANYGYTF,11,0.289473684211
CSNQPQHF,10,0.263157894737
CSYNSPLHF,17,0.447368421053
