CDR3,count,relative.frequency
CAFNSQSLTFLFIEQF,2,0.0434782608696
CANQAGTALIF,3,0.0652173913043
CASGGSYIPTF,2,0.0434782608696
CGMDSSYKLIF,3,0.0652173913043
CGSPHLLLPITSSSEIGGF,2,0.0434782608696
CGTGTFERRGAVREVCGRWAEGF,2,0.0434782608696
CQTGANNLFF,25,0.54347826087
CVFNSQSLTFLFIQQFGNILF,7,0.152173913043
