CDR3,count,relative.frequency
CANYGYTF,14,0.333333333333
CSNQPQHF,18,0.428571428571
CSYNSPLHF,10,0.238095238095
