VJ,count,relative.frequency
IGKJ3-IGKJ3,13,0.122641509434
IGKV2D-IGKJ4,2,0.0188679245283
IGKV3-IGKJ2,91,0.858490566038
