CDR3,count,relative.frequency
CAISEIEETQYF,15,0.0344827586207
CAISESGGASYEQYF,4,0.00919540229885
CALGEYNEQFF,3,0.00689655172414
CAPPRPANFCIF,3,0.00689655172414
CASEYGTGLNIQYF,5,0.0114942528736
CASGGVWTDTQYF,7,0.016091954023
CASKGMGNTEAFF,2,0.00459770114943
CASRESNTEAFF,2,0.00459770114943
CASSAGTRGETQYF,9,0.0206896551724
CASSAPTNTGELFF,5,0.0114942528736
CASSEGLANEQFF,2,0.00459770114943
CASSEGQLNQPQHF,2,0.00459770114943
CASSFDGNNYGYTF,6,0.0137931034483
CASSFDPNGELFF,2,0.00459770114943
CASSFLAGTDTQYF,2,0.00459770114943
CASSHPEGQETQYF,2,0.00459770114943
CASSLAGANTGELFF,5,0.0114942528736
CASSLATDTQYF,4,0.00919540229885
CASSLEQGRGNTIYF,4,0.00919540229885
CASSLNTGGNEQFF,6,0.0137931034483
CASSLRDRGIPYEQYF,4,0.00919540229885
CASSLSTGELFF,3,0.00689655172414
CASSLTGGFNTEAFF,4,0.00919540229885
CASSPGDTQYF,3,0.00689655172414
CASSPPGGVNTGELFF,5,0.0114942528736
CASSPRDGYTDTQYF,3,0.00689655172414
CASSPTGGLNTEAFF,24,0.0551724137931
CASSPTREGEQFF,13,0.0298850574713
CASSPWEGTEAFF,6,0.0137931034483
CASSQRPVTGVTGELFF,5,0.0114942528736
CASSQRQGNSPLHF,5,0.0114942528736
CASSRDKETQYF,6,0.0137931034483
CASSRSSLGNEQFF,4,0.00919540229885
CASSSAFSGRTGELFF,4,0.00919540229885
CASSSGSGGYTF,3,0.00689655172414
CASSSTGGRSEAFF,2,0.00459770114943
CASSTGQGAKNIQYF,3,0.00689655172414
CASSTGQVVRETQYF,2,0.00459770114943
CASSTGSKGNTIYF,2,0.00459770114943
CASSTVGGSYNEQFF,21,0.048275862069
CASSVTDTQYF,2,0.00459770114943
CASSYFGNGGELFF,4,0.00919540229885
CASSYGFHTEAFF,26,0.0597701149425
CASSYGTGEAFF,10,0.0229885057471
CASSYPLGQGGYTF,2,0.00459770114943
CASTNTDTQYF,3,0.00689655172414
CATSDFLEETQYF,6,0.0137931034483
CATSEDGTRSGELFF,2,0.00459770114943
CATSRVAGMATEAFF,2,0.00459770114943
CAVQGPGGSEKLFF,6,0.0137931034483
CISDELQYF,2,0.00459770114943
CITSVVLAGHGGSRLESQYF,3,0.00689655172414
CQQYSGARGLTF,2,0.00459770114943
CSARPPGRVNEQFF,3,0.00689655172414
CSARPRQILEAFF,15,0.0344827586207
CSARVLGQTYEQYF,2,0.00459770114943
CSLFFFFFFFELQSYFLYF,2,0.00459770114943
CSLLPLFF,4,0.00919540229885
CSSYTTSNTHLF,104,0.23908045977
CSVEGPGTPPGGDTQYF,3,0.00689655172414
CSVGTIVGLYTDTQYF,16,0.0367816091954
CSVVDYEQYF,2,0.00459770114943
CTLEIISLAGCGGSHLETQHF,2,0.00459770114943
