VJ,count,relative.frequency
TRAV26-TRAJ43,3,0.0666666666667
TRAV30-TRAJ53,3,0.0666666666667
TRAV34-TRAJ35,2,0.0444444444444
TRAV36/DV7-TRAJ36,37,0.822222222222
