CDR3,count,relative.frequency
CAFNSQSFFLFIQQFGNTLF,2,0.0350877192982
CANQAGTALIF,3,0.0526315789474
CAVGSSVAGSSASGSSVASSGGF,3,0.0526315789474
CDNNNDMRF,3,0.0526315789474
CGCENSGGSNYKLTF,3,0.0526315789474
CGSPHLLLPITSSSEIGGF,2,0.0350877192982
CKGSSSCGKEGNRKFTF,2,0.0350877192982
CLLLQKEVVSWACCQEKEGF,2,0.0350877192982
CQTGANNLFF,37,0.649122807018
