CDR3,count,relative.frequency
CANYGYTF,15,0.277777777778
CSNQPQHF,21,0.388888888889
CSYNEQFF,2,0.037037037037
CSYNSPLHF,16,0.296296296296
