CDR3,count,relative.frequency
CASSDRASYEQYF,2,0.0606060606061
CASSHPGYTF,2,0.0606060606061
CASSIWGRTEAFF,2,0.0606060606061
CASSLTEETQYF,2,0.0606060606061
CASSPPGYTF,10,0.30303030303
CASSQEGGYNEQFF,2,0.0606060606061
CASTELRINGYTF,2,0.0606060606061
CASTRGQETQYF,2,0.0606060606061
CAWSFGQPTGELFF,3,0.0909090909091
CFSLYEQGF,2,0.0606060606061
CSASTDKVQPQHF,2,0.0606060606061
CSLPGRPDTQYF,2,0.0606060606061
