VJ,count,relative.frequency
TRBV23/OR9-TRBJ2,2,0.285714285714
TRBV30-TRBJ2,3,0.428571428571
TRBV5-TRBJ2,2,0.285714285714
