VJ,count,relative.frequency
TRAV36/DV7-TRAJ36,29,0.935483870968
TRAV38-TRAJ35,2,0.0645161290323
