CDR3,count,relative.frequency
CANYGYTF,27,0.333333333333
CSNQPQHF,33,0.407407407407
CSYNSPLHF,21,0.259259259259
