CDR3,count,relative.frequency
CAGDYW,2,0.0183486238532
CAKGRSGFDYW,2,0.0183486238532
CANGRDGMDVW,4,0.0366972477064
CANIYSEAFDVW,2,0.0183486238532
CARDAWGRYFDYW,2,0.0183486238532
CARDMTLTGIDYW,2,0.0183486238532
CARERDTDAFDIW,4,0.0366972477064
CARGHSYSDYW,3,0.0275229357798
CARGPSFDYW,6,0.0550458715596
CARIHYTSFDYW,28,0.256880733945
CARIVGDSNFDYW,2,0.0183486238532
CARNGGAFGDYW,3,0.0275229357798
CARRMEGNWFDPW,2,0.0183486238532
CARSYGSSFDYW,4,0.0366972477064
CARVDYRSDAFDIW,4,0.0366972477064
CARVEDAFSAW,18,0.165137614679
CARVSDYW,2,0.0183486238532
CATGLDQFDYW,2,0.0183486238532
CLTSFDYW,4,0.0366972477064
CPYYYYMDVW,2,0.0183486238532
CTRDVTGTHFDYW,3,0.0275229357798
CTTGGGSDRRADYW,2,0.0183486238532
CVMQSVHGTLDYW,2,0.0183486238532
CYGSLDYW,2,0.0183486238532
CYTEQDAFDLW,2,0.0183486238532
