CDR3,count,relative.frequency
CAGTRGLGSGTEGKDRAGGF,3,0.0379746835443
CAHSCGYRVNRKLTF,2,0.0253164556962
CALPIIEQNLLAVFECLWYGF,3,0.0379746835443
CASGGSYIPTF,10,0.126582278481
CGMDSSYKLIF,2,0.0253164556962
CHLGLPDSVHLLPLLAGSGEF,2,0.0253164556962
CPSIPSTKMASEKKEISF,2,0.0253164556962
CQTGANNLFF,52,0.658227848101
CVCHSVTTDSWGKLQF,3,0.0379746835443
