CDR3,count,relative.frequency
CANYGYTF,17,0.226666666667
CSNQPQHF,26,0.346666666667
CSYNEQFF,4,0.0533333333333
CSYNSPLHF,28,0.373333333333
