CDR3,count,relative.frequency
CASGGSYIPTF,5,0.0833333333333
CAVTNQAGTALIF,2,0.0333333333333
CDNNNDMRF,8,0.133333333333
CGMDSSYKLIF,5,0.0833333333333
CGSPHLLLPITSSSEIGGF,2,0.0333333333333
CKGSSSCGKEGNRKFTF,2,0.0333333333333
CMTATFCCLPISSLTMSTF,2,0.0333333333333
CQTGANNLFF,34,0.566666666667
