CDR3,count,relative.frequency
CANYGYTF,13,0.175675675676
CSNQPQHF,38,0.513513513514
CSYNSPLHF,23,0.310810810811
