CDR3,count,relative.frequency
CMQRIEYPHTF,2,0.0425531914894
CMQSIQLPLTF,2,0.0425531914894
CMQSTQFPWTF,2,0.0425531914894
CMQVLQTPFTF,2,0.0425531914894
CQHYGSSPLITF,2,0.0425531914894
CQQFGTSPRFTF,2,0.0425531914894
CQQGYRTPLTF,2,0.0425531914894
CQQYFSSPYTF,2,0.0425531914894
CQQYGSSPLF,2,0.0425531914894
CQQYGSSPQTF,2,0.0425531914894
CQQYHSYPLTF,2,0.0425531914894
CQQYKSYPYTF,2,0.0425531914894
CQQYNNWPYSF,2,0.0425531914894
CQQYNNYYTF,3,0.063829787234
CQQYNSYPWTF,2,0.0425531914894
CQQYNTYSKTF,2,0.0425531914894
CQQYNYWPYTF,2,0.0425531914894
CQQYYSFWTF,9,0.191489361702
CQQYYSYPPLTF,3,0.063829787234
