CDR3,count,relative.frequency
CQSADSSGSYTF,2,0.142857142857
CQSYDPNNQVF,4,0.285714285714
CQSYDRSIYGVF,2,0.142857142857
CQSYDTDNFWVF,2,0.142857142857
CQVWDSGTWVF,2,0.142857142857
CSSYTGSSTWVF,2,0.142857142857
