CDR3,count,relative.frequency
CAANSDHLNF,2,0.0338983050847
CESASYPEGNF,36,0.610169491525
CFSIKLF,2,0.0338983050847
CHQYSRWPQTF,2,0.0338983050847
CISFLFFSFF,8,0.135593220339
CLLLYSYLYAANF,2,0.0338983050847
CRRYYSNPLTF,2,0.0338983050847
CSSYPEGNF,5,0.0847457627119
