VJ,count,relative.frequency
TRAV26-TRAJ48,4,0.666666666667
TRAV36/DV7-TRAJ35,2,0.333333333333
