VJ,count,relative.frequency
TRAV34-TRAJ35,7,0.333333333333
TRAV36/DV7-TRAJ36,14,0.666666666667
