CDR3,count,relative.frequency
CAASANNNDMRF,2,0.0606060606061
CAGTFLRLQKGLYLGYGVKYF,2,0.0606060606061
CAVSSPFSGGYNKLIF,2,0.0606060606061
CAYRSAEGF,4,0.121212121212
CGSPHLLLPITSSSEIGGF,3,0.0909090909091
CLSLPSSWGYRCMPLHLASNF,2,0.0606060606061
CQTGANNLFF,18,0.545454545455
