VJ,count,relative.frequency
TRAV13-TRAJ48,2,0.0869565217391
TRAV34-TRAJ35,3,0.130434782609
TRAV36/DV7-TRAJ36,18,0.782608695652
