CDR3,count,relative.frequency
CANYGYTF,17,0.223684210526
CASSLLPDMDQPQHF,2,0.0263157894737
CSGNTIYF,3,0.0394736842105
CSNQPQHF,28,0.368421052632
CSYNEQFF,2,0.0263157894737
CSYNSPLHF,24,0.315789473684
