CDR3,count,relative.frequency
CAALDDSLNGPVF,69,0.0416666666667
CAAWADSLNGPVF,2,0.0012077294686
CAAWDDDLNGPVF,18,0.0108695652174
CAAWDDSLNGHGVF,18,0.0108695652174
CAAWDDSLNGPVF,356,0.214975845411
CAAWDDSLNGQGVF,2,0.0012077294686
CAAWDDSLNGSYVF,2,0.0012077294686
CAAWDDSLNGVVF,4,0.0024154589372
CAAWDDSLNGYVF,6,0.0036231884058
CAAWDDSLSGQVF,5,0.0030193236715
CAAWDDSLSGVVF,3,0.0018115942029
CASWDDSRNGPVF,4,0.0024154589372
CATWDSSLSAGVF,2,0.0012077294686
CCQSYDSSSWVF,2,0.0012077294686
CCSYAGSSTFGVF,20,0.012077294686
CCSYAGSSTSGVF,3,0.0018115942029
CCSYAGSSTWVF,2,0.0012077294686
CCSYTGSNNFYVF,2,0.0012077294686
CGTWDSNLSAVVF,8,0.0048309178744
CGTWDSSLRAWVF,2,0.0012077294686
CGTWDSSLSAWVF,10,0.006038647343
CGTWDSSLSAYVF,24,0.0144927536232
CGTWDSSLSGGVF,2,0.0012077294686
CGTWDSSLSTGVF,219,0.132246376812
CMIWHNSAYVF,2,0.0012077294686
CMIWHSSAWVF,7,0.0042270531401
CNSRDSSGNHHVVF,6,0.0036231884058
CNSRDSSGNHLVF,4,0.0024154589372
CNSRDSSGNLWVF,2,0.0012077294686
CQAWDSGTVF,5,0.0030193236715
CQAWDSNTHVVF,4,0.0024154589372
CQAWDSSPAGVF,19,0.0114734299517
CQAWDSSTAKVF,3,0.0018115942029
CQAWDSSTGVF,5,0.0030193236715
CQAWDSSTPVF,5,0.0030193236715
CQAWDSSTSCVF,2,0.0012077294686
CQAWDSSTSYVF,16,0.00966183574879
CQLADSSVCVF,2,0.0012077294686
CQSADSSATYVVF,359,0.216787439614
CQSADSSGTYGVF,4,0.0024154589372
CQSADSSGTYQVF,36,0.0217391304348
CQSADSSGTYWVF,36,0.0217391304348
CQSADSSVWVF,14,0.00845410628019
CQSYDSRLSVVF,7,0.0042270531401
CQSYDSSLRGSVF,15,0.00905797101449
CQSYDSSNLNWVF,8,0.0048309178744
CQSYDSSNWVF,3,0.0018115942029
CQSYDSSSWVF,100,0.06038647343
CQSYDSTNVAF,12,0.00724637681159
CQSYDSTPWVF,3,0.0018115942029
CQTWGTGGVF,10,0.006038647343
CQTWGTGIRVF,76,0.0458937198068
CQVWDSNSDHVVF,20,0.012077294686
CQVWDSSSDHVVF,12,0.00724637681159
CQVWDSSSDLDVVF,27,0.0163043478261
CQVWDTSSDHLYVF,5,0.0030193236715
CSSTDSSGNRRVF,2,0.0012077294686
CSSYTSSSSVVF,8,0.0048309178744
CSSYTSSSTLIF,3,0.0018115942029
CSSYTSSSTLVF,8,0.0048309178744
CSSYTSSSTTVVF,4,0.0024154589372
CSSYTSSSTYVF,4,0.0024154589372
CSYAGSATFVF,4,0.0024154589372
CSYAGSSTFGVF,7,0.0042270531401
CSYAGSSTSGVF,2,0.0012077294686
