CDR3,count,relative.frequency
CAAVINF,6,0.0350877192982
CAKGF,2,0.0116959064327
CARGNTETGAF,2,0.0116959064327
CAVGGSQGNLIF,4,0.0233918128655
CAVRYGQNFVF,2,0.0116959064327
CCSYAGSSTF,60,0.350877192982
CFIVRETLNF,2,0.0116959064327
CGSPEAF,7,0.0409356725146
CHQYGTSARTF,3,0.0175438596491
CHQYSTLYTF,2,0.0116959064327
CILYLGPRYGF,2,0.0116959064327
CQHRAIWPLTF,2,0.0116959064327
CQHYASYSWTF,2,0.0116959064327
CQQFPHLTF,7,0.0409356725146
CQQSHGFPYTF,2,0.0116959064327
CQQTFSIPRTF,5,0.0292397660819
CQQYANSLRTF,2,0.0116959064327
CQQYFYIPFTF,2,0.0116959064327
CQQYGGSSTF,2,0.0116959064327
CQQYNGHWTF,3,0.0175438596491
CQQYTTSLRTF,2,0.0116959064327
CQSSQGVF,46,0.269005847953
CRCAELEVGF,2,0.0116959064327
CSYFFLEGGAPPGF,2,0.0116959064327
