CDR3,count,relative.frequency
CANYGYTF,31,0.424657534247
CSNQPQHF,21,0.287671232877
CSYNSPLHF,21,0.287671232877
