VJ,count,relative.frequency
TRAV34-TRAJ35,4,0.363636363636
TRAV36/DV7-TRAJ36,7,0.636363636364
