CDR3,count,relative.frequency
CANYGYTF,7,0.194444444444
CSNQPQHF,21,0.583333333333
CSYNSPLHF,8,0.222222222222
