ID,average_diversity.MT,max
003860a34c9b244a5d8435b220ca5673,0.285525584984,0.971534003166
