ID,average_diversity.MT,max
04dad306f9be80db39f4be578091aa11,0.014885610133,0.226410948421
