ID,average_diversity.MT,max
09f52a751a3bd08f2fd4dcc61a046ed0,0.00825352366554,0.0573009712463
