ID,average_diversity.MT,max
0e66d92c70e71ca68bc7df03f140ac23,0.110096800864,0.793128491266
