ID,average_diversity.MT,max
0fb4ae5b4fe04b81ebf63b3eac09c4c3,0.353083310031,0.945660304601
