ID,average_diversity.MT,max
1afc6bc8152648c1a4ea85bc89ab926a,0.0508493278167,0.987436027257
