ID,average_diversity.MT,max
25afb594517b6fc2c6bc85a0c66b667c,0.0295271233993,0.246565887916
