ID,average_diversity.MT,max
278ba239dee396794cbfdd659cef87f6,0.0755190055915,0.918295834054
