ID,average_diversity.MT,max
2da9f52ad34b5f74308fb4492c9dd134,0.0160884365414,0.628071015503
