ID,average_diversity.MT,max
36c23dfb45da8cda46af63a39d69766c,0.0805119341794,0.918295834054
