ID,average_diversity.MT,max
3886522fcb4f50f10124f140ae535107,0.0351507789226,0.884321020863
