ID,average_diversity.MT,max
39300c8aac13e03d467f7a274c0a7b6c,0.0212628921119,0.337290066617
