ID,average_diversity.MT,max
3f366b6605e4121de55f85f4002791c0,0.0363194091221,0.634309554641
