ID,average_diversity.MT,max
3f75e014e177132805d2777c7c9ddccd,0.0621046273473,0.811278124459
