ID,average_diversity.MT,max
443ddc6820a4dad1e07abf188b2112af,0.0041927061704,0.0517913503046
