ID,average_diversity.MT,max
4d5907b73a2622840152c66ae4b47b09,0.0102288504902,0.058427455555
