ID,average_diversity.MT,max
53a151cc962a0e0f0cfe62c1e6b29810,0.0491732215943,0.994895565827
