ID,average_diversity.MT,max
592d1b0ed845160b9526409972fc2963,0.0326580559018,0.668710135344
