ID,average_diversity.MT,max
6277c358b68c67bb3fcfd7a7515aa59b,0.0497108504329,0.760167502962
