ID,average_diversity.MT,max
660390b51c0c7556d19d14d86f490de4,0.0784054297031,0.970950594455
