ID,average_diversity.MT,max
89d63b331e9cc8c8677ecf2d62b794da,0.0189513149853,0.0601224488786
