ID,average_diversity.MT,max
8b875f224d4fb52377dda158b92379cc,0.0612934467562,0.997799733753
