ID,average_diversity.MT,max
8b9f9dccf83b6b131668989350c210d2,0.288510042063,0.970950594455
