ID,average_diversity.MT,max
8e0af4f2274023a7637905cc63e32fba,0.0157518206901,0.0738753903889
