ID,average_diversity.MT,max
95f6c93a54de9ba213b74318ef230a9c,0.0825532227213,0.908085449935
