ID,average_diversity.MT,max
bc515e19f91861bda91eea2c2d89a8d0,0.24772586062,0.998363672594
