ID,average_diversity.MT,max
C347.TCGA-17-Z004-01A-01W-0746-08.1,0.015803378008,0.067669825252
