ID,average_diversity.MT,max
C347.TCGA-18-3409-01A-01D-0983-08.17,0.0750138780057,0.888119940602
