ID,average_diversity.MT,max
C347.TCGA-46-3769-01A-01D-0983-08.17,0.140549514293,0.99564341098
