ID,average_diversity.MT,max
C347.TCGA-55-1595-01A-01D-0969-08.1,0.146048133999,0.939137395859
