ID,average_diversity.MT,max
C347.TCGA-18-3408-01A-01D-0983-08.16,0.151646268227,0.977219725976
