ID,average_diversity.MT,max
C347.TCGA-18-3407-01A-01D-0983-08.16,0.0710236130656,0.2774265087
