ID,average_diversity.MT,max
C347.TCGA-18-3412-01A-01D-0983-08.17,0.0302606557055,0.0903321364543
