ID,average_diversity.MT,max
C508.TCGA-21-1082-01A-01D-1521-08.3,0.192092567318,0.954434002925
