ID,average_diversity.MT,max
C508.TCGA-66-2780-01A-01D-1522-08.5,0.409256599235,0.985228136034
