ID,average_diversity.MT,max
C508.TCGA-77-8153-01A-11D-2395-08.1,0.0666611399716,0.811278124459
