ID,average_diversity.MT,max
C508.TCGA-60-2713-01A-01D-1522-08.5,0.0988422990265,0.881290899231
