ID,average_diversity.MT,max
C508.TCGA-56-8304-01A-11D-2323-08.5,0.0918295834054,0.918295834054
