ID,average_diversity.MT,max
C508.TCGA-43-6771-01A-11D-1817-08.2,0.133473469305,0.970950594455
