ID,average_diversity.MT,max
C508.TCGA-LUSC-7964-TP-21D-2184-08.2,0.293149547146,0.979868756651
