ID,average_diversity.MT,max
C508.TCGA-94-A4VJ-01A-11D-A257-08.1,0.185863315832,0.970950594455
