ID,average_diversity.MT,max
C508.TCGA-39-5019-01A-01D-1817-08.2,0.151548407227,0.970950594455
