ID,average_diversity.MT,max
C508.TCGA-LA-A7SW-01A-11D-A401-08.1,0.0483313596871,0.918295834054
