ID,average_diversity.MT,max
C508.TCGA-LUSC-4609-TP-21D-2122-08.3,0.0573934896284,0.918295834054
