ID,average_diversity.MT,max
C508.TCGA-34-5236-01A-21D-1817-08.2,0.118077901782,0.970950594455
