ID,average_diversity.MT,max
C508.TCGA-77-8145-01A-11D-2244-08.1,0.121727707065,0.98612608463
