ID,average_diversity.MT,max
C508.TCGA-85-8070-01A-11D-2244-08.1,0.0469665753248,0.764204506509
