ID,average_diversity.MT,max
C508.TCGA-63-A5MB-01A-11D-A26M-08.3,0.252649750195,0.983939395164
