ID,average_diversity.MT,max
C509.TCGA-97-A4M6-01A-11D-A24P-08.3,0.0459147917027,0.918295834054
