ID,average_diversity.MT,max
C509.TCGA-55-8085-01A-11D-2238-08.1,0.154896642674,0.918295834054
