ID,average_diversity.MT,max
C509.TCGA-95-A4VP-01A-21D-A25L-08.4,0.0539416996919,0.970950594455
