ID,average_diversity.MT,max
C509.TCGA-55-8299-01A-11D-2284-08.5,0.124266624721,0.991076059838
