ID,average_diversity.MT,max
C509.TCGA-69-7973-01A-11D-2184-08.1,0.0918295834054,0.918295834054
