ID,average_diversity.MT,max
C509.TCGA-49-4487-01A-21D-1855-08.2,0.260942303302,0.970950594455
