ID,average_diversity.MT,max
C509.TCGA-55-7994-01A-11D-2184-08.1,0.0820084825,0.811278124459
