ID,average_diversity.MT,max
C509.TCGA-44-7669-01A-21D-2063-08.3,0.10203287045,0.918295834054
