ID,average_diversity.MT,max
C509.TCGA-80-5608-01A-31D-1945-08.5,0.334153530364,0.999920070821
