ID,average_diversity.MT,max
C509.TCGA-55-8090-01A-11D-2238-08.1,0.175107289529,0.918295834054
