ID,average_diversity.MT,max
C529.TCGA-HC-7740-01A-11D-2114-08.1,0.100662202474,0.991076059838
