ID,average_diversity.MT,max
C529.TCGA-HC-A76X-01A-11D-A33T-08.1,0.0591672778582,0.591672778582
