ID,average_diversity.MT,max
C529.TCGA-CH-5792-01A-11D-1576-08.8,0.219713207253,0.996791631982
