ID,average_diversity.MT,max
C529.TCGA-VN-A88R-01A-11D-A364-08.1,0.0596404813281,0.918295834054
