ID,average_diversity.MT,max
C529.TCGA-EJ-5508-01A-02D-1576-08.4,0.100426180752,0.721928094887
