ID,average_diversity.MT,max
C529.TCGA-YL-A9WI-01A-11D-A377-08.1,0.0288771237955,0.721928094887
