ID,average_diversity.MT,max
C529.TCGA-HC-A632-01A-11D-A29Q-08.2,0.135887121966,0.970950594455
