ID,average_diversity.MT,max
C529.TCGA-J9-A52C-01A-11D-A26M-08.4,0.134791915498,0.918295834054
