ID,average_diversity.MT,max
C529.TCGA-KK-A7B2-01A-12D-A32B-08.2,0.108034804006,0.918295834054
