ID,average_diversity.MT,max
C529.TCGA-EJ-7315-01A-31D-2114-08.1,0.0226743778091,0.591672778582
