ID,average_diversity.MT,max
C529.TCGA-CH-5750-01A-11D-1576-08.4,0.109690716696,0.892623013385
