ID,average_diversity.MT,max
C529.TCGA-VP-A876-01A-11D-A34U-08.2,0.0367318333622,0.918295834054
