ID,average_diversity.MT,max
C529.TCGA-EJ-5518-01A-01D-1576-08.8,0.105286874705,0.918295834054
