ID,average_diversity.MT,max
C529.TCGA-EJ-7312-01B-21D-A32B-08.4,0.0206693520226,0.0630678080039
