ID,average_diversity.MT,max
C529.TCGA-EJ-5530-01A-01D-1576-08.9,0.0468625428692,0.995727452085
