ID,average_diversity.MT,max
C529.TCGA-KK-A59X-01A-11D-A29Q-08.2,0.0419036158592,0.970950594455
