ID,average_diversity.MT,max
C529.TCGA-HC-7211-01A-11D-2114-08.2,0.0913400170082,0.779349837292
