ID,average_diversity.MT,max
C529.TCGA-YL-A8S9-01A-11D-A377-08.1,0.0362132240367,0.764204506509
