ID,average_diversity.MT,max
C529.TCGA-KK-A7AQ-01A-11D-A33T-08.1,0.122439444541,0.918295834054
