ID,average_diversity.MT,max
C529.TCGA-HC-7744-01A-11D-2114-08.1,0.00448863239522,0.0814620269151
