ID,average_diversity.MT,max
C529.TCGA-G9-6347-01A-11D-A31L-08.3,0.0688405659316,0.918295834054
