ID,average_diversity.MT,max
C662.TCGA-50-5931-01A-11D-1753-08.4,0.0450710069144,0.811278124459
