ID,average_diversity.MT,max
C662.TCGA-44-6147-01A-21D-A27T-08.2,0.0105403145818,0.337290066617
