ID,average_diversity.MT,max
C662.TCGA-55-6543-01A-11D-1753-08.4,0.167967358866,0.961236604723
