ID,average_diversity.MT,max
C662.TCGA-75-5126-01A-01D-1753-08.4,0.130548530987,0.918295834054
