ID,average_diversity.MT,max
C662.TCGA-44-6146-01A-21D-A27T-08.2,0.151410787934,0.811278124459
