ID,average_diversity.MT,max
C828.TCGA-FR-A3R1-01A-11D-A23B-08.2,0.0978199050563,0.940285958671
