ID,average_diversity.MT,max
C828.TCGA-FR-A728-01A-11D-A32N-08.3,0.0480616936441,0.650022421648
