ID,average_diversity.MT,max
C828.TCGA-XV-AAZW-01A-12D-A401-08.1,0.0353190705406,0.918295834054
