ID,average_diversity.MT,max
C828.TCGA-GN-A4U5-01A-11D-A32N-08.3,0.0589214284002,0.296036090718
