ID,average_diversity.MT,max
C828.TCGA-EB-A431-01A-11D-A25O-08.2,0.00842343991518,0.286396957116
