ID,average_diversity.MT,max
C828.TCGA-EB-A551-01A-21D-A27K-08.3,0.0918295834054,0.918295834054
