ID,average_diversity.MT,max
C828.TCGA-ER-A194-01A-11D-A197-08.1,0.29690273377,0.918295834054
