ID,average_diversity.MT,max
C828.TCGA-GF-A769-01A-32D-A32N-08.3,0.0670725441445,0.775203026891
