ID,average_diversity.MT,max
C828.TCGA-EB-A430-01A-11D-A24R-08.3,0.190091129531,0.918295834054
