ID,average_diversity.MT,max
C828.TCGA-EB-A6QY-01A-12D-A32N-08.3,0.0261470607383,0.126531592223
