ID,average_diversity.MT,max
C828.TCGA-GN-A269-01A-11D-A19A-08.1,0.320651414359,0.970950594455
