ID,average_diversity.MT,max
C828.TCGA-GN-A269-01A-11D-A19A-08.2,0.273184348863,0.970950594455
