ID,average_diversity.MT,max
C828.TCGA-BF-A9VF-01A-11D-A372-08.2,0.0206541758516,0.764204506509
