ID,average_diversity.MT,max
C828.TCGA-EB-A24C-01A-11D-A197-08.2,0.0510164352252,0.918295834054
