ID,average_diversity.MT,max
cd32bd44e21d16ff5ac1cae774368ff8,0.143613054832,0.634309554641
