ID,average_diversity.MT,max
cf48323806a5515f0eff69a4af8893c6,0.0781370350034,0.836640741941
