ID,average_diversity.MT,max
d294375154b5e2554bb795980502c64e,0.12399671844,0.9811522342
