ID,average_diversity.MT,max
e58e58e0e927128a33224908df20d811,0.142838391775,0.794102141785
