ID,average_diversity.MT,max
e608ef703049b3e929b3947bde0c75ee,0.264076605225,0.970950594455
