ID,average_diversity.MT,max
f5db12575e685ca664acdd6e74f336ae,0.330454726527,0.991076059838
