ID,average_diversity.MT,max
f80f0641199eee19175f894acccc714f,0.0253695196775,0.10271325408
