CDR3,count,relative.frequency
CAGSPKRLRDYGF,2,0.0327868852459
CARVYKMSARF,5,0.0819672131148
CESASYPEGNF,33,0.540983606557
CESDSYPEGNF,2,0.0327868852459
CILLDDMPDNF,2,0.0327868852459
CLLVRWVWSSRGF,2,0.0327868852459
CLSDVGKVKVGVNGF,4,0.0655737704918
CQQTYTVPRTF,2,0.0327868852459
CSPSDPMVFSSF,4,0.0655737704918
CSSTYNF,2,0.0327868852459
CVTVSSHEPHGF,3,0.0491803278689
