CDR3,count,relative.frequency
CAFNSQSLTFLLIEQF,2,0.0169491525424
CAFNSQSSTCLMMEQF,5,0.0423728813559
CALNSQCLTLLFIEHFGNSQF,6,0.0508474576271
CANQAGTALIF,6,0.0508474576271
CASGGSYIPTF,4,0.0338983050847
CAYQCWKGGCSPWTGGGSGF,4,0.0338983050847
CFSLDFICNPASNEILRAIRISTF,2,0.0169491525424
CGCENSGGSNYKLTF,4,0.0338983050847
CGMDSSYKLIF,2,0.0169491525424
CGSPHLLLPITSSSEIGGF,6,0.0508474576271
CGVCVQLTEFNLSLIEQF,2,0.0169491525424
CILFHSIPFHSVAFHSITF,2,0.0169491525424
CIPFHSIQFHSVPFHSITF,4,0.0338983050847
CIPSHSIPFQSVAFHSITF,4,0.0338983050847
CIPSHSIQFHSVPFHSITF,3,0.0254237288136
CIVRVASDSWGKLQF,2,0.0169491525424
CLVTFIFYVQYIIHIF,3,0.0254237288136
CNTYFGYFDILCTVYNTYF,2,0.0169491525424
CQTGANNLFF,22,0.186440677966
CQTGANTLFF,2,0.0169491525424
CRVYYKCLVTFIFYVQYIIHIF,4,0.0338983050847
CSAMCVFNSQSLTFLFIQQF,3,0.0254237288136
CSIPFHSIPFHSVPFHSITF,2,0.0169491525424
CTCVFNSQCSTFPFIEQF,2,0.0169491525424
CTVYYICLVTFIFYVQYIIHIF,2,0.0169491525424
CTVYYKCLVTFIFYVQYIIHIF,12,0.101694915254
CVFSGGYNKLIF,2,0.0169491525424
CVVCIQLTELNDSLHRADLRHTF,4,0.0338983050847
