CDR3,count,relative.frequency
CANYGYTF,29,0.281553398058
CLLTCICTYDHTHAYDHTHAFF,2,0.0194174757282
CSNQPQHF,45,0.436893203883
CSYNEQFF,4,0.0388349514563
CSYNSPLHF,23,0.223300970874
