CDR3,count,relative.frequency
CAKGGHYSAFDIW,4,0.0701754385965
CARDFYNHFYSFDYW,2,0.0350877192982
CARDNEAFDYW,4,0.0701754385965
CARDPVWGAFDYW,5,0.0877192982456
CARGSATRYYFDSW,2,0.0350877192982
CARGSGYWDLDYW,2,0.0350877192982
CARGSSWFDDW,2,0.0350877192982
CARHEAFDIW,10,0.175438596491
CARNTAPDYW,12,0.210526315789
CARQANFDFW,2,0.0350877192982
CARSKSNWFDPW,2,0.0350877192982
CARVFASDGMDVW,2,0.0350877192982
CAYW,2,0.0350877192982
CSGGKCAYFDYW,2,0.0350877192982
CSSISCPNWFDPW,2,0.0350877192982
CVTERSGSFPYW,2,0.0350877192982
