CDR3,count,relative.frequency
CAAWDDSLEGRVF,4,0.0235294117647
CAAWDDSLNAVVF,8,0.0470588235294
CAAWDDSLNGPVF,5,0.0294117647059
CAAWDDSLNGVVF,3,0.0176470588235
CAAWDDSLNGWVF,5,0.0294117647059
CAAWDDSLRGVVF,2,0.0117647058824
CAAWDDSLSGAVF,2,0.0117647058824
CAAWDDSLYGWVF,4,0.0235294117647
CAAWDESLNGVVF,2,0.0117647058824
CATWDDSLNGVVF,4,0.0235294117647
CATWDSSLSAGVF,2,0.0117647058824
CCSLAGRGLVF,2,0.0117647058824
CCSYAGSYTFVF,2,0.0117647058824
CGTWDSNLSAGVF,2,0.0117647058824
CGTWDSSLSAIVF,2,0.0117647058824
CGTWDSSLSAVVF,5,0.0294117647059
CGTWDSSLSTVLF,2,0.0117647058824
CLLSYSGTRKIF,2,0.0117647058824
CMIWHSSAYWVF,5,0.0294117647059
CMIWHTSAWVF,4,0.0235294117647
CNSRDSSGRRLVF,2,0.0117647058824
CNSRDSSGYVVF,7,0.0411764705882
CNSRDSTGNHVVF,4,0.0235294117647
CQAWASSTYVVF,2,0.0117647058824
CQAWDSGTAVF,2,0.0117647058824
CQAWDSSTAVF,2,0.0117647058824
CQAWDSSTVVF,3,0.0176470588235
CQAWESSTAVF,2,0.0117647058824
CQSADSSGTFVF,3,0.0176470588235
CQSYDNTNAVF,3,0.0176470588235
CQSYDSSNVVF,2,0.0117647058824
CQSYDSTIVVF,6,0.0352941176471
CQTWATGTQVF,2,0.0117647058824
CQTWDSGTVLF,2,0.0117647058824
CQTWDTGFAVF,2,0.0117647058824
CQTWGPGPTEVF,2,0.0117647058824
CQTWGTDVVVF,2,0.0117647058824
CQTWGTGIQVF,7,0.0411764705882
CQTWGTGIRVF,2,0.0117647058824
CQTWGTGIVVF,4,0.0235294117647
CQVWDSTTDHVVF,2,0.0117647058824
CSAWDSSLSAWVF,3,0.0176470588235
CSAWDTSLSSWVF,2,0.0117647058824
CSSYADSNNFVF,2,0.0117647058824
CSSYAGSHNVIF,4,0.0235294117647
CSSYAGSNNLIF,2,0.0117647058824
CSSYAGSTFLVF,2,0.0117647058824
CSSYTGSNNLLF,2,0.0117647058824
CSSYTRSSTLVVF,3,0.0176470588235
CSSYTSSSTWVF,2,0.0117647058824
CSSYTSSSTYVVF,2,0.0117647058824
CSYAGSLTLVF,2,0.0117647058824
CSYAGSYTFVF,6,0.0352941176471
CTSYTSSSTWVF,4,0.0235294117647
CVLFMGSGIWNWVF,2,0.0117647058824
CVLFMTSGIVVF,2,0.0117647058824
