CDR3,count,relative.frequency
CAAVYSNMSHNF,2,0.00896860986547
CAAWDDRLNAGIF,2,0.00896860986547
CAGPTALLAHEIGF,2,0.00896860986547
CAKDRGF,2,0.00896860986547
CALPWAYYKKLF,2,0.00896860986547
CARAGF,9,0.0403587443946
CARGGF,16,0.0717488789238
CARGHNF,10,0.0448430493274
CARGLVVF,8,0.0358744394619
CARWRNYF,10,0.0448430493274
CESASYPEGNF,6,0.0269058295964
CESILCGSVLLF,2,0.00896860986547
CFSYAGNWKLVF,2,0.00896860986547
CGKDSSGF,3,0.0134529147982
CGMISDAGAGF,2,0.00896860986547
CGSPEAF,3,0.0134529147982
CHQFHSSPWTF,2,0.00896860986547
CHQYDHWPQTF,4,0.0179372197309
CHSLAGSNAEVF,2,0.00896860986547
CISFLFFSFF,4,0.0179372197309
CLHDDSYPWTF,3,0.0134529147982
CLLLCETQKRGF,9,0.0403587443946
CLLNFYLDDLLF,2,0.00896860986547
CLQYNPAPFTF,2,0.00896860986547
CLQYNSNLFTF,2,0.00896860986547
CLQYNYYLTF,2,0.00896860986547
CLSKTTTMTYVF,2,0.00896860986547
CMQALHRLTF,2,0.00896860986547
CMQHTHWPPTF,3,0.0134529147982
CMQSLQTLSWTF,3,0.0134529147982
CMQYVRAPGTF,4,0.0179372197309
CMRSVVPYTF,2,0.00896860986547
CPILNSNPSQPSGGF,2,0.00896860986547
CQAWDISHYVF,3,0.0134529147982
CQHFDSLRFTF,2,0.00896860986547
CQHGYTSLWTF,2,0.00896860986547
CQHSGTF,4,0.0179372197309
CQHYANF,4,0.0179372197309
CQHYESHLLTF,2,0.00896860986547
CQQCDHWPGTF,2,0.00896860986547
CQQEGTF,2,0.00896860986547
CQQF,2,0.00896860986547
CQQFENLYTF,2,0.00896860986547
CQQRGIPFTF,2,0.00896860986547
CQQSYTTPRTF,2,0.00896860986547
CQQYDDSVFTF,3,0.0134529147982
CQQYDTSRTF,2,0.00896860986547
CQQYGGLPFTF,9,0.0403587443946
CQQYGRLPVTF,2,0.00896860986547
CQQYHTPPYTF,2,0.00896860986547
CQQYNDWRTF,2,0.00896860986547
CQQYNRPATF,2,0.00896860986547
CQQYNTAPRTF,2,0.00896860986547
CQQYNTFFRTF,8,0.0358744394619
CQQYVGSPSTF,2,0.00896860986547
CQSYNDSPQTF,2,0.00896860986547
CQTWGPTF,5,0.0224215246637
CQYYLNSIWTF,2,0.00896860986547
CSFSVAAIKGF,4,0.0179372197309
CSSFAGSIIPF,3,0.0134529147982
CSSYAGRNTF,2,0.00896860986547
CSSYIGYYSSVF,2,0.00896860986547
CTKDRGFNF,2,0.00896860986547
CTRGYEF,2,0.00896860986547
CVFADKIAGF,3,0.0134529147982
CVSIFDQFFNF,2,0.00896860986547
