VJ,count,relative.frequency
TRBV15-TRBV15,3,0.428571428571
TRBV19-TRBJ1,1,0.142857142857
TRBV3-TRBJ1,3,0.428571428571
