CDR3,count,relative.frequency
CAISESTDEQYF,13,0.0802469135802
CAITAGQGYGYTF,4,0.0246913580247
CAKDISSNIVGTAYSNQPQHF,1,0.00617283950617
CARSVFGNIKVF,3,0.0185185185185
CASKWGSESEAFF,6,0.037037037037
CASMDMGGPYEQYF,3,0.0185185185185
CASREGQLGYTF,5,0.0308641975309
CASRGDTEAFF,2,0.0123456790123
CASRLQATYGYTF,2,0.0123456790123
CASSAHLAGGPPYEQYF,5,0.0308641975309
CASSAWTGIRDEQYF,5,0.0308641975309
CASSDRTSGDYNEQFF,2,0.0123456790123
CASSEAGETQYF,5,0.0308641975309
CASSFKRDGYEQYF,2,0.0123456790123
CASSFPGAYSTGANVLTF,3,0.0185185185185
CASSGVLAGANVLTF,3,0.0185185185185
CASSLDVGFPGANVLTF,2,0.0123456790123
CASSLEGGGTDTQYF,2,0.0123456790123
CASSLGTGGNNEQFF,2,0.0123456790123
CASSLSNTGELFF,2,0.0123456790123
CASSPPGSPEKLFF,5,0.0308641975309
CASSPRQTDTQYF,7,0.0432098765432
CASSPSGDFTDTQYF,6,0.037037037037
CASSTQGAQEQYF,2,0.0123456790123
CASSVGPLDFYEQYF,2,0.0123456790123
CASSWTGTEAFF,7,0.0432098765432
CASSYARGEKLFF,2,0.0123456790123
CASSYVSGRDNEQFF,16,0.0987654320988
CASTVHQETQYF,2,0.0123456790123
CASYAGNTIYVF,2,0.0123456790123
CATSDRDIIYGYTF,5,0.0308641975309
CATSIHRGGYTF,2,0.0123456790123
CATSTSLRNYEQYF,4,0.0246913580247
CGELFF,3,0.0185185185185
CGGREMSDTQYF,5,0.0308641975309
CGSRGCPLALEMVF,4,0.0246913580247
CPVTSVRRPFHHF,6,0.037037037037
CQHYGNSLYTF,3,0.0185185185185
CRASCITEHEKTF,3,0.0185185185185
CVSSLSGGGIYEQYF,4,0.0246913580247
