CDR3,count,relative.frequency
CLQDYNFPWTF,2,0.0512820512821
CLQGYSYPLSF,2,0.0512820512821
CLQHNTFPYTF,3,0.0769230769231
CMQALQTPYTF,6,0.153846153846
CMQALQVPWTF,3,0.0769230769231
CMQGLQTPSF,2,0.0512820512821
CQQRSNWPPITF,2,0.0512820512821
CQQYDNSPLTF,2,0.0512820512821
CQQYGSSPLTF,2,0.0512820512821
CQQYGYSPLYIF,2,0.0512820512821
CQQYNNRSTF,4,0.102564102564
CQQYNNWPPITF,3,0.0769230769231
CQRYGSSSLTF,2,0.0512820512821
CQSYYSAPSF,4,0.102564102564
