CDR3,count,relative.frequency
CAAWDCRYKKLF,2,0.0454545454545
CATPHPFPLNNYF,2,0.0454545454545
CAVTDYKLSF,2,0.0454545454545
CESASYPEGNF,6,0.136363636364
CGSFGGWAGF,2,0.0454545454545
CGSPEAF,10,0.227272727273
CISFLFFSFF,5,0.113636363636
CLLLYSYLYAANF,4,0.0909090909091
CLLLYSYLYTANF,2,0.0454545454545
CMQRLGSLITF,2,0.0454545454545
CNRSIPFTTF,2,0.0454545454545
CQQGNRLPLTF,3,0.0681818181818
CSSDAYNTACGF,2,0.0454545454545
