CDR3,count,relative.frequency
CAATPILTGGGNKLPF,2,0.0338983050847
CANQAGTALIF,2,0.0338983050847
CASGGSYIPTF,2,0.0338983050847
CCILPHAGYVRVKEWGRGF,2,0.0338983050847
CGSPHLLLPITSSSEIGGF,2,0.0338983050847
CKGSSSCGKEGNRKFTF,2,0.0338983050847
CLRDGAGDVAFIRESTVF,2,0.0338983050847
CLSLRCLKPPQLLIPPLGTF,2,0.0338983050847
CQTGANNLFF,43,0.728813559322
