CDR3,count,relative.frequency
CANYGYTF,23,0.348484848485
CSNHPQHF,2,0.030303030303
CSNQPQHF,25,0.378787878788
CSYNEQFF,2,0.030303030303
CSYNSPLHF,14,0.212121212121
