CDR3,count,relative.frequency
CANQAGTALIF,2,0.0666666666667
CASGGSYIPTF,2,0.0666666666667
CAVKGYSTLTF,2,0.0666666666667
CAVRLKGGSARQLTF,2,0.0666666666667
CGSPHLLLPITSSSEIGGF,4,0.133333333333
CQTGANNLFF,16,0.533333333333
CSLLGNTPLVF,2,0.0666666666667
