CDR3,count,relative.frequency
CANYGYTF,11,0.323529411765
CSNQPQHF,10,0.294117647059
CSYNEQFF,2,0.0588235294118
CSYNSPLHF,11,0.323529411765
