CDR3,count,relative.frequency
CLQLKGFPRTF,2,0.037037037037
CLQYYMTPESF,2,0.037037037037
CMQALQTPYTF,8,0.148148148148
CQHSYSIPITF,2,0.037037037037
CQQFGSSPWTF,5,0.0925925925926
CQQSYSGPTF,2,0.037037037037
CQQTHSSPYTF,6,0.111111111111
CQQTYTTPRTF,5,0.0925925925926
CQQYDKGPITF,2,0.037037037037
CQQYDYLPFTF,2,0.037037037037
CQQYFSTPLTF,2,0.037037037037
CQQYGNSPSF,2,0.037037037037
CQQYGSSPWTF,2,0.037037037037
CQQYNTYPPYTF,4,0.0740740740741
CQQYYGTPLTF,2,0.037037037037
CQQYYSSPLTF,2,0.037037037037
CQQYYSTPPLTF,2,0.037037037037
CTQATQFPYTF,2,0.037037037037
