CDR3,count,relative.frequency
CAAWDDSLNGVVF,4,0.153846153846
CAAWDDSLSGVVF,5,0.192307692308
CASWDASLNGWVF,2,0.0769230769231
CQSADNSGTYEVF,7,0.269230769231
CQSYDSSLGVVF,2,0.0769230769231
CSYAGYYTFVF,4,0.153846153846
CVLYMGGGISVF,2,0.0769230769231
