CDR3,count,relative.frequency
CAALPSAKKNF,2,0.046511627907
CAANSDHLNF,2,0.046511627907
CAMATTQVRGF,2,0.046511627907
CESASYPEGNF,3,0.0697674418605
CISFLFFSFF,3,0.0697674418605
CLLLCERSFGF,2,0.046511627907
CLLLLGRNLHGF,2,0.046511627907
CLLLYSYLYAANF,2,0.046511627907
CMHALEPPYTF,3,0.0697674418605
CNLVAFPQTF,3,0.0697674418605
CQHYPTF,13,0.302325581395
CVFLVRRFCCF,2,0.046511627907
CVTVSSHEPHGF,4,0.093023255814
