VJ,count,relative.frequency
TRAV10-TRAJ35,4,0.571428571429
TRAV14/DV4-TRAJ48,3,0.428571428571
