CDR3,count,relative.frequency
CANQAGTALIF,3,0.0731707317073
CDNNNDMRF,3,0.0731707317073
CQTGANNLFF,31,0.756097560976
CVCICRRQSHHHLSGESGF,2,0.0487804878049
CYTGANSKLTF,2,0.0487804878049
