VJ,count,relative.frequency
TRAV12-TRAJ56,2,0.0555555555556
TRAV26-TRAJ43,3,0.0833333333333
TRAV36/DV7-TRAJ36,31,0.861111111111
