CDR3,count,relative.frequency
CANYGYTF,15,0.357142857143
CSNQPQHF,17,0.404761904762
CSYNSPLHF,10,0.238095238095
