VJ,count,relative.frequency
TRDV1-TRDJ4,2,0.142857142857
TRDV2-TRDJ4,6,0.428571428571
TRDV3-TRDJ1,6,0.428571428571
