CDR3,count,relative.frequency
CAGNCHFEYW,2,0.0181818181818
CAKAATGYFDYW,2,0.0181818181818
CAKAGYFDYW,4,0.0363636363636
CAKDGHFDYW,4,0.0363636363636
CAKDSSLDYW,2,0.0181818181818
CAKDVWGSGWLDYW,2,0.0181818181818
CAKESAWSLDYW,5,0.0454545454545
CAKHSSLDYW,4,0.0363636363636
CAKYFSRGGDDYW,2,0.0181818181818
CARDGLWARDVW,2,0.0181818181818
CARDLGLDYW,2,0.0181818181818
CARDRGSDDPIDYW,5,0.0454545454545
CARDRGSDEPIDYW,4,0.0363636363636
CARDSYGDSDYW,5,0.0454545454545
CARDTGDAFDIW,8,0.0727272727273
CARDYDYAMDVW,2,0.0181818181818
CARGDVLDVW,2,0.0181818181818
CARGGIVPAAPDYW,2,0.0181818181818
CARGGSSTKVDYW,4,0.0363636363636
CARNPLGGFFDHW,2,0.0181818181818
CARPHDYW,14,0.127272727273
CARTTTFDIW,2,0.0181818181818
CARVTRRYFDLW,10,0.0909090909091
CATSEGAFDYW,2,0.0181818181818
CATSRNFDWFDYW,3,0.0272727272727
CHLRYGHDIDYW,2,0.0181818181818
CIREDWGRDYW,2,0.0181818181818
CSGDCHFDFW,2,0.0181818181818
CVKSDRWSVFDNW,2,0.0181818181818
CVVQAFDSW,2,0.0181818181818
CYYFYYAMDIW,4,0.0363636363636
