VJ,count,relative.frequency
IGKV1-IGKJ2,3,0.428571428571
IGKV1-IGKJ4,2,0.285714285714
IGKV3-IGKJ3,2,0.285714285714
