CDR3,count,relative.frequency
CNSRDSSGNHLF,4,0.235294117647
CQVWDSDSDHPWVF,2,0.117647058824
CQVWDSNTAEF,2,0.117647058824
CQVWDSSTVF,2,0.117647058824
CSSYTTSNTFVF,3,0.176470588235
CVLYLGSGISMF,2,0.117647058824
CYSTDNGGNHGVF,2,0.117647058824
