CDR3,count,relative.frequency
CAGREEEGTF,3,0.0434782608696
CALPGQLTF,2,0.0289855072464
CALSDGSTSATF,2,0.0289855072464
CAVGMAAGALF,2,0.0289855072464
CDSAHCGSKIF,3,0.0434782608696
CESASYPEGNF,22,0.31884057971
CGHIKDELF,2,0.0289855072464
CGMISDAGAGF,2,0.0289855072464
CILQCEKDMNF,2,0.0289855072464
CIPKYVSCLF,4,0.0579710144928
CISFLFFSFF,4,0.0579710144928
CKESCSNLVDGF,2,0.0289855072464
CQAVHVQIGDGF,2,0.0289855072464
CQQNNNWPLTF,4,0.0579710144928
CQQYHGVLHGF,2,0.0289855072464
CQQYKSWYTF,2,0.0289855072464
CSHLHLKFTF,2,0.0289855072464
CSLQALPPGF,2,0.0289855072464
CTILNYCLSTF,3,0.0434782608696
CTILRVLSSNF,2,0.0289855072464
