VJ,count,relative.frequency
TRAV23/DV6-TRAJ12,2,0.111111111111
TRAV34-TRAJ35,3,0.166666666667
TRAV36/DV7-TRAJ36,13,0.722222222222
