CDR3,count,relative.frequency
CANYGYTF,14,0.274509803922
CDFHLDPCHCVNTEAFF,2,0.0392156862745
CSNQPQHF,21,0.411764705882
CSYNSPLHF,14,0.274509803922
