CDR3,count,relative.frequency
CANQAGTALIF,3,0.0491803278689
CASGGSYIPTF,3,0.0491803278689
CAYSGAGSYQLTF,2,0.0327868852459
CGMDSSYKLIF,5,0.0819672131148
CGSPHLLLPITSSSEIGGF,6,0.0983606557377
CKGSSSCGKEGNRKFTF,2,0.0327868852459
CQTGANNLFF,38,0.622950819672
CSLFLPGLGCFFRGCFVLGF,2,0.0327868852459
