VJ,count,relative.frequency
TRAV23/DV6-TRAJ12,5,0.0980392156863
TRAV34-TRAJ35,6,0.117647058824
TRAV36/DV7-TRAJ36,38,0.745098039216
TRAV6-TRAJ35,2,0.0392156862745
