CDR3,count,relative.frequency
CANYGYTF,20,0.172413793103
CSNQPQHF,48,0.413793103448
CSYNEQFF,4,0.0344827586207
CSYNSPLHF,44,0.379310344828
