CDR3,count,relative.frequency
CANYGYTF,15,0.283018867925
CSNQPQHF,25,0.471698113208
CSYNSPLHF,13,0.245283018868
