VJ,count,relative.frequency
TRAV1-TRAJ6,2,0.0909090909091
TRAV34-TRAJ35,2,0.0909090909091
TRAV36/DV7-TRAJ36,18,0.818181818182
