CDR3,count,relative.frequency
CANYGYTF,13,0.282608695652
CSNQPQHF,18,0.391304347826
CSYNEQFF,3,0.0652173913043
CSYNSPLHF,12,0.260869565217
