CDR3,count,relative.frequency
CAGSGNPQGRDWSGFGISYSF,2,0.027027027027
CASGGSYIPTF,7,0.0945945945946
CAYSGAGSYQLTF,3,0.0405405405405
CDNNNDMRF,5,0.0675675675676
CGCENSGGSNYKLTF,8,0.108108108108
CGMDSSYKLIF,2,0.027027027027
CGSPHLLLPITSSSEIGGF,2,0.027027027027
CILKILHLTTVNRVTVPLTF,2,0.027027027027
CNLKILHLTTVNRVTVPLTF,2,0.027027027027
CQTGANNLFF,37,0.5
CVFSGGYNKLIF,2,0.027027027027
CVVTLNTGNQFYF,2,0.027027027027
