CDR3,count,relative.frequency
CANYGYPF,2,0.0322580645161
CANYGYTF,12,0.193548387097
CSNQPQHF,24,0.387096774194
CSYNSPLHF,24,0.387096774194
