CDR3,count,relative.frequency
CASGGSYIPTF,2,0.0869565217391
CAYSGAGSYQLTF,2,0.0869565217391
CGMDSSYKLIF,2,0.0869565217391
CQTGANNLFF,17,0.739130434783
