CDR3,count,relative.frequency
CANYGYTF,13,0.371428571429
CHCVNTEAFF,2,0.0571428571429
CSNQPQHF,15,0.428571428571
CSYNSPLHF,5,0.142857142857
