VJ,count,relative.frequency
TRAV34-TRAJ35,4,0.266666666667
TRAV36/DV7-TRAJ36,11,0.733333333333
