CDR3,count,relative.frequency
CANYGYTF,5,0.238095238095
CSNQPQHF,10,0.47619047619
CSYNSPLHF,6,0.285714285714
