VJ,count,relative.frequency
TRAV35-TRAJ48,4,0.093023255814
TRAV36/DV7-TRAJ36,37,0.860465116279
TRAV40-TRAJ48,2,0.046511627907
