CDR3,count,relative.frequency
CAANSDHLNF,3,0.0576923076923
CALRGQGGGNF,2,0.0384615384615
CAVGMAAGALF,2,0.0384615384615
CESASYPEGNF,21,0.403846153846
CGKDSSGF,2,0.0384615384615
CGSLWGGGGF,2,0.0384615384615
CISFLFFSFF,2,0.0384615384615
CKESVCCACF,2,0.0384615384615
CLGSAAAGF,2,0.0384615384615
CLLCSSRRAWSRF,3,0.0576923076923
CLSDVGKVKVGVNGF,3,0.0576923076923
CQEYHNNWTF,2,0.0384615384615
CSSDAYNTACGF,4,0.0769230769231
CVETNNGAGF,2,0.0384615384615
