CDR3,count,relative.frequency
CAKDDEMTIFGVVIRPFDYW,8,0.0157480314961
CAKDFIGEPGLISWAFDIW,8,0.0157480314961
CAKDFIGEPGLISWAFDVW,26,0.0511811023622
CAKDFIGVSPPLISWAFAVW,2,0.00393700787402
CAKDFIGVSPPLISWAFDAW,2,0.00393700787402
CAKDFIGVSPPLISWAFDVW,190,0.374015748031
CAKDRPLYGTNAVFDSW,13,0.0255905511811
CAKIPIHPYNHYYGMDVW,6,0.011811023622
CAKQKGGTNAFDIW,2,0.00393700787402
CARASRWDAFDLW,2,0.00393700787402
CARDLAAWDIW,2,0.00393700787402
CARDLGLYDFWITYYSNYW,2,0.00393700787402
CARDLQGHYNSGSPWGDWFGPW,4,0.00787401574803
CARDQDDHYFDYW,3,0.00590551181102
CARDRAVYGTNSYFDQW,26,0.0511811023622
CARDRDQSDYRNIYNWFDPW,3,0.00590551181102
CARDRGFLAFDIW,5,0.00984251968504
CAREDNWKYSPSLDYW,2,0.00393700787402
CARERKDSIGAIGSFDSW,10,0.0196850393701
CAREVRSIFGVLTLDYW,3,0.00590551181102
CARGAPGYTFDFW,27,0.0531496062992
CARGGGYYFDYW,18,0.0354330708661
CARGHSGSWYGAGAAFDIW,4,0.00787401574803
CARHLITVIRGSPTRFDPW,13,0.0255905511811
CARHYDTDPFDYW,12,0.0236220472441
CARIRGAVYDVLTGLDYW,6,0.011811023622
CARLKDGDYGDAFDLW,19,0.0374015748031
CARNVSSGASWFDPW,16,0.0314960629921
CARRLDDGWVAFDIW,2,0.00393700787402
CARRTLKSGLTPWDALDLW,2,0.00393700787402
CARVGSPFSDSHHYYPYW,2,0.00393700787402
CARVTNSATYYYFAMDVW,4,0.00787401574803
CATDHGDYYAFDIW,3,0.00590551181102
CATDLWDNWSPGGAQTLNWFGPW,3,0.00590551181102
CATGISGGFDYW,2,0.00393700787402
CATSAGTWLRSPFDYW,3,0.00590551181102
CATSRVFDYW,4,0.00787401574803
CLGVSAGGRGGGGYSYDSWFDPW,2,0.00393700787402
CLSLPSSWDYW,2,0.00393700787402
CQQCYSALSF,3,0.00590551181102
CQSYDTRVF,2,0.00393700787402
CTTDNGDSYGYGVFDIW,4,0.00787401574803
CTTHSGMRSFDYW,2,0.00393700787402
CTTYGYGGGFFFWGEFKFWFFSW,3,0.00590551181102
CVCGITSRPIGFEAYAMDVW,9,0.0177165354331
CVKQKGGTSVFDIW,2,0.00393700787402
CVRASDMVIDYW,2,0.00393700787402
CVRDLVGYAAYW,18,0.0354330708661
