CDR3,count,relative.frequency
CAAWDDSLRRWVF,7,0.0514705882353
CAAWDDSLSGLVF,34,0.25
CAAWDDSLSGLVFGGWFCWGF,3,0.0220588235294
CAAWDDSVNGHYVF,3,0.0220588235294
CATWDSSLSGVVF,8,0.0588235294118
CCSYAGSHTWGF,3,0.0220588235294
CETWDSNSWGF,6,0.0441176470588
CETWDSNSWGGGSVLAFF,1,0.00735294117647
CETWDSNSWVF,10,0.0735294117647
CETWDSNTWVF,2,0.0147058823529
CGTWDASLSAAVF,18,0.132352941176
CLLAYSGARVF,4,0.0294117647059
CMIWHNRASVF,2,0.0147058823529
CQAWDSNTGVF,2,0.0147058823529
CQGWDTSSDHWVF,6,0.0441176470588
CQSYHSSSVLF,4,0.0294117647059
CQTWNTGNVIF,2,0.0147058823529
CQTWTTGNGVF,2,0.0147058823529
CQVWDSNTDHRVF,2,0.0147058823529
CSSADSSGDYQVF,2,0.0147058823529
CSSNAGSNPFVVF,2,0.0147058823529
CSSYTSASTRVF,2,0.0147058823529
CSSYTSSSTLVVF,3,0.0220588235294
CSSYTTRSTLVF,3,0.0220588235294
CSSYTTSGTLVF,2,0.0147058823529
CTPPRLANFCIF,3,0.0220588235294
