CDR3,count,relative.frequency
CAAAFDIW,2,0.0178571428571
CAGDCHSDYW,2,0.0178571428571
CAKGPNRFDNW,2,0.0178571428571
CAMDVW,4,0.0357142857143
CARDGPYFYGFDVW,2,0.0178571428571
CARDPGFRFDYW,2,0.0178571428571
CARDSRRFYFDYW,4,0.0357142857143
CARDYW,4,0.0357142857143
CAREAPNTLWFDPW,4,0.0357142857143
CARFPPEGFDYW,2,0.0178571428571
CARGDVDYW,2,0.0178571428571
CARGGINDHLDVW,2,0.0178571428571
CARGRYFDYVW,2,0.0178571428571
CARGVMVPFQYW,33,0.294642857143
CARGVTVPFQYW,11,0.0982142857143
CARILGATASDYW,3,0.0267857142857
CARLAHFDKYFDYW,4,0.0357142857143
CARMGANWFGPW,2,0.0178571428571
CATHPWKVSKIDYW,2,0.0178571428571
CAVDYRDLGSLDYW,2,0.0178571428571
CAVLIDYW,2,0.0178571428571
CGRDYAYYW,8,0.0714285714286
CTLGWFDTW,2,0.0178571428571
CVKVFSGSYDYW,5,0.0446428571429
CW,4,0.0357142857143
