CDR3,count,relative.frequency
CCSYAGNTLIF,3,0.230769230769
CFSKTFKWIF,4,0.307692307692
CQLYGTTPLIF,2,0.153846153846
CTSHAGIKNLIF,2,0.153846153846
CTSYGGSNDLIF,2,0.153846153846
