CDR3,count,relative.frequency
CAVQQGGSEKLVF,2,0.0357142857143
CGMDSSYKLIF,3,0.0535714285714
CGSPHLLLPITSSSEIGGF,8,0.142857142857
CIPSHSIQFHSVPFHSITF,2,0.0357142857143
CQTGANNLFF,39,0.696428571429
CQTGANTLFF,2,0.0357142857143
