CDR3,count,relative.frequency
CAFDIW,5,0.0179856115108
CAFNWGNGYFDLW,12,0.0431654676259
CAGDYVGNWFDFW,2,0.00719424460432
CAIGVADHFDFW,2,0.00719424460432
CARALDYW,2,0.00719424460432
CARDAGGSYFDYW,2,0.00719424460432
CARDPAAWDYW,19,0.068345323741
CARDRGSSAIDYW,5,0.0179856115108
CARDRSGFSSYFDYW,2,0.00719424460432
CARDTVAYAFDIW,2,0.00719424460432
CARDWGELPDYW,2,0.00719424460432
CAREAYGDYYFDSW,2,0.00719424460432
CAREGPFDYW,5,0.0179856115108
CARESWWYFDYW,5,0.0179856115108
CARFYNLDYW,2,0.00719424460432
CARGGAYRGFDSW,2,0.00719424460432
CARGIADDYW,16,0.0575539568345
CARGLSGPPGFDYW,2,0.00719424460432
CARGLWTGTTFDYW,3,0.0107913669065
CARGTGSYYFTDW,3,0.0107913669065
CARGWVADAFHIW,2,0.00719424460432
CARHPGSGFDSW,2,0.00719424460432
CARIFDSW,7,0.0251798561151
CARLDSSGFDYW,28,0.10071942446
CARPLSPLNYFDFW,2,0.00719424460432
CARQGGDNAFDIW,2,0.00719424460432
CARQPDRDDAFDMW,2,0.00719424460432
CARRFDSW,6,0.0215827338129
CARRGDDPGDYW,3,0.0107913669065
CARRMATTTHYFDYW,2,0.00719424460432
CARRTGYRYDYW,3,0.0107913669065
CARSTGSADYW,2,0.00719424460432
CARSYGLFDYW,4,0.0143884892086
CARTSGDSGFDSW,4,0.0143884892086
CARTSGDSGFDYW,2,0.00719424460432
CARVGDGWYGDYW,5,0.0179856115108
CARVGRSGYYAYW,2,0.00719424460432
CARYGSGYFDIW,2,0.00719424460432
CATQNFDYW,7,0.0251798561151
CSDTACGWFDSW,4,0.0143884892086
CSDTSCGWLDPW,3,0.0107913669065
CSGASCYPFDYW,3,0.0107913669065
CSGGSCYFDSW,2,0.00719424460432
CSGLNCYFQYW,2,0.00719424460432
CSLDAFDIW,2,0.00719424460432
CSNSLDYW,4,0.0143884892086
CSRGVCNWFFDVW,2,0.00719424460432
CTGETYYFDYW,2,0.00719424460432
CTHEPNWFDPW,2,0.00719424460432
CTKDSSSWYHDYW,4,0.0143884892086
CTRADPGYFDYW,4,0.0143884892086
CTREERHDTLDVW,5,0.0179856115108
CTRTTCPFDPW,6,0.0215827338129
CTTTPCRDSFDIW,2,0.00719424460432
CTTTTCRDSFDIW,32,0.115107913669
CTTTTCRDSFDVW,2,0.00719424460432
CVRDRSHWFDPW,2,0.00719424460432
CVRGIGGYYFTNW,2,0.00719424460432
CVRGLGSPNWYDSW,2,0.00719424460432
CYAVYYYGMDVW,2,0.00719424460432
CYCYFDHW,2,0.00719424460432
CYLKDKHYFDSW,2,0.00719424460432
CYYMDVW,3,0.0107913669065
