CDR3,count,relative.frequency
CMQALQSPTF,4,0.0519480519481
CMQALQTPMYTF,2,0.025974025974
CMQALQTPNTF,2,0.025974025974
CMQALQTPRTF,3,0.038961038961
CMQGTHWPPRWSF,2,0.025974025974
CMQRIDFPYTF,2,0.025974025974
CMQRLEFPFVF,2,0.025974025974
CQHYGSSPFYTF,2,0.025974025974
CQHYYSPPRTF,2,0.025974025974
CQQADSFPLTF,3,0.038961038961
CQQANFFPSF,2,0.025974025974
CQQANSFPFTF,3,0.038961038961
CQQFNSFLFTF,2,0.025974025974
CQQGYSIPYTF,2,0.025974025974
CQQSYSPPFTF,2,0.025974025974
CQQSYSSPMCSF,2,0.025974025974
CQQSYSTPPTF,2,0.025974025974
CQQSYSTPRTF,2,0.025974025974
CQQSYSTPYTF,4,0.0519480519481
CQQTYNLPCSF,2,0.025974025974
CQQTYNTPCSF,2,0.025974025974
CQQYDNWPYTF,5,0.0649350649351
CQQYENLPITF,2,0.025974025974
CQQYFITPQTF,2,0.025974025974
CQQYGSAPYTF,2,0.025974025974
CQQYGSSHYTF,3,0.038961038961
CQQYNGLSETF,2,0.025974025974
CQQYSNWPRSF,2,0.025974025974
CQQYYSAPCSF,2,0.025974025974
CQQYYTAPRTF,2,0.025974025974
CQQYYTTPLTF,2,0.025974025974
CQTYNSAPFTF,2,0.025974025974
CRQYGGSPCTF,2,0.025974025974
