CDR3,count,relative.frequency
CAAWDDSLNGVVF,4,0.210526315789
CQAWDSSTVVF,2,0.105263157895
CQSYDSSLIGSVF,5,0.263157894737
CQSYDSSNVVF,2,0.105263157895
CQSYDVSFEVF,2,0.105263157895
CSSYAGSNRKVF,2,0.105263157895
CSYAGSSTWVF,2,0.105263157895
