CDR3,count,relative.frequency
CALRGQGGGNF,2,0.00515463917526
CESASYPDGNF,2,0.00515463917526
CESASYPEGNF,362,0.932989690722
CGSASYPEGNF,2,0.00515463917526
CHQYATPFTF,2,0.00515463917526
CISFLFFSFF,6,0.0154639175258
CKSASYPEGNF,2,0.00515463917526
CQQYATVPFTF,2,0.00515463917526
CQQYGISPRTF,2,0.00515463917526
CVYCGDNWSENF,6,0.0154639175258
