CDR3,count,relative.frequency
CAHRRSSYGYGWFDPW,12,0.0233009708738
CARAWAAGYYFDYW,3,0.00582524271845
CARDDQTYSWSNVPPAFDIW,6,0.0116504854369
CARDFWRGAPDYLDLW,4,0.00776699029126
CARDFYETSGHWYDVFDIW,3,0.00582524271845
CARDGDYGDYDFDYW,4,0.00776699029126
CARDGGWGRSWYFDLW,2,0.00388349514563
CARDGLTGSLNDAFDIW,2,0.00388349514563
CARDLFVTPGDYYYYGMDVW,3,0.00582524271845
CARDLLVTPGDYYYYGMDVW,119,0.231067961165
CARDLWGQQLLGWFDPW,21,0.0407766990291
CARDLYGGDRPYYFDYW,23,0.0446601941748
CARDPRDDSSFFDYW,44,0.0854368932039
CARDRLVVARYYYAMDVW,6,0.0116504854369
CARDSDYGDYYFDFW,2,0.00388349514563
CARDSRVITLPQKNEFDPW,6,0.0116504854369
CARENWGSRHFDYW,18,0.0349514563107
CAREPTPFGPQLDAFDIW,12,0.0233009708738
CARFNVAVTGGLDYW,2,0.00388349514563
CARGDYGDYVEAFDIW,42,0.0815533980583
CARGILTGYSDYW,9,0.0174757281553
CARGLVGREYYYDSSDPGVPFDYW,2,0.00388349514563
CARGPAYGARTDYFDFW,3,0.00582524271845
CARGPAYGSRTDYFDFW,2,0.00388349514563
CARGPDYGSRTDYFDYW,19,0.0368932038835
CARGTDGYRWFDPW,2,0.00388349514563
CARHARLFPLGWFDPW,3,0.00582524271845
CARHLPHVEDAFDIW,13,0.0252427184466
CARHMPVPGTRGFDHW,4,0.00776699029126
CARIRTTDYFDYW,7,0.0135922330097
CARNILSRGYDLVPYFDYW,23,0.0446601941748
CARRLHPGPGYYFDYW,21,0.0407766990291
CARSLKGVHDYW,56,0.108737864078
CARTRTTTYHYDSSGYYPFDYW,3,0.00582524271845
CARYCSSTSCYEPWYFDLW,5,0.00970873786408
CLSFSYLYLYFDSSAPGVPFDYW,4,0.00776699029126
CSRRLDGAVDIW,3,0.00582524271845
CTKGGQGGNFDYW,2,0.00388349514563
