CDR3,count,relative.frequency
CHQYYDTPYTF,2,0.00194931773879
CLQDYNYVWTF,2,0.00194931773879
CLQHNSPWTF,115,0.112085769981
CLQHNSYLPLTF,4,0.00389863547758
CMQALQTPYTF,30,0.0292397660819
CMQARQNPYTF,5,0.00487329434698
CMQARQTPYTF,16,0.0155945419103
CMQATQFPITF,2,0.00194931773879
CMQATQFPYTF,4,0.00389863547758
CMQGLQTPLTF,19,0.0185185185185
CMQRIEFPWTF,35,0.0341130604288
CQHYDSSPRYSF,49,0.0477582846004
CQHYNNYPYSF,3,0.00292397660819
CQHYNSHSRAF,2,0.00194931773879
CQQANSFPITF,5,0.00487329434698
CQQFDNLPYTF,4,0.00389863547758
CQQFHSYPLTF,17,0.0165692007797
CQQRSNWKLTF,3,0.00292397660819
CQQRSNWPGGYTF,3,0.00292397660819
CQQRSNWPRLTF,15,0.0146198830409
CQQRTDWPPWTF,12,0.0116959064327
CQQRTNWPPLTF,12,0.0116959064327
CQQSYRTPWTF,23,0.0224171539961
CQQSYSSPYTF,2,0.00194931773879
CQQSYSTLFTF,15,0.0146198830409
CQQSYSTLWTF,15,0.0146198830409
CQQSYSTPWTF,13,0.0126705653021
CQQSYSTPYTF,2,0.00194931773879
CQQSYWIPYTF,2,0.00194931773879
CQQTNSLPFTF,5,0.00487329434698
CQQVNRYPPTF,2,0.00194931773879
CQQYASSPFTF,2,0.00194931773879
CQQYDNLPYTF,103,0.100389863548
CQQYDSSPRYTF,4,0.00389863547758
CQQYDYLPYTF,4,0.00389863547758
CQQYGAPLTF,2,0.00194931773879
CQQYGRSPLTF,3,0.00292397660819
CQQYGSFPWTF,3,0.00292397660819
CQQYGSLPLTF,3,0.00292397660819
CQQYGSSPLTF,363,0.353801169591
CQQYGSSPPMYTF,2,0.00194931773879
CQQYGSSPPYTF,12,0.0116959064327
CQQYGSSPQYTF,2,0.00194931773879
CQQYGSSPRTF,4,0.00389863547758
CQQYGSSPTTF,2,0.00194931773879
CQQYGSSPYTF,2,0.00194931773879
CQQYGSSSYTF,4,0.00389863547758
CQQYNNWPLTF,2,0.00194931773879
CQQYNSFPYTF,2,0.00194931773879
CQQYNSYSGTF,2,0.00194931773879
CQQYNSYSTF,2,0.00194931773879
CQQYNTYPFTF,2,0.00194931773879
CQQYNTYPWTF,4,0.00389863547758
CQQYSGFPLTF,2,0.00194931773879
CQQYSSYPWTF,6,0.00584795321637
CQQYYSTPLTF,4,0.00389863547758
CQQYYSTPYTF,47,0.0458089668616
