CDR3,count,relative.frequency
CAAWDDNLSGPVF,40,0.0743494423792
CAAWDDSLNGVVF,2,0.00371747211896
CAAWDDSLSGPVF,59,0.109665427509
CCSYAGSSTLIF,23,0.042750929368
CETWDSNTQVF,2,0.00371747211896
CETWDSNTVVF,3,0.00557620817844
CGFFFFFFFFFFF,3,0.00557620817844
CGFFFFFFFFFFFF,1,0.00185873605948
CIAAVKMEGPLSVF,2,0.00371747211896
CLSADSSGSYGVIF,3,0.00557620817844
CNSRDSSGNHLGVF,16,0.0297397769517
CNSRDSSGNHYVIF,4,0.00743494423792
CQAWDGSTAVF,2,0.00371747211896
CQAWDSSTVVF,92,0.171003717472
CQSLGLAPGF,2,0.00371747211896
CQSYDSGLSASVF,5,0.0092936802974
CQSYDSNNHIF,5,0.0092936802974
CQSYDSSLSGRVF,9,0.0167286245353
CQSYDSSLSGSSVVF,4,0.00743494423792
CQTWDTGIQVF,4,0.00743494423792
CQTWGPGIRVF,16,0.0297397769517
CQVWDSDSAHVVF,5,0.0092936802974
CQVWDSNSDHPVF,32,0.0594795539033
CQVWDSNTPWVF,8,0.0148698884758
CQVWDSSCPWVF,2,0.00371747211896
CQVWDSSSDHPVF,21,0.0390334572491
CQVWDSSSPWVF,19,0.0353159851301
CSSRDSSGRHLLF,4,0.00743494423792
CSSYAGSNNYVF,118,0.219330855019
CSSYAGSNTLVF,5,0.0092936802974
CSSYSSIHNLLF,4,0.00743494423792
CSSYTSSGSLVVF,4,0.00743494423792
CSSYTSSSILYVF,13,0.0241635687732
CSYAGSSTLIF,3,0.00557620817844
CYSTDISGYHWVF,3,0.00557620817844
