CDR3,count,relative.frequency
CAITGDITYEQYF,2,0.0212765957447
CASRDPIAGSNQPQHF,6,0.063829787234
CASRKQGAPYGYTF,2,0.0212765957447
CASSADFYNEQFF,7,0.0744680851064
CASSDRDRGVGYTF,4,0.0425531914894
CASSESGYNTEAFF,4,0.0425531914894
CASSFDLYGYTF,2,0.0212765957447
CASSFSAYEQYF,2,0.0212765957447
CASSGNTEAFF,3,0.031914893617
CASSGRAAYNEQFF,3,0.031914893617
CASSHRGTQETQYF,5,0.0531914893617
CASSLETGELFF,4,0.0425531914894
CASSLSLGRSQETQYF,2,0.0212765957447
CASSLTGDEQYF,4,0.0425531914894
CASSPRLRDTQYF,2,0.0212765957447
CASSPVGLLTQYF,2,0.0212765957447
CASSQDRIGTDTQYF,11,0.117021276596
CASSSPYEQYF,2,0.0212765957447
CASSSTGTSTYEQYF,3,0.031914893617
CASSTGTATEAFF,2,0.0212765957447
CASSYWGRYTEAFF,2,0.0212765957447
CATSSVQGVPYEQYF,2,0.0212765957447
CSALPGGGTEAFF,3,0.031914893617
CSARDVGGEGTQYF,2,0.0212765957447
CSASNGGGEKLFF,2,0.0212765957447
CSIFKDCFAPFPSVF,3,0.031914893617
CSLFSYFALSGQPQHF,2,0.0212765957447
CSVRTSGTQYF,2,0.0212765957447
CTSVPSVSTCLRTSGREPSYNEQFF,2,0.0212765957447
CVSVYLEHSDEQAVILFQNFVYTF,2,0.0212765957447
