CDR3,count,relative.frequency
CAFDSRSLTYLFIQQF,4,0.0655737704918
CALPIMVSSLRVHQSQELGF,2,0.0327868852459
CALPISSEKSKYPLADSTESVF,2,0.0327868852459
CANQAGTALIF,2,0.0327868852459
CGCENSGGSNYKLTF,2,0.0327868852459
CGMDSSYKLIF,5,0.0819672131148
CIPFHSIPFHSVAFHSITF,4,0.0655737704918
CIPFHSIQFHSVPFHSITF,2,0.0327868852459
CIPSHSIPFHSVVFHSITF,2,0.0327868852459
CIPSHSIQFHSVPFHSITF,5,0.0819672131148
CQTGANNLFF,20,0.327868852459
CTAPCVTEGDTAERKEWNGMEGF,2,0.0327868852459
CTVYYKCLVTFMFYVQYIIHIF,3,0.0491803278689
CVVMVVVVMVVVCGDGGGDGGF,2,0.0327868852459
CVVQTNAGKSTF,2,0.0327868852459
CWMDSSYKLIF,2,0.0327868852459
