CDR3,count,relative.frequency
CANYGYTF,9,0.214285714286
CSNQPQHF,25,0.595238095238
CSYNEQFF,2,0.047619047619
CSYNSPLHF,6,0.142857142857
