CDR3,count,relative.frequency
CAFDSRSLTYLFIQQF,2,0.0277777777778
CAFNSHSLTFLSIEEF,2,0.0277777777778
CAFNSQSSTCLMMEQF,3,0.0416666666667
CAGGGF,2,0.0277777777778
CALPIYKLLLTQISSNLLGTNF,2,0.0277777777778
CASGGSYIPTF,3,0.0416666666667
CAYSGAGSYQLTF,3,0.0416666666667
CDNNNDMRF,2,0.0277777777778
CGAHCTVTRQSSLLSATSLSF,2,0.0277777777778
CGMDSSYKLIF,2,0.0277777777778
CGSPHLLLPITSSSEIGGF,2,0.0277777777778
CHSLFFCCSLAGYKHPESKNCF,2,0.0277777777778
CLLFHSIPFHSVAFHSITF,2,0.0277777777778
CLSLLSSWDYRCPPPRLANF,2,0.0277777777778
CQTGANNLFF,28,0.388888888889
CSAMCAFNTQSLTFLFIQQF,2,0.0277777777778
CSAMCPFNSQSLTFLFIQQF,2,0.0277777777778
CTVYLTKELGDTETVGLSF,2,0.0277777777778
CTVYYKCLVTFIFYVQYIIHIF,2,0.0277777777778
CTVYYKCLVTFMFYVQYIIHIF,3,0.0416666666667
CVFSSQSLTFLLMEQF,2,0.0277777777778
