CDR3,count,relative.frequency
CANYGYTF,11,0.177419354839
CSNQPQHF,27,0.435483870968
CSYNEQFF,3,0.0483870967742
CSYNSPLHF,21,0.338709677419
