CDR3,count,relative.frequency
CANYGYTF,14,0.333333333333
CSNQPQHF,13,0.309523809524
CSYNEQFF,2,0.047619047619
CSYNSPLHF,13,0.309523809524
