CDR3,count,relative.frequency
CHQYGSSPITF,2,0.018691588785
CLQHNDYPRTF,2,0.018691588785
CMQALETLITF,2,0.018691588785
CMQALHAPPPTF,2,0.018691588785
CMQALHTYTF,4,0.0373831775701
CMQALQTRTF,3,0.0280373831776
CMQGLQTPRTF,2,0.018691588785
CMQGTHWPRTF,8,0.0747663551402
CMQSLQTFTF,2,0.018691588785
CQQASSFPITF,2,0.018691588785
CQQFNSYPPVTF,6,0.0560747663551
CQQHGSSPIFTF,2,0.018691588785
CQQRSNWPPFTF,3,0.0280373831776
CQQSHNTPWTF,2,0.018691588785
CQQSYGTPYTF,2,0.018691588785
CQQSYSMPVTF,3,0.0280373831776
CQQSYSPPITF,2,0.018691588785
CQQSYSTPITF,2,0.018691588785
CQQSYSTPLTF,11,0.102803738318
CQQSYSTPPITF,2,0.018691588785
CQQSYSTPVTF,4,0.0373831775701
CQQYDNLFPLTF,4,0.0373831775701
CQQYDSLPPTF,4,0.0373831775701
CQQYGGSPEYTF,2,0.018691588785
CQQYGSLPLTF,2,0.018691588785
CQQYGSSLGLTF,2,0.018691588785
CQQYHHWPLTF,2,0.018691588785
CQQYISYPLTF,2,0.018691588785
CQQYNGNPSF,2,0.018691588785
CQQYNNWPPWTF,4,0.0373831775701
CQQYNNYPYTF,2,0.018691588785
CQQYNSYPRTF,4,0.0373831775701
CQQYYNLPLTF,2,0.018691588785
CQQYYNTQYTF,3,0.0280373831776
CQQYYSSLRTF,2,0.018691588785
CQQYYSSPLTF,2,0.018691588785
