CDR3,count,relative.frequency
CLLSYSGARPVVF,3,0.166666666667
CLLYYGNTQVF,2,0.111111111111
CNSRDSSGDHSVVF,2,0.111111111111
CQAWDSSFVVF,3,0.166666666667
CQSYDTRLSGWVF,2,0.111111111111
CSSYTSSHTVVF,2,0.111111111111
CSSYTTSSTFVF,2,0.111111111111
CSSYTTSSTRVF,2,0.111111111111
