CDR3,count,relative.frequency
CAANSDHLNF,2,0.00278940027894
CAARVAFSEALVF,3,0.00418410041841
CDSAHCGSKIF,2,0.00278940027894
CESASCPEGNF,2,0.00278940027894
CESASYLEGNF,2,0.00278940027894
CESASYPEGNF,668,0.931659693166
CHQYERSPTF,6,0.00836820083682
CINPKILNF,2,0.00278940027894
CKESVCCACF,3,0.00418410041841
CKLLQQSHLFPGF,3,0.00418410041841
CLLLLCWFAGFLGF,4,0.00557880055788
CLLSPFWIIGYGF,3,0.00418410041841
CMHGTDGPYTF,2,0.00278940027894
CQQFYDSPLTF,2,0.00278940027894
CQQYYTNILTF,2,0.00278940027894
CSAYANIVTFVF,3,0.00418410041841
CSSDAYNTACGF,2,0.00278940027894
CTILRVLSSNF,4,0.00557880055788
CVSATLKHSFAPGF,2,0.00278940027894
