CDR3,count,relative.frequency
CANYGYTF,6,0.146341463415
CSNQPQHF,23,0.560975609756
CSYNSPLHF,12,0.292682926829
