VJ,count,relative.frequency
TRAV30-TRAJ53,2,0.0714285714286
TRAV34-TRAJ35,3,0.107142857143
TRAV36/DV7-TRAJ36,23,0.821428571429
