CDR3,count,relative.frequency
CANYGYTF,12,0.363636363636
CSNQPQHF,15,0.454545454545
CSYNSPLHF,6,0.181818181818
