CDR3,count,relative.frequency
CANYGYTF,21,0.368421052632
CSNQPQHF,12,0.210526315789
CSYNEQFF,2,0.0350877192982
CSYNSPLHF,22,0.385964912281
