VJ,count,relative.frequency
TRAV36/DV7-TRAJ36,10,0.769230769231
TRAV38-TRAJ35,3,0.230769230769
