CDR3,count,relative.frequency
CANYGYTF,9,0.236842105263
CSNQPQHF,17,0.447368421053
CSYNEQFF,2,0.0526315789474
CSYNSPLHF,10,0.263157894737
