CDR3,count,relative.frequency
CAANSDHLNF,5,0.0602409638554
CAANSDHLNFGLF,3,0.0361445783133
CAARVAFSEALVF,3,0.0361445783133
CAATVDFQARF,2,0.0240963855422
CAEQASVSVGKNF,5,0.0602409638554
CAVGMAAGALF,2,0.0240963855422
CDSLFCPVHTF,2,0.0240963855422
CESASYPEGNF,12,0.144578313253
CGSPEAF,8,0.0963855421687
CHLTLLLNLSRDPGF,2,0.0240963855422
CHYHHLSHF,2,0.0240963855422
CKLLQQSHLFPGF,2,0.0240963855422
CLCAGSGVVF,5,0.0602409638554
CLLPPAAVGF,2,0.0240963855422
CLLSQVMHCTF,2,0.0240963855422
CNGSVNFTVLF,4,0.0481927710843
CPADRLTTPF,3,0.0361445783133
CPSIPPDDRF,2,0.0240963855422
CSFFLATLLGF,5,0.0602409638554
CSSDAYNTACGF,5,0.0602409638554
CVFLVRRFCCF,3,0.0361445783133
CVYCGDNWSENF,4,0.0481927710843
