VJ,count,relative.frequency
TRAV27-TRAJ35,2,0.0253164556962
TRAV35-TRAJ48,49,0.620253164557
TRAV36/DV7-TRAJ36,24,0.303797468354
TRAV38-TRAJ35,2,0.0253164556962
TRAV8-TRAJ48,2,0.0253164556962
