VJ,count,relative.frequency
TRAV35-TRAJ35,2,0.0344827586207
TRAV35-TRAJ48,8,0.137931034483
TRAV36/DV7-TRAJ36,48,0.827586206897
