CDR3,count,relative.frequency
CAAWDDRLSGWVF,6,0.0151133501259
CAAWDDSLNGWVF,11,0.0277078085642
CAAWDDSLRGWVF,5,0.0125944584383
CAAWDDSLSGWVF,30,0.0755667506297
CAAWDDSLSVLF,121,0.304785894207
CGTWDSSLSAMVF,2,0.00503778337531
CGTWDSSLSAVVF,10,0.0251889168766
CNSRDSSANHLGVVF,5,0.0125944584383
CNSRDSSDNHLGVVF,2,0.00503778337531
CQAWDSSTVVF,2,0.00503778337531
CQSADSSNTYVVF,2,0.00503778337531
CQSYDASNHVVF,3,0.00755667506297
CQSYDRFNHVVF,2,0.00503778337531
CQSYDSFNHVVF,24,0.0604534005038
CQSYDSFNQVVF,2,0.00503778337531
CQSYDSGLSGVVF,13,0.0327455919395
CQSYDSSLSGLYVF,13,0.0327455919395
CQSYDSSLSVLF,3,0.00755667506297
CQSYDSSLSVVF,112,0.282115869018
CQSYDSSLTGLYVF,10,0.0251889168766
CQSYDSSNHVVF,6,0.0151133501259
CQTWDSSTAFF,2,0.00503778337531
CSSYTSSSTFVVF,4,0.0100755667506
CSSYTSSSTVF,5,0.0125944584383
CSYAGSYTVKF,2,0.00503778337531
