VJ,count,relative.frequency
TRAV1-TRAJ35,2,0.0571428571429
TRAV14/DV4-TRAJ48,2,0.0571428571429
TRAV26-TRAJ35,3,0.0857142857143
TRAV26-TRAJ48,9,0.257142857143
TRAV30-TRAJ35,5,0.142857142857
TRAV40-TRAJ48,4,0.114285714286
TRAV8-TRAJ35,10,0.285714285714
