CDR3,count,relative.frequency
CAAWDVSLGRVF,4,0.039603960396
CESASYPEGNF,14,0.138613861386
CGMISDAGAGF,2,0.019801980198
CGTGRGQALGF,3,0.029702970297
CGTRSVSNVFGF,2,0.019801980198
CISYTSSSLRVF,4,0.039603960396
CKLLQQSHLFPGF,2,0.019801980198
CLLLLYIYFSKLF,2,0.019801980198
CLLSHLIFLTFRF,2,0.019801980198
CLLSLDCSNF,2,0.019801980198
CNLVAFSPTF,2,0.019801980198
CQQANSLLTF,14,0.138613861386
CQQYFNFFPTF,5,0.049504950495
CQQYSTYSTF,24,0.237623762376
CSFSIKVIVGVF,2,0.019801980198
CSRKPVARSTGF,2,0.019801980198
CSSDAYNTACGF,5,0.049504950495
CTAVVLGLPFGF,3,0.029702970297
CTSAVAHLLPGF,2,0.019801980198
CVETNNGAGF,3,0.029702970297
CVMQMCPGF,2,0.019801980198
