CDR3,count,relative.frequency
CAILNSGGFDPW,3,0.0223880597015
CAKGGAAGWPFDLW,2,0.0149253731343
CAKVTAHDIW,2,0.0149253731343
CALNPDYFDFW,2,0.0149253731343
CARAAGAQYFDSW,9,0.0671641791045
CARAPYGRYFDYW,2,0.0149253731343
CAREGGMGSLDYW,2,0.0149253731343
CARESSWSFDYW,2,0.0149253731343
CAREVWSDSRYFDQW,2,0.0149253731343
CARGAGAYFDYW,3,0.0223880597015
CARRGEYGDFDYW,2,0.0149253731343
CARSDDLYSAFDIW,3,0.0223880597015
CARSIRFDHW,3,0.0223880597015
CARVSDQDSFDIW,2,0.0149253731343
CATILGGSYDYW,3,0.0223880597015
CATYSNNQFDFW,2,0.0149253731343
CLQAFDTW,8,0.0597014925373
CLRDFDFW,3,0.0223880597015
CPIEAFDYW,2,0.0149253731343
CSRDPDYW,5,0.0373134328358
CSSGRCYSAFDFW,2,0.0149253731343
CTGQTSSCHDYW,2,0.0149253731343
CTNVFDMW,2,0.0149253731343
CTRDSSDGMDVW,4,0.0298507462687
CTRFWSAFDFW,2,0.0149253731343
CTRGGYVPYW,7,0.0522388059701
CTSLVGAAFDNW,6,0.044776119403
CTTDFGGNSYDYW,35,0.261194029851
CTTEYLAAGHFDYW,2,0.0149253731343
CVRDRVSHWFDPW,4,0.0298507462687
CVSSSSTTFDYW,6,0.044776119403
