CDR3,count,relative.frequency
CANQAGTALIF,2,0.0384615384615
CASGGSYIPTF,10,0.192307692308
CDNNNDMRF,3,0.0576923076923
CGCENRGGSNYKLTF,2,0.0384615384615
CGMDSSYKLIF,3,0.0576923076923
CQTGANNLFF,32,0.615384615385
