CDR3,count,relative.frequency
CANYGYTF,19,0.463414634146
CSNQPQHF,12,0.292682926829
CSYNSPLHF,10,0.243902439024
