CDR3,count,relative.frequency
CAKDNRLHWFDYW,18,0.089552238806
CALYRDNW,2,0.00995024875622
CARDAFDFW,4,0.0199004975124
CARDDGDNAFDIW,5,0.0248756218905
CARDHDGAGDVW,2,0.00995024875622
CARDRDRLFDYW,2,0.00995024875622
CARDVPFGYW,3,0.0149253731343
CAREGGRLVDYW,2,0.00995024875622
CARENRGGVFDYW,10,0.0497512437811
CARGPSPSFDYW,6,0.0298507462687
CARGPTGNSPFDYW,3,0.0149253731343
CARGVRGDFDIW,2,0.00995024875622
CARGYYDPFFDHW,2,0.00995024875622
CARLWFGDLNFDYW,2,0.00995024875622
CARRDYGDSW,5,0.0248756218905
CARRGNYRDYW,7,0.0348258706468
CARWARRTYFDPW,3,0.0149253731343
CASQSFDYW,7,0.0348258706468
CATHYNFWDYFDYW,12,0.0597014925373
CATKTGTPGYFQHW,2,0.00995024875622
CSGGSCYSAFDYW,7,0.0348258706468
CSRGIDYW,2,0.00995024875622
CSRTSCHFDFW,14,0.0696517412935
CTRGGYTRFDYW,4,0.0199004975124
CTRGSGRFEYW,17,0.0845771144279
CTRVGFDYW,21,0.10447761194
CTTMATGRFEYW,4,0.0199004975124
CVGESEAFDIW,15,0.0746268656716
CVKDRGGYFDYW,7,0.0348258706468
CVRDGANDFEYW,2,0.00995024875622
CVRDGTHFDLW,2,0.00995024875622
CYTEAVWFDSW,7,0.0348258706468
