CDR3,count,relative.frequency
CAANSDHLNF,2,0.00290275761974
CAASGFTFSNF,11,0.0159651669086
CAKDIGVGF,8,0.011611030479
CAQALQSLTF,2,0.00290275761974
CARATAGGF,6,0.00870827285922
CARDETAGF,2,0.00290275761974
CAREFMITF,2,0.00290275761974
CAREVSLRLTTF,10,0.0145137880987
CARGANF,2,0.00290275761974
CARNTF,3,0.00435413642961
CARSPLHTF,17,0.0246734397678
CATWDDNVRGYVF,3,0.00435413642961
CATWDDSLNGYVF,2,0.00290275761974
CAVWNDSLFVF,33,0.0478955007257
CCSYAGSDTVF,30,0.0435413642961
CCSYAGSGILF,10,0.0145137880987
CESASYPEGNF,11,0.0159651669086
CFSYADVNSYVF,3,0.00435413642961
CGTWDDDTDSYVF,2,0.00290275761974
CHHLTTF,6,0.00870827285922
CHHYGGSPWTF,3,0.00435413642961
CISFLFFSFF,7,0.0101596516691
CKHQVSSSWTF,2,0.00290275761974
CKQSIEIPLTF,2,0.00290275761974
CLHYDNSRFTF,2,0.00290275761974
CLQEHNLLTF,3,0.00435413642961
CLQGTHRPFYNF,2,0.00290275761974
CMQEMTF,4,0.00580551523948
CMQGTQIRSF,11,0.0159651669086
CMQSIQLPYTF,15,0.021770682148
CMQTSHFPHTF,2,0.00290275761974
CNFCAYPVLPLF,2,0.00290275761974
CQESFSTSSVTF,2,0.00290275761974
CQEYNYWPPYNF,5,0.00725689404935
CQHSNGYPVTF,3,0.00435413642961
CQHYDDSTWTF,2,0.00290275761974
CQHYNSFPWTF,8,0.011611030479
CQHYYSIFMYTF,6,0.00870827285922
CQNYNTVPQTF,6,0.00870827285922
CQQAKNFPWTF,37,0.0537010159652
CQQASTTHYTF,2,0.00290275761974
CQQFHSLPSTF,3,0.00435413642961
CQQFYDPPLTF,3,0.00435413642961
CQQGYVTPLTF,4,0.00580551523948
CQQNFIVPLTF,2,0.00290275761974
CQQPGTF,3,0.00435413642961
CQQRNHLFTF,3,0.00435413642961
CQQSRYSPYTF,4,0.00580551523948
CQQSYTTLRTF,2,0.00290275761974
CQQTHRTPWTF,6,0.00870827285922
CQQYDHFALTF,4,0.00580551523948
CQQYFGAFMYTF,17,0.0246734397678
CQQYFRGYTF,5,0.00725689404935
CQQYGNYAVTF,3,0.00435413642961
CQQYGQTF,2,0.00290275761974
CQQYGRLPLTF,3,0.00435413642961
CQQYIRPCTF,2,0.00290275761974
CQQYNSDWYTF,3,0.00435413642961
CQQYYTTLRTF,3,0.00435413642961
CQSYNAWRWTF,2,0.00290275761974
CQVYISRFTF,4,0.00580551523948
CQYYNAWRWTF,206,0.298984034833
CSLQAPPPGF,2,0.00290275761974
CSRLHQLHF,2,0.00290275761974
CSSFSDSGTLVVF,7,0.0101596516691
CSSFTSSNTRVF,2,0.00290275761974
CSSSTGSNTLF,5,0.00725689404935
CTLRGF,2,0.00290275761974
CTTLSITF,2,0.00290275761974
CVSFSLMTF,3,0.00435413642961
CVVSGFSFRNF,5,0.00725689404935
CVVSGFTFRNF,6,0.00870827285922
CVVSGFTFSNF,75,0.10885341074
CVVSGFTSSNF,3,0.00435413642961
