VJ,count,relative.frequency
IGHV3-IGHJ4,97,0.889908256881
IGHV3/OR15-IGHJ4,2,0.0183486238532
IGHV4-IGHJ4,10,0.0917431192661
