CDR3,count,relative.frequency
CAKDIQLLVAFDIW,2,0.0127388535032
CALDAFDLW,3,0.0191082802548
CAREAGGDYGDYW,18,0.114649681529
CARESPGQHFDSW,2,0.0127388535032
CARGSGYYFPLDYW,2,0.0127388535032
CCTTFDSW,2,0.0127388535032
CSAGNCKTVFDYW,2,0.0127388535032
CSNLDCPAMFDYW,2,0.0127388535032
CSRGSCYALDYW,44,0.28025477707
CSSTSCHHTFDYW,51,0.324840764331
CTRDPRLCDYW,6,0.0382165605096
CTRGTINDYW,3,0.0191082802548
CTRRGSHNSNYDYW,3,0.0191082802548
CTTNSQNDYW,5,0.031847133758
CVKEKGSGGYLDYW,2,0.0127388535032
CYALDYW,10,0.0636942675159
