CDR3,count,relative.frequency
CARDGGALYYFDSW,2,0.0178571428571
CARDRSGFFDVW,4,0.0357142857143
CARGDPSRQFDYW,10,0.0892857142857
CARSGWLEYFHQW,2,0.0178571428571
CARTDRSGFFDYW,6,0.0535714285714
CARTDTSGSFDYW,68,0.607142857143
CARTPDYW,2,0.0178571428571
CATGPLDYW,4,0.0357142857143
CATHLGLGFDYW,5,0.0446428571429
CSGGDCFYLDSW,2,0.0178571428571
CTRSSLSVTRDYW,3,0.0267857142857
CTRSSVTVVRDYW,2,0.0178571428571
CVLGFDIW,2,0.0178571428571
