CDR3,count,relative.frequency
CAAWDDSLNGYVF,6,0.0136363636364
CAAWDDSLSGREVF,3,0.00681818181818
CAAWDDSLSVVLF,2,0.00454545454545
CAAWDDTLSGPVF,9,0.0204545454545
CAIWYNSTVVF,4,0.00909090909091
CAIWYSSTVVF,3,0.00681818181818
CATWDDSLNGWVF,3,0.00681818181818
CATWDDSLSGPVF,2,0.00454545454545
CCSYAGSSTWVF,2,0.00454545454545
CETWDSKTQVF,2,0.00454545454545
CETWDSNTQVF,2,0.00454545454545
CGTWDSSLSVVF,3,0.00681818181818
CHSADSSGTYLVF,2,0.00454545454545
CHSADSSGTYVVF,11,0.025
CHSADSSGVYVVF,2,0.00454545454545
CLLSYSGPRVF,3,0.00681818181818
CMIWPSNVVF,7,0.0159090909091
CNSRDISGNHLVF,2,0.00454545454545
CNSRDSSGNHWVF,2,0.00454545454545
CQAWDSITVVF,2,0.00454545454545
CQAWDSNTALF,3,0.00681818181818
CQAWDSNTGVF,2,0.00454545454545
CQAWDSRTVVF,5,0.0113636363636
CQAWDSSDVVF,22,0.05
CQAWDSSLVF,3,0.00681818181818
CQAWDSSTGVF,8,0.0181818181818
CQAWDSSTVIF,2,0.00454545454545
CQAWDSSTVVF,9,0.0204545454545
CQSADSSGAVF,2,0.00454545454545
CQSADSSGTYPVVF,3,0.00681818181818
CQSADSSGTYVVF,40,0.0909090909091
CQSADSSGTYYVF,6,0.0136363636364
CQSFDSSLSGYVF,2,0.00454545454545
CQSHDSSLSGSVF,3,0.00681818181818
CQSTDSSDISYVF,2,0.00454545454545
CQSYDSSDRVF,4,0.00909090909091
CQSYDSSLNAYVF,6,0.0136363636364
CQSYDSSLRAYVF,2,0.00454545454545
CQSYDSSLRTSVF,2,0.00454545454545
CQSYDSSLSAYVF,163,0.370454545455
CQSYDSSLSAYVFGF,2,0.00454545454545
CQSYDSSNVVF,2,0.00454545454545
CQSYDSSSRVF,2,0.00454545454545
CQSYDTSLSATVF,2,0.00454545454545
CQSYDTSLSGSIF,2,0.00454545454545
CQTWGTDIQVF,2,0.00454545454545
CQTWGTGNWVF,2,0.00454545454545
CQVWDSGSDHLVVF,2,0.00454545454545
CQVWDSSSDHPVF,5,0.0113636363636
CQVWDSSSDHYVF,14,0.0318181818182
CQVWDSSSEHPVF,2,0.00454545454545
CQVWDSSTAVF,3,0.00681818181818
CQVWDSSTDHQVF,2,0.00454545454545
CSAWDDSLSGWVF,2,0.00454545454545
CSSYAGSNNLF,2,0.00454545454545
CSSYAGSNNLLF,2,0.00454545454545
CSSYTSSFTWVF,2,0.00454545454545
CSSYTSSSTLVF,4,0.00909090909091
CSSYTSSSTLVVF,2,0.00454545454545
CSSYTSSSTWVF,2,0.00454545454545
CSSYTSSSVVF,4,0.00909090909091
CSSYTSTNTLVF,2,0.00454545454545
CSYAGSYTFWVF,2,0.00454545454545
CYSADTSGEHRVF,6,0.0136363636364
CYSTDSSGNQRVF,2,0.00454545454545
CYSTDSSGSHRVF,5,0.0113636363636
