CDR3,count,relative.frequency
CAKDDF,4,0.014598540146
CAKDRGHTF,2,0.00729927007299
CAMMKTNAGKSTF,2,0.00729927007299
CAMWFDDTLNF,2,0.00729927007299
CARGF,2,0.00729927007299
CARVGGDCYNF,2,0.00729927007299
CARVMITF,2,0.00729927007299
CEQTYNLVWTF,4,0.014598540146
CESASYPEGNF,9,0.0328467153285
CHHYKGYSRTF,6,0.021897810219
CHQISISAWTF,16,0.0583941605839
CHQRNSWPRTF,2,0.00729927007299
CHQYADYPRTF,2,0.00729927007299
CHQYYASPWTF,2,0.00729927007299
CHQYYDPSSTF,6,0.021897810219
CHQYYTPPQTF,2,0.00729927007299
CILLLGGVGFSGF,2,0.00729927007299
CILYLGPRYGF,2,0.00729927007299
CLHSAQSPHTF,2,0.00729927007299
CLLLYSYLYAANF,2,0.00729927007299
CLQDYKYPRTF,3,0.0109489051095
CLQTYSVPLTF,3,0.0109489051095
CQHFGGTPYTF,2,0.00729927007299
CQHSGPHSALTF,2,0.00729927007299
CQLCEDSLWTF,2,0.00729927007299
CQLFEDSLWTF,3,0.0109489051095
CQQAYTVPPTF,5,0.0182481751825
CQQFFTDTWTF,4,0.014598540146
CQQFNLSSALTF,4,0.014598540146
CQQFTIYARTF,2,0.00729927007299
CQQFYDSPLTF,2,0.00729927007299
CQQGLSPTWTF,5,0.0182481751825
CQQGLTPTWTF,5,0.0182481751825
CQQGYTVRLTF,3,0.0109489051095
CQQHLDAAWTF,2,0.00729927007299
CQQIYNIAGTF,2,0.00729927007299
CQQSFSTRTF,2,0.00729927007299
CQQSYKIVWTF,2,0.00729927007299
CQQSYSIPLTF,3,0.0109489051095
CQQTHTLMWTF,2,0.00729927007299
CQQTYITPWTF,2,0.00729927007299
CQQTYLLVWTF,3,0.0109489051095
CQQTYSNVWTF,106,0.386861313869
CQQYKRYWTF,5,0.0182481751825
CQQYLIDSVTF,4,0.014598540146
CSSDLSTLF,2,0.00729927007299
CVKARVRFTF,16,0.0583941605839
CYFCIFDRCYITF,3,0.0109489051095
CYQHITVPCGF,2,0.00729927007299
