CDR3,count,relative.frequency
CAAHGGALDYW,14,0.0782122905028
CAGDCSHTFDVW,8,0.0446927374302
CAKGGRGKDVPDVW,2,0.0111731843575
CAKNSSQTSFDSW,2,0.0111731843575
CARAKLAHAFDLW,4,0.0223463687151
CARDGSFDYW,10,0.0558659217877
CARDYYYYMDVW,2,0.0111731843575
CAREASTAFDIW,2,0.0111731843575
CAREGGSAAFDIW,2,0.0111731843575
CARELTGRTDYW,2,0.0111731843575
CAREPYLRHTYFDLW,2,0.0111731843575
CARERETLGFDSW,2,0.0111731843575
CARGAPYGDNFDYW,4,0.0223463687151
CARGEAFDMW,2,0.0111731843575
CARGISVADYW,4,0.0223463687151
CARGITMWGRFDSW,4,0.0223463687151
CARGLVDYW,10,0.0558659217877
CARGNAGKDYW,7,0.0391061452514
CARGTQLFDYW,5,0.0279329608939
CARGTTYFESW,2,0.0111731843575
CARHNRCDSW,2,0.0111731843575
CARIGTSMAFDFW,6,0.0335195530726
CARINTALAFDFW,2,0.0111731843575
CARLDYNFDYW,2,0.0111731843575
CARMRRDAFDIW,4,0.0223463687151
CARRSGVDYW,2,0.0111731843575
CARTLSYRNFDYW,2,0.0111731843575
CARVSSSGWYYDLW,2,0.0111731843575
CARVWGSFDYW,4,0.0223463687151
CARWNFAFDIW,2,0.0111731843575
CASGYRTLDYW,2,0.0111731843575
CASRRPSDYW,5,0.0279329608939
CLADLDYW,2,0.0111731843575
CRGPSCYYFDNW,6,0.0335195530726
CSALTCYSDYW,2,0.0111731843575
CSGTICDYYDYW,3,0.0167597765363
CSRTACYPDFW,3,0.0167597765363
CSRTNCYVFDRW,3,0.0167597765363
CTRAPSLDYW,4,0.0223463687151
CTRGEYYFDYW,4,0.0223463687151
CTRQPVFDYW,3,0.0167597765363
CTSYSCPYYFDYW,3,0.0167597765363
CTTAGLDNWFDPW,3,0.0167597765363
CVKDGGEWDPDYW,4,0.0223463687151
CVKDIDYAFEIW,3,0.0167597765363
CVRMLSNSHFDSW,2,0.0111731843575
CVRPDWLDPW,2,0.0111731843575
CVRTPSGWYYFDYW,2,0.0111731843575
CYADLDYW,5,0.0279329608939
