CDR3,count,relative.frequency
CARVERTTIF,9,0.163636363636
CMHSLQSPPIF,2,0.0363636363636
CQAWDTNTLIF,2,0.0363636363636
CQHYYTTPFIF,32,0.581818181818
CSSSAGNRNLIF,6,0.109090909091
CTSYADNSKLIF,4,0.0727272727273
