CDR3,count,relative.frequency
CAANSDHLNF,11,0.100917431193
CAARVAFSEALVF,4,0.0366972477064
CAATVDFQARF,2,0.0183486238532
CAATVQKF,2,0.0183486238532
CAQEGVQLGF,2,0.0183486238532
CAYSLSPIPF,2,0.0183486238532
CDLCAPGYYGF,3,0.0275229357798
CESASYPEGNF,39,0.357798165138
CGATSSHSQLHGF,3,0.0275229357798
CIHHFKHHVSGF,2,0.0183486238532
CISFLFFSFF,2,0.0183486238532
CKPSSLWF,2,0.0183486238532
CLCAGSGVVF,3,0.0275229357798
CLLILVSILWTF,2,0.0183486238532
CNLVAFPQTF,2,0.0183486238532
CNLVAFSQTF,2,0.0183486238532
CPILNSNPSQPSGGF,5,0.045871559633
CSCAGNVVQVF,2,0.0183486238532
CSDVIIARCGF,3,0.0275229357798
CSRKPQWSGF,2,0.0183486238532
CSRKPVARSTGF,4,0.0366972477064
CSSDAYNTACGF,3,0.0275229357798
CTSAVAHLLPGF,5,0.045871559633
CVETNNGAGF,2,0.0183486238532
