VJ,count,relative.frequency
TRAV11-TRAJ48,2,0.0833333333333
TRAV14/DV4-TRAJ48,2,0.0833333333333
TRAV26-TRAJ35,2,0.0833333333333
TRAV34-TRAJ35,3,0.125
TRAV35-TRAJ35,3,0.125
TRAV36/DV7-TRAJ35,5,0.208333333333
TRAV8-TRAJ35,7,0.291666666667
