CDR3,count,relative.frequency
CMQATHFPPITF,3,0.1
CQQCGSSPWTF,2,0.0666666666667
CQQSSSTSYSF,2,0.0666666666667
CQQSYSFPRTF,2,0.0666666666667
CQQSYSTPYTF,5,0.166666666667
CQQYFSTPTF,5,0.166666666667
CQQYGSPPITF,2,0.0666666666667
CQQYGSSPITF,3,0.1
CQQYISTEPTF,2,0.0666666666667
CQQYNSYWTF,2,0.0666666666667
CQQYYITPITF,2,0.0666666666667
