VJ,count,relative.frequency
TRAV26-TRAJ48,4,0.266666666667
TRAV27-TRAJ35,2,0.133333333333
TRAV36/DV7-TRAJ35,2,0.133333333333
TRAV8-TRAJ35,7,0.466666666667
